{"type":"FeatureCollection","features":[{"type":"Feature","geometry":{"type":"Polygon","coordinates":[[[-105.761706808053,35.6748993536129],[-105.760617007883,35.6745390694238],[-105.76015863712,35.6736555282808],[-105.760600187828,35.6727663042328],[-105.761682986529,35.6723922850984],[-105.762772763343,35.6727525600048],[-105.763231157462,35.6736360899811],[-105.762789631009,35.6745253240416],[-105.761706808053,35.6748993536129]]]},"properties":{"name":"Unnamed ('72, southwest Pecos)","year":1972,"acres":15,"src":"history"}},{"type":"Feature","geometry":{"type":"Polygon","coordinates":[[[-105.482826636407,35.9724783612751],[-105.480696643732,35.9717711834975],[-105.48009361636,35.9710784052629],[-105.479805721583,35.9700468228673],[-105.479981948583,35.969210338242],[-105.480675695019,35.9683154151403],[-105.482796878815,35.9675911696336],[-105.484926777167,35.9682983114233],[-105.485631386032,35.9691876089131],[-105.485817790046,35.9700226339061],[-105.485542471683,35.9710564812819],[-105.484947910933,35.9717540768941],[-105.482826636407,35.9724783612751]]]},"properties":{"name":"Unnamed ('73, northeast Pecos)","year":1973,"acres":57,"src":"history"}},{"type":"Feature","geometry":{"type":"Polygon","coordinates":[[[-105.605590555849,35.6611567455491],[-105.604616583553,35.6608332254199],[-105.604208205831,35.6600424132746],[-105.60460463057,35.6592475614422],[-105.6055736253,35.6589142779656],[-105.606547576935,35.6592377912718],[-105.606955974419,35.6600285953284],[-105.606559568546,35.6608234539838],[-105.605590555849,35.6611567455491]]]},"properties":{"name":"Tijeras","year":1973,"acres":12,"src":"history"}},{"type":"Feature","geometry":{"type":"Polygon","coordinates":[[[-105.69615906212,35.8654106497874],[-105.694375622413,35.8648213959488],[-105.693626456212,35.8633782179743],[-105.69435037077,35.8619265315295],[-105.696123260662,35.8613166951839],[-105.697906633894,35.8619059255736],[-105.698655862078,35.8633490757559],[-105.697932013995,35.8648007878336],[-105.69615906212,35.8654106497874]]]},"properties":{"name":"Unnamed ('74, southwest Pecos)","year":1974,"acres":40,"src":"history"}},{"type":"Feature","geometry":{"type":"Polygon","coordinates":[[[-105.816441142145,35.8183856398481],[-105.814726078605,35.8178206231882],[-105.81400391127,35.8164333521183],[-105.814697633451,35.8150364863918],[-105.816400829348,35.8144482772779],[-105.818115830905,35.8150132713167],[-105.818838055732,35.8164005176659],[-105.818144394636,35.8177974045566],[-105.816441142145,35.8183856398481]]]},"properties":{"name":"Unnamed ('74, southwest Pecos, 37 ac)","year":1974,"acres":37,"src":"history"}},{"type":"Feature","geometry":{"type":"Polygon","coordinates":[[[-105.644765729656,35.7887050746898],[-105.643506124541,35.7882878514858],[-105.642977553133,35.7872671220694],[-105.643489623388,35.7862408259904],[-105.644742348306,35.7858101449464],[-105.646001921082,35.7862273556519],[-105.646530523931,35.7872480707308],[-105.646018486015,35.7882743800369],[-105.644765729656,35.7887050746898]]]},"properties":{"name":"Unnamed ('76, south Pecos)","year":1976,"acres":20,"src":"history"}},{"type":"Feature","geometry":{"type":"Polygon","coordinates":[[[-105.41476010335,35.7023172545869],[-105.41374662225,35.7019789161466],[-105.413323298359,35.7011551314007],[-105.413738095441,35.7003284660861],[-105.414748015619,35.6999831648146],[-105.415761476058,35.7003214949452],[-105.416184819712,35.7011452707962],[-105.41577004419,35.7019719444205],[-105.41476010335,35.7023172545869]]]},"properties":{"name":"Unnamed ('78, southeast Pecos)","year":1978,"acres":13,"src":"history"}},{"type":"Feature","geometry":{"type":"Polygon","coordinates":[[[-105.776989853169,35.9796638046447],[-105.776096548687,35.9793698056949],[-105.775720664826,35.9786485010676],[-105.776082377764,35.977922426834],[-105.776969788398,35.97761690274],[-105.777863075812,35.9779108958613],[-105.778238974944,35.9786321934179],[-105.777877279075,35.9793582734797],[-105.776989853169,35.9796638046447]]]},"properties":{"name":"Unnamed ('81, northwest Pecos)","year":1981,"acres":10,"src":"history"}},{"type":"Feature","geometry":{"type":"Polygon","coordinates":[[[-105.476667641292,36.0670487228535],[-105.478132083852,36.0672840341915],[-105.479562147885,36.0680874665683],[-105.480351949378,36.0691166067687],[-105.480619799148,36.0703101373802],[-105.480328211396,36.0714991655323],[-105.479339229151,36.072659438836],[-105.478071532011,36.0733001645105],[-105.476602415518,36.0735179217311],[-105.475137518411,36.0732826029027],[-105.473883189102,36.0726249295963],[-105.472917665461,36.071449934969],[-105.472649916302,36.0702563867995],[-105.4729419595,36.0690673747142],[-105.473931003729,36.0679071442713],[-105.475198293033,36.0672664719667],[-105.476667641292,36.0670487228535]]]},"properties":{"name":"Canon De Samuel","year":1982,"acres":100,"src":"history"}},{"type":"Feature","geometry":{"type":"Polygon","coordinates":[[[-105.621957142571,35.6841785996049],[-105.621503251706,35.6836309619691],[-105.622575549999,35.6827846388009],[-105.624234988061,35.6822621104662],[-105.62482133282,35.6824777033725],[-105.62478043522,35.6829895881662],[-105.62384485153,35.6840944305809],[-105.621957142571,35.6841785996049]]]},"properties":{"name":"Unnamed ('86, south Pecos)","year":1986,"acres":9,"src":"history"}},{"type":"Feature","geometry":{"type":"Polygon","coordinates":[[[-105.797475559524,35.9250870677736],[-105.793316079484,35.9252250874212],[-105.792762243857,35.9242572942459],[-105.792862807558,35.9234339303674],[-105.792393895963,35.9215662410238],[-105.792531277116,35.9203369138355],[-105.79157439437,35.9196197092765],[-105.791616918819,35.9188463330912],[-105.794766835312,35.9187849255635],[-105.795669803869,35.9190629421284],[-105.797080754448,35.9201535093669],[-105.798879808671,35.9200175760356],[-105.80109246881,35.921224463324],[-105.801101482506,35.9221192280786],[-105.800110205963,35.9230206738975],[-105.800345810706,35.9238530639566],[-105.800134299677,35.9244517776873],[-105.798736379161,35.9256331559295],[-105.797475559524,35.9250870677736]]]},"properties":{"name":"Alamo","year":1987,"acres":113,"src":"history"}},{"type":"Feature","geometry":{"type":"Polygon","coordinates":[[[-105.521808201711,35.7521735951781],[-105.520890085762,35.7521077069316],[-105.520448076015,35.7516385237084],[-105.521218124452,35.7501993503242],[-105.520604850896,35.7491200705856],[-105.521233453304,35.7484163302645],[-105.522188585234,35.7485474223928],[-105.522677525666,35.7482635329228],[-105.523600691046,35.7494767064267],[-105.523730049345,35.7502830843001],[-105.523536523487,35.7509736657054],[-105.521808201711,35.7521735951781]]]},"properties":{"name":"Burro","year":1987,"acres":22,"src":"history"}},{"type":"Feature","geometry":{"type":"Polygon","coordinates":[[[-105.438270772338,35.6607269540546],[-105.436878854365,35.6606892199639],[-105.436207993409,35.6596660397953],[-105.436885849546,35.6574725764513],[-105.438279495878,35.6566357164569],[-105.442273685007,35.6572251296693],[-105.441284291333,35.6579906702299],[-105.44190922592,35.6598187012188],[-105.441728429189,35.6604031745403],[-105.439708287897,35.6603272119132],[-105.438270772338,35.6607269540546]]]},"properties":{"name":"Unnamed ('87, southeast Pecos)","year":1987,"acres":45,"src":"history"}},{"type":"Feature","geometry":{"type":"Polygon","coordinates":[[[-105.845588631744,35.9033697711556],[-105.845155198212,35.9030234601953],[-105.842751281359,35.9033874724958],[-105.840908244722,35.9031209121735],[-105.841517302484,35.9022939461621],[-105.841980051637,35.9000773090522],[-105.842463112596,35.8997515965396],[-105.843559403094,35.9003366895216],[-105.845886994589,35.9003586243937],[-105.847009370366,35.9008533435033],[-105.847435462865,35.9015851236451],[-105.849067965841,35.9019184457069],[-105.849232533608,35.9026723525181],[-105.848006297312,35.9034834418215],[-105.845588631744,35.9033697711556]]]},"properties":{"name":"Oso","year":1988,"acres":52,"src":"history"}},{"type":"Feature","geometry":{"type":"Polygon","coordinates":[[[-105.859962297924,35.9247658447026],[-105.857980157164,35.9251091107204],[-105.855279233024,35.9242606266929],[-105.853066863939,35.9241636794144],[-105.85192289356,35.923270227575],[-105.852275980874,35.9214735781819],[-105.85183729669,35.9206156793454],[-105.850970773682,35.9199456419192],[-105.85099268449,35.9193391782635],[-105.851844966506,35.9186817361618],[-105.854337105107,35.9186865500357],[-105.858317373044,35.9198955637174],[-105.859792013278,35.9212869609007],[-105.861779574472,35.9241059249099],[-105.863179656335,35.9247427359529],[-105.862762775161,35.9252371003778],[-105.861894183333,35.9255070582526],[-105.860300259405,35.9253314144631],[-105.859962297924,35.9247658447026]]]},"properties":{"name":"Bean","year":1988,"acres":118,"src":"history"}},{"type":"Feature","geometry":{"type":"Polygon","coordinates":[[[-105.798703875419,35.9685126067338],[-105.796020489088,35.9679782338525],[-105.794063618836,35.965268441283],[-105.792239180918,35.9644578242476],[-105.791746517867,35.9640914311964],[-105.791706131408,35.9635507354459],[-105.79212345635,35.9633496444376],[-105.795656402802,35.9636733587565],[-105.797066894342,35.9651921553694],[-105.798076989691,35.964901445612],[-105.798909261734,35.9651934182951],[-105.798660520927,35.9673385895719],[-105.799158949366,35.9682729143053],[-105.798703875419,35.9685126067338]]]},"properties":{"name":"Rio En Medio","year":1989,"acres":45,"src":"history"}},{"type":"Feature","geometry":{"type":"Polygon","coordinates":[[[-105.687880286378,35.8804831055794],[-105.689277628378,35.8802947583211],[-105.689632211387,35.8789448340327],[-105.690444304574,35.8790167952304],[-105.691078324722,35.8796330031617],[-105.691354579129,35.8809071656769],[-105.690819016133,35.8821860087917],[-105.690736500485,35.8840077160782],[-105.689972899255,35.8847040851622],[-105.689206405451,35.8847062402175],[-105.688210711892,35.883907279068],[-105.686667871561,35.8817252418061],[-105.687880286378,35.8804831055794]]]},"properties":{"name":"Horsethief","year":1989,"acres":40,"src":"history"}},{"type":"Feature","geometry":{"type":"Polygon","coordinates":[[[-105.726258645545,36.0101102831135],[-105.72565785408,36.0094828111693],[-105.725809391783,36.0091032244754],[-105.728546317705,36.0084983382669],[-105.729317251882,36.0079053606015],[-105.730813091459,36.0074116530227],[-105.73119720838,36.0069900719737],[-105.731316474107,36.0058961730837],[-105.733184895337,36.0065158659931],[-105.734487851351,36.0075153987256],[-105.734725970479,36.0081044872388],[-105.734551982978,36.0088606273],[-105.733185066017,36.0093107781458],[-105.731064313413,36.0093868412001],[-105.730138785464,36.010023587543],[-105.728689751707,36.0100324084676],[-105.727969058507,36.0104357399939],[-105.726258645545,36.0101102831135]]]},"properties":{"name":"Catus","year":1990,"acres":47,"src":"history"}},{"type":"Feature","geometry":{"type":"Polygon","coordinates":[[[-105.860061666865,35.9305239779085],[-105.859623704028,35.9297472459374],[-105.860856557314,35.9292650762639],[-105.86126246377,35.9294176861285],[-105.861649739167,35.9301834980443],[-105.863558687892,35.9306183140561],[-105.863863987528,35.9316484183871],[-105.862692764061,35.9316500870008],[-105.860061666865,35.9305239779085]]]},"properties":{"name":"Frijoles","year":1992,"acres":12,"src":"history"}},{"type":"Feature","geometry":{"type":"Polygon","coordinates":[[[-105.811921782629,35.9887047845446],[-105.808750794355,35.9898261437501],[-105.80584904824,35.9884865659578],[-105.803398639977,35.9882979030876],[-105.801085447578,35.9890323904048],[-105.796011200508,35.9899632638705],[-105.794430606681,35.9894328085607],[-105.788469274166,35.9898215319117],[-105.786696192034,35.9891389630307],[-105.784722829612,35.9892330474773],[-105.780060697255,35.9846767037133],[-105.779688482114,35.9833447894859],[-105.778849973966,35.9823945616141],[-105.777107939408,35.9817770205793],[-105.774114204909,35.9798782799142],[-105.770482034144,35.9738272880703],[-105.769955063534,35.9723475735366],[-105.768809596562,35.9717080395381],[-105.769029654162,35.9709177434028],[-105.768623051512,35.9700886473385],[-105.767646670833,35.9692609413835],[-105.765875472469,35.9686704591131],[-105.764554319282,35.9675203526647],[-105.762554254438,35.9668388843204],[-105.761802041152,35.9655949724],[-105.754554168436,35.9640202104655],[-105.751684272987,35.9616760932453],[-105.750198743375,35.9611759980563],[-105.745954190183,35.9579612988248],[-105.741472806048,35.9568801388975],[-105.737441602735,35.9544121149383],[-105.736771275379,35.9536093199976],[-105.734333825314,35.9528151006134],[-105.733665188587,35.9521903391339],[-105.733654405211,35.9510228503023],[-105.732653717917,35.9503099543013],[-105.732304290339,35.9483376111294],[-105.730955908318,35.9458304152607],[-105.732272816066,35.9449230616208],[-105.736899033778,35.9435490876358],[-105.739991085292,35.9435300461926],[-105.742097913111,35.9444141099211],[-105.743535303804,35.9445855208276],[-105.746533249605,35.9462731412868],[-105.747972360572,35.9466225682191],[-105.749648775894,35.9476286208749],[-105.751955179724,35.948195701885],[-105.754965484547,35.9498334543409],[-105.758667475969,35.9504840299991],[-105.761864809135,35.9516561030479],[-105.763147630311,35.9525269900834],[-105.764243731264,35.9538678719215],[-105.76482865938,35.9550564901571],[-105.764970635416,35.9565567188615],[-105.765934310323,35.957380022058],[-105.76733929519,35.9576820898332],[-105.771818124517,35.9577051824092],[-105.77255731313,35.9588116265053],[-105.775760323649,35.9602267132264],[-105.776796220411,35.9613312024314],[-105.779597816949,35.9624693044813],[-105.780974556089,35.9634791310516],[-105.781886514985,35.9635655949437],[-105.783899398788,35.9630115003586],[-105.785407282977,35.9616109453064],[-105.785970812324,35.9598288830474],[-105.788807566227,35.9608358109344],[-105.789489075812,35.9606464980908],[-105.790279052477,35.9598997534502],[-105.790383387305,35.9589276112008],[-105.791172071294,35.9580884412539],[-105.793780598317,35.9569599987784],[-105.794690642904,35.9568615653157],[-105.798005157706,35.9579958299473],[-105.800280920901,35.9577958351387],[-105.80167046822,35.9600562800567],[-105.803501254532,35.9608779907532],[-105.808347132789,35.9613998865268],[-105.810964042891,35.9611049797411],[-105.813017865617,35.961460726529],[-105.81393504642,35.9620562993517],[-105.814897083699,35.9614479621588],[-105.815135208216,35.9624651309384],[-105.816274745408,35.9625047083313],[-105.815735343013,35.9654249863313],[-105.81581643034,35.9677843155537],[-105.816809492734,35.9701870243283],[-105.816449642903,35.9739851109213],[-105.816807542492,35.9755559236261],[-105.817680035703,35.9773103037412],[-105.817398331216,35.9775894556882],[-105.817353078584,35.9787482900273],[-105.817757411192,35.9836748977943],[-105.816828413949,35.983104222556],[-105.81608630132,35.9857711796941],[-105.816873930686,35.9875576950315],[-105.816604486407,35.9890313473701],[-105.817296176599,35.9898132647634],[-105.81724840509,35.9906948719412],[-105.813464881675,35.9889490159156],[-105.811921782629,35.9887047845446]]]},"properties":{"name":"Quemado","year":1993,"acres":4249,"src":"history"}},{"type":"Feature","geometry":{"type":"Polygon","coordinates":[[[-105.842648261664,35.908962245921],[-105.841842731569,35.9087672951135],[-105.841419805632,35.90967635447],[-105.840621698316,35.9101845825026],[-105.839321449824,35.9099412454667],[-105.837087499612,35.9091025950711],[-105.833912144628,35.9068617279047],[-105.834227067915,35.904330585766],[-105.833490298465,35.9024266085976],[-105.830982769927,35.9009000311999],[-105.830464762707,35.9009036156752],[-105.828387188525,35.8985535621573],[-105.825674783017,35.8932438735139],[-105.826032028632,35.8919341152558],[-105.831753725664,35.889579770894],[-105.833912460835,35.8892131755491],[-105.837533918291,35.8869272247114],[-105.845940922252,35.8873190609171],[-105.848256620951,35.8882426158504],[-105.852061659017,35.8876904844298],[-105.853060929668,35.8872438700524],[-105.8549916832,35.8872301322864],[-105.856234693736,35.8879132310081],[-105.856318670944,35.888541493053],[-105.857101187998,35.8894780615319],[-105.858268392403,35.8902856552302],[-105.861598788521,35.8911430933256],[-105.86222800897,35.8922069572992],[-105.866196360755,35.8948808722174],[-105.867604970325,35.8965679337094],[-105.868689689624,35.8968733899266],[-105.868850277854,35.8974379678682],[-105.868009878753,35.8982622361359],[-105.868100103743,35.899453928122],[-105.868650216752,35.9003312509181],[-105.869586754453,35.9012035103794],[-105.872225845756,35.9023789503876],[-105.871249905251,35.9049623156453],[-105.872899769069,35.9074634850308],[-105.872841171963,35.9091611361403],[-105.872336223551,35.9100438503817],[-105.872336657438,35.9110626368748],[-105.873085837113,35.9117626735573],[-105.873599654591,35.9135170161502],[-105.872675895425,35.9138257609385],[-105.872161392533,35.9147243300169],[-105.873068532866,35.9156756601967],[-105.873077674122,35.9165095585926],[-105.871935738428,35.9176132875154],[-105.870249358993,35.9209703891782],[-105.870155166144,35.9233782915047],[-105.86945061567,35.9245486976971],[-105.867826457145,35.9250923868299],[-105.866055960365,35.9252111161918],[-105.864203075497,35.9246970574703],[-105.861400205148,35.9227562769957],[-105.856086779837,35.9177725023716],[-105.850238805728,35.9136848403118],[-105.849984561841,35.9130329882947],[-105.848986191302,35.9121362210911],[-105.843961113519,35.9103617398223],[-105.842648261664,35.908962245921]]]},"properties":{"name":"Frijoles","year":1993,"acres":2621,"src":"history"}},{"type":"Feature","geometry":{"type":"Polygon","coordinates":[[[-105.411966652735,35.7870198820644],[-105.408234614464,35.7863091592297],[-105.405219199125,35.7862247789075],[-105.404683161819,35.7855999676454],[-105.404393445258,35.7815120963083],[-105.405164562691,35.7805650255281],[-105.405081552969,35.7794698367081],[-105.405578498289,35.7791435695777],[-105.407514774663,35.7790062348154],[-105.407427311992,35.7786030554475],[-105.408647075926,35.7778415194503],[-105.408880149217,35.7765649248715],[-105.40968619764,35.777188780998],[-105.409992584237,35.7786145513362],[-105.414167809947,35.7803109521202],[-105.416946890212,35.782257792666],[-105.416036378502,35.7839695416369],[-105.417290071804,35.7850696551523],[-105.417644936884,35.7859474920024],[-105.415257321758,35.7862308177878],[-105.414352683233,35.7869575153902],[-105.412556440737,35.786255974562],[-105.412417665398,35.7868379943701],[-105.411966652735,35.7870198820644]]]},"properties":{"name":"Rito","year":1994,"acres":212,"src":"history"}},{"type":"Feature","geometry":{"type":"Polygon","coordinates":[[[-105.467146637446,35.6658112188422],[-105.465366031924,35.6660458117453],[-105.46444906492,35.6651071615825],[-105.464789118577,35.6644431389088],[-105.465496027129,35.6642307596408],[-105.464946185411,35.6635453957157],[-105.464579529045,35.6638466134271],[-105.464238882499,35.6636315438432],[-105.463139358066,35.6639536316423],[-105.462170135164,35.6635245879625],[-105.462117909808,35.6641672041974],[-105.461384838722,35.6643368358564],[-105.460861503594,35.6648933631056],[-105.460494559766,35.6647865709373],[-105.46025887687,35.664210433757],[-105.459159211402,35.6652357612249],[-105.458975732302,35.6644881031292],[-105.458242565994,35.6647027981926],[-105.457797192954,35.6641026590467],[-105.459027866029,35.6634622850942],[-105.45745625805,35.6625012966963],[-105.457613590785,35.6621806101948],[-105.458215803385,35.6620723685575],[-105.458058422141,35.6615387479718],[-105.457246413396,35.6608768859451],[-105.456591880219,35.6607689366764],[-105.45601557054,35.6600858764369],[-105.455020641447,35.6599792165144],[-105.454575374408,35.6595098024111],[-105.455701106291,35.6591245795364],[-105.455779498673,35.6588244884687],[-105.456172350811,35.6590596712077],[-105.45622441986,35.6577137731168],[-105.456800563351,35.6582480535368],[-105.45850240908,35.656943184098],[-105.461618295593,35.6572648237128],[-105.464132389019,35.6580553181266],[-105.464472831647,35.6584169051133],[-105.464734620484,35.6580755185764],[-105.466986453458,35.6576903296568],[-105.470101412909,35.6559582754742],[-105.471044184919,35.6565361203216],[-105.471044678992,35.6570906246471],[-105.471830646475,35.6579463380861],[-105.472564549401,35.659634019404],[-105.473717140013,35.6603597976753],[-105.473612698285,35.6609147148295],[-105.472905609172,35.6611496826717],[-105.473272327522,35.661450281012],[-105.473141387289,35.6617280570541],[-105.473612977661,35.6618975048627],[-105.473980199067,35.6629870300776],[-105.474033091871,35.6646345605327],[-105.473431016713,35.664997600736],[-105.473379181227,35.6655748598108],[-105.4720435993,35.6659159887718],[-105.471624749019,35.6658522704605],[-105.471179003178,35.6651484945457],[-105.471336167929,35.6645708244127],[-105.470288804173,35.6649558874544],[-105.469686722726,35.6658531279983],[-105.469241344297,35.6656813086386],[-105.468927304053,35.6660026218598],[-105.468168145892,35.6659605025946],[-105.467382238596,35.6652986181056],[-105.467146637446,35.6658112188422]],[[-105.466097618993,35.6621140796963],[-105.466045459214,35.6620511662992],[-105.466019112526,35.6620918425165],[-105.466097618993,35.6621140796963]],[[-105.463556317394,35.6586751672878],[-105.464237091259,35.6585463059978],[-105.464629847277,35.6585244962678],[-105.464237102039,35.6583096181772],[-105.464027740678,35.6585245626875],[-105.4637921548,35.6582031449235],[-105.463556317394,35.6586751672878]],[[-105.464814178879,35.660726030044],[-105.465625733974,35.6604050510339],[-105.46538970343,35.6595922369016],[-105.464499463102,35.6599766422522],[-105.464814178879,35.660726030044]]]},"properties":{"name":"Tecolote","year":1995,"acres":304,"src":"history"}},{"type":"Feature","geometry":{"type":"Polygon","coordinates":[[[-105.633586196844,36.0599755495676],[-105.634977642303,36.0601980864683],[-105.636170362455,36.060820607813],[-105.637089480026,36.0619359420628],[-105.637346339807,36.0630683160753],[-105.637071591874,36.064199007979],[-105.636134182807,36.0653016723992],[-105.634931837207,36.0659121247831],[-105.633299055753,36.0661146084442],[-105.631927409162,36.065819831772],[-105.630629247457,36.0649904547587],[-105.629954236285,36.0639774685222],[-105.629785547047,36.0628355990882],[-105.630147604039,36.0617202412819],[-105.630988618487,36.0607939369761],[-105.632191262328,36.0601835320234],[-105.633586196844,36.0599755495676]]]},"properties":{"name":"Dinner","year":1995,"acres":90,"src":"history"}},{"type":"Feature","geometry":{"type":"Polygon","coordinates":[[[-105.893069838874,35.6564644765143],[-105.892094810159,35.6561432949782],[-105.891683642271,35.6553534954957],[-105.892077177129,35.6545577342247],[-105.893044874692,35.6542221538079],[-105.894019881847,35.6545433277416],[-105.894431069499,35.6553331199075],[-105.894037554404,35.6561288880512],[-105.893069838874,35.6564644765143]]]},"properties":{"name":"Corral","year":1996,"acres":12,"src":"history"}},{"type":"Feature","geometry":{"type":"Polygon","coordinates":[[[-105.790402378589,36.0724292537594],[-105.79318801386,36.0729450223989],[-105.795166886549,36.074124228397],[-105.796471778432,36.0758127619921],[-105.796920135675,36.0777729457056],[-105.796448390794,36.079727986098],[-105.795123128713,36.081404691873],[-105.793130077016,36.0825674079183],[-105.790337902907,36.0830636972014],[-105.78792880008,36.0826806311631],[-105.785573286251,36.0813662907455],[-105.784268208416,36.0796798860127],[-105.783820151211,36.0777196503671],[-105.784292198824,36.0757646645943],[-105.785617923538,36.0740858113708],[-105.787610875521,36.0729232189543],[-105.790402378589,36.0724292537594]]]},"properties":{"name":"Trampas","year":1996,"acres":270,"src":"history"}},{"type":"Feature","geometry":{"type":"Polygon","coordinates":[[[-105.793952804459,35.9965894967243],[-105.792275068614,35.9962988633579],[-105.79114131747,35.9956648377586],[-105.790342809505,35.9947539335587],[-105.789957971238,35.9933954667159],[-105.790185957369,35.9922925214409],[-105.791095841157,35.9911107973911],[-105.79253498626,35.9903522767978],[-105.793888264099,35.9901491149633],[-105.79556587418,35.9904397281057],[-105.796699584002,35.9910737128457],[-105.797633027905,35.9922432362608],[-105.797883087439,35.9933430162245],[-105.797525526515,35.9947063956927],[-105.79674538281,35.9956277473595],[-105.795624491948,35.9962766949149],[-105.793952804459,35.9965894967243]]]},"properties":{"name":"Baby Clint","year":1997,"acres":99,"src":"history"}},{"type":"Feature","geometry":{"type":"Polygon","coordinates":[[[-105.832274416152,35.6901433819613],[-105.830732483119,35.689634774475],[-105.830083038898,35.6883856556593],[-105.83070648857,35.6871277552196],[-105.832237587022,35.6865979225523],[-105.833779471545,35.6871065114612],[-105.83442896158,35.6883556094488],[-105.833805561316,35.6896135284659],[-105.832274416152,35.6901433819613]]]},"properties":{"name":"Pacheco","year":1998,"acres":30,"src":"history"}},{"type":"Feature","geometry":{"type":"Polygon","coordinates":[[[-105.598906566417,35.6519587953324],[-105.598529756393,35.6516563670501],[-105.59849142528,35.6510998015626],[-105.598894537077,35.6503471889889],[-105.600486359845,35.6491152804363],[-105.601988292695,35.6495247697608],[-105.603416858338,35.6492674087097],[-105.602897634799,35.6503632371809],[-105.601178028478,35.6516341247684],[-105.598906566417,35.6519587953324]]]},"properties":{"name":"Tijeras","year":1998,"acres":21,"src":"history"}},{"type":"Feature","geometry":{"type":"Polygon","coordinates":[[[-105.741673638802,35.9714462250119],[-105.740921186564,35.9710000951244],[-105.743583263959,35.9697709827709],[-105.744948359136,35.970055518125],[-105.746194121212,35.9713235156254],[-105.744216814287,35.9715454211094],[-105.742887905047,35.9723876301626],[-105.741472873421,35.9722521312624],[-105.741673638802,35.9714462250119]]]},"properties":{"name":"Limber","year":1998,"acres":20,"src":"history"}},{"type":"Feature","geometry":{"type":"Polygon","coordinates":[[[-105.686440401063,35.6703104079461],[-105.684376826227,35.6704006260422],[-105.684244532233,35.6691720043576],[-105.683749786887,35.6682907106914],[-105.683035856205,35.6680175012133],[-105.6828109486,35.6672026809758],[-105.686113055872,35.6665195254342],[-105.68738137195,35.6671505209234],[-105.688419303396,35.6685727555864],[-105.688404473109,35.6690855170179],[-105.687815282487,35.6691568911561],[-105.687716347431,35.6695811981829],[-105.686776134722,35.6698376698487],[-105.686440401063,35.6703104079461]]]},"properties":{"name":"La Salle","year":2000,"acres":35,"src":"history"}},{"type":"Feature","geometry":{"type":"Polygon","coordinates":[[[-105.438834775098,35.7700051403461],[-105.434458716633,35.769329150686],[-105.430148637629,35.76959046042],[-105.427473491544,35.7689576655181],[-105.427342368055,35.7679663476849],[-105.428063620007,35.7657885853169],[-105.427873567035,35.7642542677618],[-105.43036077658,35.7638508627107],[-105.433041383524,35.7655226943024],[-105.435350273891,35.7657622237466],[-105.436385498713,35.7663016815179],[-105.439134790843,35.7693616321406],[-105.438834775098,35.7700051403461]]]},"properties":{"name":"Lone Pine","year":2000,"acres":110,"src":"history"}},{"type":"Feature","geometry":{"type":"Polygon","coordinates":[[[-105.568239215393,35.7788918485163],[-105.564824075804,35.7777043092493],[-105.563219258007,35.7779733224996],[-105.562194703374,35.7785529126852],[-105.55941981375,35.7769429657932],[-105.558835894442,35.7761590212232],[-105.558821980436,35.7741687630197],[-105.557212835455,35.7738629360593],[-105.555856217679,35.7728729380753],[-105.555528127784,35.771880422713],[-105.555972444405,35.7710917015999],[-105.554693989042,35.7720939080796],[-105.554239135183,35.7713634427266],[-105.552960626819,35.7723633761603],[-105.551996764164,35.7724196560476],[-105.55167235826,35.7719500590863],[-105.553642623292,35.7687988397183],[-105.552666017136,35.768305196714],[-105.552437513575,35.7686556225335],[-105.548281654644,35.7676964317466],[-105.539034936997,35.7646683027208],[-105.533956643016,35.7645129387266],[-105.531106937204,35.7628801311278],[-105.529398926336,35.7604848668778],[-105.528743953883,35.7576746885948],[-105.528498391315,35.7576532274501],[-105.526577216519,35.7528289826207],[-105.525766510332,35.7473867345773],[-105.522687695494,35.744109271417],[-105.522060751376,35.738546735132],[-105.521395786063,35.7372648075428],[-105.520175373545,35.7363346743775],[-105.521239377694,35.734795040416],[-105.524871923056,35.7346259370326],[-105.523597121141,35.7337794667723],[-105.52265676021,35.7326565357058],[-105.523881334622,35.7315872957248],[-105.525003834367,35.7319768357027],[-105.525597734856,35.7314873665526],[-105.525109799638,35.7310634807141],[-105.525703489921,35.7305447092421],[-105.526900438443,35.7309046135492],[-105.526294149289,35.7295075061946],[-105.527112927737,35.7291680580537],[-105.52774164513,35.7282523999751],[-105.525342451619,35.7267098699206],[-105.525563362618,35.7262535857818],[-105.529777719841,35.7257166263068],[-105.530924363605,35.7241292150193],[-105.531061300991,35.7222712564891],[-105.530685387485,35.7219077745779],[-105.527880658522,35.7210387915979],[-105.52731718487,35.720522837107],[-105.527313382301,35.7199458056635],[-105.529141629974,35.7198160426817],[-105.530257607052,35.7192926870497],[-105.53108024646,35.719503187597],[-105.531563706271,35.719257605516],[-105.53148544145,35.7187102321084],[-105.531966247638,35.7180679362798],[-105.532413403834,35.7179757868197],[-105.533911121788,35.7186994671109],[-105.534953977798,35.7183589540279],[-105.535964011164,35.7186903146739],[-105.536633177897,35.7183221661583],[-105.537822559011,35.7167006765253],[-105.536638389922,35.7151799723301],[-105.53393571227,35.7135803666187],[-105.53284525633,35.7115362648694],[-105.529503281826,35.7082578536109],[-105.527376143099,35.7054496373576],[-105.525842539246,35.7042121116677],[-105.525162226216,35.703081295431],[-105.525620524216,35.697698823286],[-105.526148320379,35.6961231678283],[-105.526854734857,35.6944002229545],[-105.530824735949,35.6910174003422],[-105.534516789308,35.689299203606],[-105.535722486523,35.6880608486721],[-105.537554404712,35.6868377200808],[-105.539550469359,35.6868716003241],[-105.540236175873,35.6864853238377],[-105.545077861692,35.6826405481704],[-105.546262059527,35.6813751355943],[-105.54632786741,35.6807459505282],[-105.547660006094,35.6805685701924],[-105.547865951162,35.6798801417369],[-105.5449194393,35.6800084986723],[-105.544213839594,35.6794391633907],[-105.54407014059,35.6789236306708],[-105.544482146607,35.6776053791052],[-105.545526079697,35.6763406171306],[-105.547074246139,35.6769647252599],[-105.549880908276,35.6769519121452],[-105.550443991161,35.6772355982133],[-105.552334354641,35.6765957820382],[-105.555055897812,35.6744644089683],[-105.558858188831,35.6732430999194],[-105.564144616174,35.6690979446071],[-105.568461675088,35.6650991517401],[-105.569160784466,35.6647509757056],[-105.570039315254,35.6649203762285],[-105.571261375282,35.6641684668115],[-105.573436317858,35.6641874052906],[-105.574417329352,35.6640114208204],[-105.575230458296,35.6634372486184],[-105.576658445424,35.6634844985374],[-105.579741649431,35.6626762320536],[-105.580999873835,35.6617865528845],[-105.58134239786,35.6611717909283],[-105.582740046186,35.6604211723815],[-105.582978510266,35.6605980902367],[-105.584137665766,35.6596705475086],[-105.585499826147,35.6595534643898],[-105.588555379111,35.6564684902626],[-105.590419215341,35.6552894833583],[-105.591249202069,35.6552493365148],[-105.591468890462,35.6549394492401],[-105.594319119094,35.6551350198697],[-105.595953683704,35.6542884076707],[-105.597120023031,35.6507888105524],[-105.601098117944,35.6474644886802],[-105.603273256352,35.64472165195],[-105.60479911493,35.6434607133941],[-105.607140553057,35.6425653164553],[-105.61066425854,35.6400972820048],[-105.612979075991,35.6362783549263],[-105.614123556613,35.6353325649951],[-105.618016949377,35.6350917169086],[-105.618369579449,35.6369157030729],[-105.61932055667,35.6372421579017],[-105.619498551555,35.6383479963126],[-105.621267260688,35.6393058688583],[-105.621665506311,35.6425947688671],[-105.623130090804,35.6436646409502],[-105.623237547278,35.6442568976616],[-105.625375517892,35.6454923019374],[-105.635146702544,35.6438947859286],[-105.636839361203,35.6440593935901],[-105.638409486963,35.6453516648115],[-105.638421214469,35.6468257676009],[-105.639419896723,35.6474831661353],[-105.639428122596,35.6485154796507],[-105.640717240961,35.651605715137],[-105.645645123725,35.6579177883711],[-105.646371222986,35.6583556909018],[-105.650710127131,35.6587763212475],[-105.651618350833,35.6593597212481],[-105.651446177929,35.660393015491],[-105.650430342344,35.6611017847127],[-105.651217394992,35.6613003874211],[-105.650871280402,35.661874800515],[-105.650881048682,35.6630784198225],[-105.652154178832,35.6643292820825],[-105.653068645825,35.6646105834088],[-105.651890258293,35.6663931807967],[-105.651830409834,35.6676535267286],[-105.650644143179,35.6684331049146],[-105.652219839391,35.6724029833726],[-105.652460735211,35.676123124951],[-105.653101722692,35.6773210638782],[-105.653949986543,35.6780602911394],[-105.654312056112,35.679433291534],[-105.655650011388,35.6886158045434],[-105.6556012158,35.6912194868148],[-105.655187234388,35.6920805440986],[-105.655210187241,35.6948867259462],[-105.654390596716,35.6976388750216],[-105.651965164313,35.7014591484773],[-105.651344134703,35.7027811398502],[-105.651284718333,35.7040978279435],[-105.650109420107,35.7063357004247],[-105.649064436887,35.70731509869],[-105.648595033015,35.7100089739765],[-105.647975252063,35.7114999844314],[-105.646367548877,35.7123674405132],[-105.644052210402,35.7124948370753],[-105.641241137537,35.7121086540633],[-105.640614114367,35.7127138332888],[-105.639155136259,35.7146104927836],[-105.639116074816,35.7185034403366],[-105.638634533806,35.719766018216],[-105.635206765701,35.7213304723795],[-105.633034439918,35.723106856385],[-105.632356286439,35.7248663325502],[-105.627771157668,35.73107323188],[-105.62658585221,35.7321681310083],[-105.624138187402,35.7334408900038],[-105.623302880851,35.734360362633],[-105.622351192164,35.7384022968432],[-105.620407888269,35.7413313365803],[-105.617193744031,35.7434667028221],[-105.614199422033,35.7438246683638],[-105.61007660224,35.744900581489],[-105.606859984939,35.7469928590704],[-105.603657644563,35.7510009128563],[-105.599471264472,35.7544570676746],[-105.597187588917,35.7581696032941],[-105.597191260331,35.7586609655601],[-105.598538915616,35.759569397645],[-105.597029110829,35.7625950834865],[-105.595494350844,35.7628844646243],[-105.595383153785,35.7663359616754],[-105.594346076638,35.7685726134465],[-105.59237141615,35.7715667226424],[-105.588671586074,35.7720537741164],[-105.585733324341,35.7735761042358],[-105.58427528138,35.7747485507544],[-105.581802429608,35.775729800032],[-105.573382775572,35.7770190636624],[-105.571416062479,35.7787978680473],[-105.570293825042,35.7785687944246],[-105.568239215393,35.7788918485163]]]},"properties":{"name":"Viveash","year":2000,"acres":29182,"src":"history"}},{"type":"Feature","geometry":{"type":"Polygon","coordinates":[[[-105.385701875748,35.8820365445092],[-105.387059642469,35.8820208712464],[-105.387933862242,35.8807512669735],[-105.389528930624,35.8794950815811],[-105.390418795456,35.8765574278668],[-105.392256783562,35.8767136762032],[-105.392392150692,35.8770671139566],[-105.391597872894,35.8785911935749],[-105.391543362224,35.8810933366735],[-105.389318847916,35.8839001165841],[-105.387308299733,35.8895079102648],[-105.385514019157,35.8914995210608],[-105.383876870993,35.8915589149749],[-105.381970540857,35.8911570705716],[-105.381433739085,35.8906967036495],[-105.381894203821,35.8891715193277],[-105.381449333838,35.8869437245038],[-105.384109265157,35.8843250186663],[-105.384969785622,35.8826384874536],[-105.385701875748,35.8820365445092]]]},"properties":{"name":"Capulin","year":2001,"acres":166,"src":"history"}},{"type":"Feature","geometry":{"type":"Polygon","coordinates":[[[-105.82516788616,35.9621598458577],[-105.825942498039,35.9615662326406],[-105.826833242322,35.9614451395276],[-105.827306769461,35.9619895811851],[-105.82924613604,35.9629250976627],[-105.829257978531,35.9640587502581],[-105.828458318028,35.9652408314357],[-105.827180546283,35.9653420660409],[-105.82502369937,35.9637250815245],[-105.825340445339,35.9626567770372],[-105.82516788616,35.9621598458577]]]},"properties":{"name":"Independence","year":2001,"acres":29,"src":"history"}},{"type":"Feature","geometry":{"type":"Polygon","coordinates":[[[-105.800686482404,35.9195705111347],[-105.799796154041,35.9191752429265],[-105.799662274521,35.9176073779447],[-105.800734554848,35.9170525129088],[-105.802124171338,35.9178118337003],[-105.801964959326,35.919401939228],[-105.800686482404,35.9195705111347]]]},"properties":{"name":"Quemado","year":2001,"acres":12,"src":"history"}},{"type":"Feature","geometry":{"type":"Polygon","coordinates":[[[-105.80550311421,36.0823901650832],[-105.807429915155,36.0830173117589],[-105.808116588256,36.0838466300911],[-105.808309522125,36.0846905454884],[-105.808106754399,36.0855326296588],[-105.807410205219,36.0863555025577],[-105.805476178226,36.0869680695643],[-105.803549284755,36.0863408926981],[-105.802862635908,36.0855115484081],[-105.802669757736,36.0846676244007],[-105.802872582055,36.0838255483883],[-105.803569158184,36.083002700553],[-105.80550311421,36.0823901650832]]]},"properties":{"name":"Horseshoe","year":2001,"acres":50,"src":"history"}},{"type":"Feature","geometry":{"type":"Polygon","coordinates":[[[-105.689282742487,35.6700931102403],[-105.689196230234,35.6678620968179],[-105.68881834852,35.667120419279],[-105.686681192678,35.6659199597156],[-105.686431102602,35.6627612016852],[-105.68695369123,35.6617776968052],[-105.688957051993,35.6612004635564],[-105.689361376516,35.6602401741576],[-105.689948896271,35.6601105731134],[-105.69124970082,35.658459893274],[-105.682537982027,35.6569949355056],[-105.682304637445,35.6558624718398],[-105.683142894064,35.6549358076737],[-105.684071320877,35.6551130989905],[-105.684208021107,35.6545848705514],[-105.684670291457,35.654467277789],[-105.685038388721,35.6527385705524],[-105.690073376718,35.653672257327],[-105.691337742904,35.6526123493671],[-105.693959043073,35.6521870156434],[-105.696249885388,35.6523090096704],[-105.697203065278,35.652713727068],[-105.698843023373,35.6550754768442],[-105.699910950464,35.6558446634778],[-105.701033617295,35.656476022883],[-105.704223590565,35.6572327724329],[-105.704959179628,35.6583216781204],[-105.706252564991,35.6593171474132],[-105.706599010162,35.6605909032325],[-105.7059401498,35.6618705739206],[-105.706150340305,35.6631969720569],[-105.708191815687,35.6643277720575],[-105.708366584722,35.6646085019316],[-105.707880588967,35.6659547771695],[-105.707180687275,35.6669281431699],[-105.705884371607,35.667654802424],[-105.703679513336,35.6677015367959],[-105.701961076622,35.6696342944206],[-105.699110271271,35.6695787869724],[-105.697746861334,35.6703057483098],[-105.697084213675,35.6711751529295],[-105.698210324647,35.6722189998576],[-105.697272685611,35.6735903997052],[-105.692425829089,35.6751241253112],[-105.691225940381,35.6722864202706],[-105.689282742487,35.6700931102403]]]},"properties":{"name":"Dalton","year":2002,"acres":805,"src":"history"}},{"type":"Feature","geometry":{"type":"MultiPolygon","coordinates":[[[[-105.648742617233,35.6455420452206],[-105.648922490496,35.6452457933304],[-105.64890657684,35.6455411626445],[-105.648742617233,35.6455420452206]]],[[[-105.647249212091,35.6477049921534],[-105.647758694299,35.647659416975],[-105.647448235638,35.6480285092556],[-105.647249212091,35.6477049921534]]],[[[-105.645127154234,35.6464383358969],[-105.640836689046,35.6467633312559],[-105.640429328218,35.646630254006],[-105.640430246296,35.6454040332845],[-105.638057968107,35.6448148117046],[-105.637432248393,35.6453050064199],[-105.636608404344,35.6451425789405],[-105.636564808205,35.6447821487889],[-105.635663777314,35.6454653932035],[-105.635693035442,35.6444959858024],[-105.634205112718,35.6454731006028],[-105.634090520926,35.6450814954471],[-105.633682321071,35.6451445120032],[-105.633532635693,35.6455961057192],[-105.632657419688,35.6459253027428],[-105.632981162635,35.6464442926703],[-105.632629634796,35.6462973704771],[-105.631801245272,35.6466984537609],[-105.631597761589,35.6459737083944],[-105.629884964498,35.6455792083041],[-105.629214255358,35.6447847804818],[-105.626796748791,35.6451535553491],[-105.626345925672,35.6448425849911],[-105.625394217223,35.6452780676926],[-105.62392313252,35.645287968782],[-105.623020926632,35.6435209439992],[-105.62216027681,35.6428807357146],[-105.621128806048,35.6427778723341],[-105.621156093273,35.6423787594411],[-105.621624915935,35.6421216213921],[-105.62128331987,35.6396867251986],[-105.619985074621,35.6387760224655],[-105.619473069944,35.6379085823532],[-105.619567013061,35.6373355621923],[-105.619210372012,35.6366048291505],[-105.619628049093,35.6361653807836],[-105.619803817055,35.6352831307589],[-105.619112808684,35.6348741963321],[-105.619176151589,35.634003795619],[-105.621371308055,35.6329037439042],[-105.621369452136,35.632662567245],[-105.620752226891,35.6326882989522],[-105.620426799603,35.6323811658114],[-105.620360534477,35.6310403285793],[-105.620062369262,35.6305955648545],[-105.620500465948,35.6291844984693],[-105.621969610289,35.6286043762938],[-105.622999367066,35.6274877739925],[-105.622762891855,35.6259652450393],[-105.623052076613,35.6252514506937],[-105.624691757128,35.6249566818171],[-105.625539064274,35.6238184722398],[-105.626248275208,35.6247998135717],[-105.626049208541,35.6262682561323],[-105.627600740072,35.6272790196115],[-105.631221145601,35.6272262566505],[-105.632256016487,35.6285281979677],[-105.635867118165,35.6290816919358],[-105.636722043922,35.6289621997374],[-105.637567709846,35.6294152970163],[-105.638814525646,35.6291449547584],[-105.638429089999,35.6300644085161],[-105.636946817678,35.6307597676672],[-105.636324529528,35.6319306794924],[-105.637738745483,35.6330502219875],[-105.63787001899,35.6343681724285],[-105.637269702734,35.6370897679945],[-105.637957420576,35.6388510608832],[-105.640377813429,35.6403889945394],[-105.641699315162,35.6406344091848],[-105.642380672034,35.6398170470964],[-105.642625054216,35.6387833771578],[-105.64415939828,35.6375962806109],[-105.645293047914,35.6371889780697],[-105.646613504008,35.6373531987312],[-105.646881399592,35.6374892497105],[-105.646562209307,35.6379260085043],[-105.645207025243,35.6387244658636],[-105.644513632743,35.6397605530554],[-105.644257233798,35.6410557548521],[-105.643399727181,35.6421175185885],[-105.643865633013,35.6424531301456],[-105.643954638989,35.6432641213468],[-105.644734489844,35.6431923276604],[-105.644734535658,35.642854216667],[-105.645296552242,35.6431216866223],[-105.645906434658,35.6426878799993],[-105.647033505031,35.6428283363865],[-105.647301905469,35.6432822172235],[-105.650632361774,35.6431830899055],[-105.650097264105,35.6438126214048],[-105.650122525629,35.6442475198666],[-105.64891670265,35.6437198174622],[-105.648167250785,35.6441791844263],[-105.647592151137,35.6450726367854],[-105.646586501549,35.6453124802325],[-105.646497142535,35.6459598799841],[-105.646966468253,35.646502835465],[-105.646442196182,35.6469384419758],[-105.645127154234,35.6464383358969]]]]},"properties":{"name":"Roybal","year":2002,"acres":894,"src":"history"}},{"type":"Feature","geometry":{"type":"Polygon","coordinates":[[[-105.756226945581,36.0264170865273],[-105.753380234752,36.0250420752482],[-105.746646341211,36.0226612298293],[-105.74582617217,36.0226663417888],[-105.745085118655,36.0231555495431],[-105.743150497876,36.0235913089208],[-105.74296114559,36.0227788091721],[-105.74155511688,36.0216988496016],[-105.741240194491,36.020844298843],[-105.740513168169,36.0200892182747],[-105.737845374794,36.019174792607],[-105.737235683719,36.0180177553657],[-105.73461657544,36.0158723066052],[-105.735513606133,36.0150756539075],[-105.735491069199,36.0130585130384],[-105.734685881362,36.0118620797144],[-105.733969613264,36.0115035837624],[-105.734065486861,36.011072487311],[-105.734888610461,36.0105377668109],[-105.734223356789,36.0100707615659],[-105.735804136567,36.0090873598486],[-105.736779190435,36.0094600338538],[-105.737121742307,36.0085225321475],[-105.736528068194,36.008406721335],[-105.736039831142,36.0076952147918],[-105.735772297579,36.007935782305],[-105.734906700734,36.0076999178737],[-105.734212837517,36.0067620180845],[-105.732552116661,36.006032875031],[-105.731991813164,36.0061850640735],[-105.731560542776,36.005667028887],[-105.732631739735,36.0037649018535],[-105.734367018064,36.0030780947413],[-105.736242922261,36.0029020492982],[-105.736414797823,36.0031151169582],[-105.738152276126,36.0025206518874],[-105.73927789033,36.0017924448906],[-105.738841149202,36.0014705707622],[-105.739067296481,36.0008110220393],[-105.741479164323,35.9992611856117],[-105.738289947435,35.9987985242989],[-105.736393074763,35.9978252171205],[-105.736097429321,35.9972387561488],[-105.7366711797,35.9964869213049],[-105.735257272765,35.9953956784999],[-105.734747073701,35.9925655950437],[-105.739134217377,35.9906903938916],[-105.744327269338,35.991156369158],[-105.749157149498,35.9903464177305],[-105.750379786244,35.9896783561792],[-105.751007369065,35.9882251428985],[-105.751986008108,35.9881513861152],[-105.752084723076,35.9877405520183],[-105.750519481457,35.9864520899031],[-105.75009570751,35.9867657832955],[-105.74961148503,35.9865884948267],[-105.749278963746,35.985993280796],[-105.752977564027,35.9842886557423],[-105.754869512135,35.981475092957],[-105.755634968386,35.981044281585],[-105.756570338277,35.97938848157],[-105.758112075476,35.9792006794556],[-105.75833361889,35.9785884645037],[-105.760113933358,35.9778333819757],[-105.759987493685,35.977261675826],[-105.759361677851,35.9769906669014],[-105.759347010159,35.9760012738949],[-105.759585490409,35.9758216945329],[-105.759284936573,35.9752736377454],[-105.758136592297,35.9748008019083],[-105.75802910528,35.974068961407],[-105.758464398324,35.9741383366953],[-105.758368892138,35.973827878389],[-105.758916739596,35.9733420824244],[-105.760296281479,35.9729501714118],[-105.760334039467,35.9724427874156],[-105.761060715447,35.9722465870994],[-105.760818952752,35.9717567624784],[-105.762064445334,35.971449066915],[-105.762455225059,35.9705652970128],[-105.763974834957,35.9702941654943],[-105.764132831547,35.9705410914888],[-105.764861063409,35.9700766404721],[-105.765413098812,35.9701407388692],[-105.765424541552,35.9706816185052],[-105.765819151694,35.9705213164413],[-105.766057469349,35.969537071167],[-105.765713961669,35.9693161248132],[-105.766369778539,35.9687146355626],[-105.770264362469,35.969575477401],[-105.772394999236,35.9705197031752],[-105.773124176126,35.9711911963282],[-105.773452125883,35.9710921546407],[-105.776420135327,35.972486192582],[-105.777043452048,35.9720043243942],[-105.776270294541,35.9715540253251],[-105.776363042001,35.9709020390368],[-105.775753359909,35.9706152333327],[-105.776025627594,35.9697479446153],[-105.776804578336,35.9691996980699],[-105.777580439772,35.9694335895894],[-105.777143683373,35.9687895396054],[-105.777317685247,35.9685089169935],[-105.778695361329,35.9687569325886],[-105.779277789434,35.9683857515473],[-105.779286523753,35.9678988351561],[-105.780021337571,35.9679053313302],[-105.780435820243,35.9672332096825],[-105.779459470107,35.9669104805788],[-105.778124745173,35.9672933145015],[-105.777637580709,35.9663858743843],[-105.77869797902,35.9660927391717],[-105.779332947789,35.9652140809789],[-105.780861277633,35.96496296564],[-105.780452486686,35.9643457928143],[-105.781403376771,35.9633861727006],[-105.784133479988,35.9639746637441],[-105.784662337959,35.9635181575304],[-105.785982745544,35.963381032177],[-105.786113840287,35.9630398300801],[-105.787422283211,35.9630244804227],[-105.787641754211,35.9619862219717],[-105.788900172651,35.9616105548505],[-105.789711062095,35.9617810290192],[-105.791082709584,35.9632415588089],[-105.79189316604,35.9635743032756],[-105.792171908781,35.9643500789552],[-105.792665292281,35.964615030363],[-105.792545747178,35.964895316364],[-105.793161772274,35.9646703522763],[-105.793953814165,35.9650302513208],[-105.794696801754,35.9648179620146],[-105.795129288461,35.9652997024762],[-105.796432922703,35.9643173399575],[-105.797320174336,35.964185219045],[-105.797649780587,35.9636691314728],[-105.799263070395,35.9637440388481],[-105.800294983128,35.9645553379401],[-105.802046952156,35.9638088418428],[-105.802563337019,35.9632621827405],[-105.804090026539,35.9642301687107],[-105.805682246363,35.9637281236543],[-105.807234221662,35.9639070143485],[-105.807838577642,35.9635626044309],[-105.807196637947,35.9614031316093],[-105.811205732822,35.9593204774608],[-105.813365884636,35.9593035935692],[-105.8142450146,35.9599400025346],[-105.81645149433,35.9607206383193],[-105.816890771403,35.9600324465052],[-105.817115801178,35.9576191905605],[-105.816086489068,35.9562264949614],[-105.816025368594,35.9556746968855],[-105.816463839877,35.9542359420004],[-105.816575273193,35.950784386124],[-105.817958128064,35.9490642163268],[-105.817917807182,35.9483116774426],[-105.818519344249,35.9478432573489],[-105.820132478649,35.9484700988948],[-105.822562987432,35.9485571290009],[-105.824387272636,35.9494574639829],[-105.824579404309,35.9505425484359],[-105.825363346091,35.9507580365513],[-105.825531457712,35.9512955780209],[-105.826519522777,35.9514803530113],[-105.826514924301,35.9518703155337],[-105.826880111024,35.9520345903078],[-105.826828252181,35.9526773276588],[-105.826008828742,35.9529850054736],[-105.825865321977,35.9542121394154],[-105.828330336846,35.9563611778648],[-105.830452607603,35.9563419948053],[-105.83096527344,35.9568207867515],[-105.832077326677,35.9567251686437],[-105.832763398805,35.9571824659945],[-105.834065233722,35.9573063978754],[-105.835843880916,35.9570663667555],[-105.83716885374,35.9574470604264],[-105.837748997428,35.9570237733352],[-105.838176343975,35.9574580504843],[-105.838511708427,35.9569260351065],[-105.83926008411,35.9570447617374],[-105.839364787248,35.9565909895504],[-105.840058425886,35.956482446018],[-105.840209962692,35.9570809395229],[-105.841435681558,35.9568244101401],[-105.841575439653,35.9575198933456],[-105.843210743576,35.9572289190218],[-105.842917348414,35.9579905625505],[-105.84243353287,35.9578226615497],[-105.842081234277,35.9580956042938],[-105.842915516749,35.9584391065939],[-105.843587689245,35.9583307023029],[-105.843233371239,35.9588380715544],[-105.844923013356,35.9595789983295],[-105.844680283176,35.9605093335765],[-105.843837479285,35.9605423097385],[-105.843575462276,35.9608326639889],[-105.843869732397,35.9609680836003],[-105.843791547526,35.9616650870508],[-105.845436021452,35.9634318768127],[-105.845179009855,35.9637041581541],[-105.846197535894,35.9639967518314],[-105.847034250106,35.9648834017735],[-105.847403076802,35.9648920670626],[-105.847738606544,35.9656109533807],[-105.847541365254,35.9658670390686],[-105.84793473033,35.9661279690829],[-105.84791198858,35.9666916193508],[-105.848369379282,35.9673645620894],[-105.848060622929,35.9675628364556],[-105.847716359766,35.9670333436899],[-105.847446918181,35.9672471153194],[-105.847910821669,35.9681724628506],[-105.849821833824,35.9683640412964],[-105.850200959705,35.9679083093187],[-105.85064324254,35.9682365002679],[-105.85284882665,35.9677813215654],[-105.853291653864,35.968256003973],[-105.853216596927,35.968592371969],[-105.853632114458,35.9686209723288],[-105.853616843997,35.9691372281978],[-105.85433575943,35.9693056635059],[-105.855491653147,35.9690517424557],[-105.855390641187,35.9684596809376],[-105.854893260184,35.9683257369863],[-105.855030184993,35.9675246102784],[-105.856665806919,35.9673123371303],[-105.857502239959,35.9673897486543],[-105.859130989773,35.9690099443356],[-105.859021980112,35.9694727781618],[-105.858587619519,35.9693361444464],[-105.858219436915,35.9698707124322],[-105.857757118056,35.9697455439588],[-105.858344213806,35.9691981422126],[-105.857825374746,35.9691657992787],[-105.857190163432,35.9696864864781],[-105.857312821198,35.9702603682299],[-105.856877205659,35.9702972880709],[-105.856713263119,35.9707131894475],[-105.857276152866,35.9712613782267],[-105.857254257329,35.9717371207786],[-105.855993445777,35.9728708366029],[-105.855616024,35.9738697691943],[-105.855840607313,35.9753467464686],[-105.854203523827,35.9760503736652],[-105.854120859058,35.9767113681702],[-105.851165378417,35.9791440992059],[-105.85183715296,35.9802437499147],[-105.851270704986,35.9804326014185],[-105.850517041819,35.9800367579937],[-105.849520626014,35.9806005343048],[-105.848785062103,35.9819603532831],[-105.847753282321,35.9811968081643],[-105.847263707677,35.9815090627889],[-105.845902044963,35.9853706491858],[-105.843530924703,35.9854685033969],[-105.840412769943,35.984911139609],[-105.839594965268,35.9862489565495],[-105.838314812988,35.9865824726596],[-105.837942076824,35.9864768887673],[-105.83796167986,35.9859042486788],[-105.837296607648,35.9858863615593],[-105.836860577985,35.9862207296509],[-105.837222818234,35.9866802563147],[-105.835758788001,35.9871976130314],[-105.834868803693,35.9897237056316],[-105.833753879441,35.9904797777298],[-105.833937899327,35.990902234937],[-105.834957662346,35.9912151968852],[-105.835477772522,35.992705930213],[-105.835848297933,35.992960286844],[-105.835308942249,35.9939242288084],[-105.834553182414,35.9945515694607],[-105.832900402666,35.9944120530488],[-105.832024506636,35.9953557774574],[-105.830005260066,35.9955140260359],[-105.828797660219,35.9948462008503],[-105.827655778424,35.9958548406553],[-105.826724299136,35.9960641247981],[-105.827395100803,35.9970219224278],[-105.827072901162,35.9974095632769],[-105.827285898902,35.9979197425322],[-105.826523833792,35.998186458501],[-105.825387600604,35.9993122324303],[-105.826349144707,36.0002207096919],[-105.826047878507,36.0005225554024],[-105.825626238059,36.0003879696419],[-105.825716147741,36.0021296612142],[-105.824894027559,36.0025928712855],[-105.824843845871,36.0037021592082],[-105.823920292419,36.0032825175669],[-105.823196676999,36.003918590129],[-105.82294290922,36.0032554180959],[-105.822627351722,36.0038864423772],[-105.821278366931,36.0042698454501],[-105.821425251361,36.0040569713097],[-105.820757701596,36.0032117980295],[-105.82015077284,36.0034661425813],[-105.819289898439,36.0031361933939],[-105.81937776625,36.0034195946733],[-105.818668593046,36.0038121195909],[-105.818203318729,36.0049918547446],[-105.821480160883,36.006245171928],[-105.822069777306,36.007897784241],[-105.82208014117,36.0083958357451],[-105.821400183873,36.0090338610365],[-105.819905026118,36.0126278726984],[-105.819303314778,36.012990365103],[-105.819012392678,36.014603924194],[-105.818607855254,36.0149898604399],[-105.819063430461,36.0152820111091],[-105.819240257536,36.016419045229],[-105.820727225351,36.0176169918952],[-105.821113096682,36.018678194796],[-105.817046267982,36.0168036719775],[-105.81327068208,36.0160539985932],[-105.808376650531,36.0164139394037],[-105.807817205823,36.0162035873963],[-105.807934057777,36.0157249616637],[-105.807462394642,36.0155185249682],[-105.804484200997,36.0154506371062],[-105.804687008249,36.0157175088513],[-105.804208081337,36.0157838313723],[-105.802548337848,36.0155425205098],[-105.802360411189,36.0151696194931],[-105.802190430175,36.0158830102379],[-105.799550109078,36.0175460425349],[-105.796821809677,36.0180916353476],[-105.79613799771,36.0179271332967],[-105.795967136347,36.0182821400409],[-105.795226469107,36.0178092153903],[-105.79523078641,36.0174778606968],[-105.792116565373,36.0167839710119],[-105.789828426089,36.0176893943702],[-105.7902972227,36.0188989208209],[-105.790080137625,36.0195968272636],[-105.789725121628,36.0197817417219],[-105.788767875963,36.0190442413982],[-105.788167873218,36.0194583977971],[-105.788224333232,36.0191379893655],[-105.787465000797,36.0188409449511],[-105.787060170523,36.0199818461079],[-105.787888680421,36.0203663326789],[-105.787835882839,36.020601086077],[-105.786383873861,36.0206782433367],[-105.786100547017,36.0215546361015],[-105.785208473228,36.0215469658744],[-105.783441284943,36.0226178806032],[-105.781120361642,36.0220537746918],[-105.780510503481,36.022179456677],[-105.780960250418,36.021114917346],[-105.781140301547,36.0214721257207],[-105.781678724778,36.021173345641],[-105.783331190117,36.0211287459174],[-105.783536601584,36.0196645873105],[-105.782690040939,36.0189263237101],[-105.783246419697,36.0186567207164],[-105.782587307806,36.0181809304837],[-105.781004413394,36.0181709726391],[-105.780824735964,36.0177799622184],[-105.777910755692,36.0181144559438],[-105.775757766146,36.0193838680865],[-105.771983152221,36.0209161396287],[-105.769591303336,36.0214972732176],[-105.76905905692,36.0220461430204],[-105.769356684943,36.0224431771317],[-105.768637896172,36.0235342003539],[-105.765979324902,36.025131241906],[-105.764584061603,36.0253858310443],[-105.763928895113,36.0250969980737],[-105.760538061241,36.0250734900309],[-105.757843838533,36.0264113776209],[-105.756226945581,36.0264170865273]]]},"properties":{"name":"Borrego","year":2002,"acres":13004,"src":"history"}},{"type":"Feature","geometry":{"type":"Polygon","coordinates":[[[-105.536831124365,35.867437217351],[-105.534032503946,35.8675331152329],[-105.529350119969,35.8656402132985],[-105.528381848382,35.866142620622],[-105.525460718419,35.866130665669],[-105.524217057502,35.8647634175932],[-105.524059871192,35.8637588065004],[-105.524680943921,35.8620407873223],[-105.523221113313,35.8598404782028],[-105.524058238055,35.8589307177568],[-105.522594448571,35.8561173276353],[-105.52219018154,35.8541580953041],[-105.521583846571,35.853522843122],[-105.520255230181,35.852940315245],[-105.519454160221,35.8529550601017],[-105.517241947443,35.8542246234093],[-105.515895338696,35.8541199744774],[-105.515152957471,35.853739968748],[-105.514611644358,35.8533050288453],[-105.514472057841,35.8525370072931],[-105.514804191053,35.8518233073819],[-105.51378271854,35.8499658638668],[-105.514786501429,35.8490847480221],[-105.512218607002,35.8473984657148],[-105.51133641468,35.846196343019],[-105.506404169697,35.8429308912267],[-105.506198950469,35.8423840380867],[-105.504981979397,35.8414582584196],[-105.50072739921,35.8389019984663],[-105.504830378812,35.8387743498537],[-105.507927182413,35.8390903516169],[-105.511422189417,35.8385818806856],[-105.511403914989,35.8357328687462],[-105.513223574768,35.8362728121446],[-105.513149064007,35.835123589061],[-105.516306126597,35.8343977705192],[-105.517592398202,35.83565222594],[-105.51813113764,35.8357603417411],[-105.518057601551,35.8347733987987],[-105.519200740988,35.8347143606809],[-105.525914111618,35.8326023939847],[-105.528333468714,35.832262668391],[-105.529143184958,35.8326445438673],[-105.530219175327,35.8325834423706],[-105.531422439006,35.8314285695706],[-105.532366398588,35.8318075562567],[-105.531931888875,35.8324383511625],[-105.532045244586,35.8338714142667],[-105.532955412242,35.8343136779682],[-105.534287504214,35.8343145067465],[-105.535404870985,35.8337167186508],[-105.536633863312,35.8317118962845],[-105.538446656368,35.8308652757052],[-105.540143149037,35.8307832718411],[-105.543725174944,35.8316551755262],[-105.544305094054,35.832270151622],[-105.544096717247,35.8328143128074],[-105.545495888218,35.8335720737676],[-105.546264769745,35.8351982351172],[-105.548131453634,35.8333865048572],[-105.550810933192,35.8352022427763],[-105.551568646863,35.8351987587419],[-105.551631574747,35.8355433256501],[-105.553511462972,35.8352506667598],[-105.555209913968,35.8356372768653],[-105.558286134471,35.837155727823],[-105.559293161176,35.8370270655877],[-105.560310013653,35.8375091868657],[-105.562199441089,35.8375386721191],[-105.565116899637,35.838985561826],[-105.568653134821,35.838928281158],[-105.569723077732,35.8395160095637],[-105.573556843023,35.8403655402904],[-105.574613315696,35.8409465271538],[-105.575913137488,35.8405368277951],[-105.576585272255,35.8412751751382],[-105.577281586974,35.8411478522148],[-105.578211367548,35.8398112437469],[-105.578972179508,35.8402268272452],[-105.581490738459,35.8406338949681],[-105.581648952442,35.8415460026519],[-105.584598103553,35.8427668712167],[-105.587352979612,35.8423093703919],[-105.588512903171,35.8434374526319],[-105.588700743592,35.8442276976928],[-105.5883447116,35.8452640309669],[-105.590570409888,35.8470315149831],[-105.591661785703,35.847114044531],[-105.591949534953,35.847743748562],[-105.591550382031,35.8483768443992],[-105.592058924602,35.8498935398892],[-105.592529951729,35.8505493863743],[-105.594966718176,35.852232347747],[-105.593252553849,35.8530635527763],[-105.591104777226,35.8529208842996],[-105.590222822958,35.8531821841368],[-105.589279400569,35.8536488953055],[-105.588877999164,35.8549672096598],[-105.587532126137,35.8564321565407],[-105.583224145598,35.8583510515577],[-105.580455031242,35.8584523946333],[-105.579479821068,35.858894387317],[-105.579139786275,35.8592544140254],[-105.581836773998,35.8600776010666],[-105.582181675863,35.8604343156599],[-105.581211673223,35.8615930789804],[-105.580491283654,35.863429074505],[-105.576883345842,35.8651595297428],[-105.575121422583,35.8650485325789],[-105.573441873039,35.8640219838086],[-105.570160119796,35.8587790145261],[-105.568086887172,35.8569721148386],[-105.564322266106,35.8570530046258],[-105.562426781331,35.857801223599],[-105.560245177748,35.8576829559002],[-105.559268982122,35.8572615053853],[-105.55845033303,35.8605020841674],[-105.557109455535,35.8614369675444],[-105.555760530033,35.8612741732262],[-105.553778541089,35.8595116865577],[-105.55315720156,35.8595979554551],[-105.552645180713,35.8605289712506],[-105.552981505463,35.8641563811314],[-105.551530241189,35.864163061279],[-105.551014663013,35.8645869444701],[-105.548001903993,35.8636743359397],[-105.547266610475,35.8622418870187],[-105.547148864698,35.8602183259069],[-105.546835747024,35.8598816416762],[-105.544036836449,35.8598943656553],[-105.543426983677,35.8616687928906],[-105.541981708471,35.8626039893861],[-105.540842790218,35.8627781816861],[-105.539806179296,35.8627828526291],[-105.537621169301,35.8616115686473],[-105.536994659069,35.8609381683656],[-105.535854811958,35.8610266642133],[-105.534619407457,35.8622989389944],[-105.536083147533,35.8641497089912],[-105.537124302134,35.8648189972018],[-105.537549213348,35.866336296141],[-105.536831124365,35.867437217351]]]},"properties":{"name":"Trampas","year":2002,"acres":4751,"src":"history"}},{"type":"Feature","geometry":{"type":"Polygon","coordinates":[[[-105.685083434741,35.6439429562842],[-105.686731622302,35.6431356126175],[-105.6874378661,35.6432194831787],[-105.687012213776,35.6442182191776],[-105.686494988988,35.6440002693697],[-105.685423250345,35.6455797127373],[-105.686247741181,35.6468147549223],[-105.683726445063,35.647050019745],[-105.683852473307,35.6459200168021],[-105.685083434741,35.6439429562842]]]},"properties":{"name":"Posada","year":2003,"acres":16,"src":"history"}},{"type":"Feature","geometry":{"type":"MultiPolygon","coordinates":[[[[-105.865052623939,35.8561208704531],[-105.863223132099,35.8560190860946],[-105.862157483136,35.8550237259035],[-105.863212270569,35.8550161428869],[-105.865052623939,35.8561208704531]]],[[[-105.877921686578,35.8684130309195],[-105.880142555523,35.8686965560127],[-105.88025997611,35.8692681987373],[-105.878307583061,35.8698843041491],[-105.877004182381,35.8690215467443],[-105.877921686578,35.8684130309195]]],[[[-105.881563324688,35.8601120373339],[-105.880072573169,35.8598547463649],[-105.883148170241,35.8597081921669],[-105.884536095203,35.8600563510429],[-105.884672320224,35.8605106553317],[-105.884014155158,35.8611466166807],[-105.883056423505,35.8614556894883],[-105.882352207204,35.8612783026046],[-105.881563324688,35.8601120373339]]],[[[-105.826696322005,35.8899866179528],[-105.827301204398,35.8895541927357],[-105.829827732305,35.8901227819082],[-105.830918850303,35.891129525075],[-105.831147015199,35.8917590533543],[-105.83093061464,35.8922564293497],[-105.827790576022,35.8913314533555],[-105.826618853092,35.8905281095252],[-105.826696322005,35.8899866179528]]],[[[-105.78990632799,35.889274205025],[-105.789858280699,35.8898402650373],[-105.787608870482,35.8891157479315],[-105.78633397604,35.8897755054653],[-105.785373221556,35.8897818006476],[-105.78499631631,35.8894799806601],[-105.784991177049,35.8889593392055],[-105.78603157976,35.8879382434809],[-105.785175808687,35.8879844118795],[-105.785306249457,35.8877311254417],[-105.787104887759,35.8856614480108],[-105.787844423122,35.8859428516979],[-105.788185293348,35.8880255483606],[-105.78990632799,35.889274205025]]],[[[-105.880072573169,35.8598547463649],[-105.876325798933,35.8602472938193],[-105.875547184161,35.8607308181051],[-105.875636565633,35.8612102588377],[-105.875976764818,35.8616179992967],[-105.879878601746,35.8625676926627],[-105.882090031193,35.8625762606915],[-105.885121200287,35.86328198382],[-105.883480766085,35.8642970768901],[-105.882642388194,35.8644159549765],[-105.880957749694,35.8639730131883],[-105.878537965898,35.8653814493491],[-105.877319509911,35.8665984813895],[-105.87550100267,35.8667019155952],[-105.87310920948,35.8681551182799],[-105.8724427871,35.8682095475091],[-105.871574798042,35.8694217214314],[-105.87050120348,35.8692785007589],[-105.869616729437,35.8695260888274],[-105.865452543124,35.8719431342123],[-105.863295928875,35.8722584374692],[-105.8630942005,35.8732876987737],[-105.863400209805,35.8762900369412],[-105.864243401768,35.8785785133584],[-105.865900143087,35.8804463766946],[-105.865566905846,35.8809378946973],[-105.86408762761,35.8814511859957],[-105.862275184896,35.8828481538457],[-105.861302214222,35.8831887282663],[-105.85979009268,35.8831995714368],[-105.856658035594,35.8849755518107],[-105.856436008887,35.8856736147191],[-105.85464350428,35.8856615899327],[-105.856737351444,35.8866203778751],[-105.856053824242,35.8867717679844],[-105.849549964991,35.8857608631435],[-105.846017168558,35.8859909273721],[-105.844891515727,35.8852956183748],[-105.845261440164,35.885018033393],[-105.84442908368,35.8846542401191],[-105.842933308782,35.8815677965926],[-105.842237705528,35.8810677907107],[-105.841170007507,35.8808701720518],[-105.839011980209,35.8808852749091],[-105.838428374413,35.8812544904731],[-105.839933488197,35.881503180191],[-105.840164789111,35.88183514714],[-105.838026644225,35.882294122283],[-105.838893273234,35.8843391885316],[-105.838623204625,35.8853238078271],[-105.838115324113,35.885654175787],[-105.838611080962,35.8858152540765],[-105.838021873272,35.886116896621],[-105.834731227605,35.8865973831643],[-105.829658021683,35.8849353155033],[-105.826435399144,35.8855300551567],[-105.824308159805,35.8870278034501],[-105.823636698775,35.8882202540524],[-105.823851782403,35.8913720961374],[-105.823444968649,35.8917084624428],[-105.820754788359,35.8916908239882],[-105.820442471084,35.892360137164],[-105.82191026436,35.8932043487665],[-105.822607487276,35.8944978606923],[-105.820636774884,35.8935083348435],[-105.818262774624,35.8932292744229],[-105.817418147153,35.8945333211886],[-105.8167509639,35.8937624913594],[-105.816237315305,35.8936465333007],[-105.815205543608,35.8918278292004],[-105.811072069795,35.8936973238275],[-105.807707163099,35.8924668198519],[-105.800914340974,35.8916648426108],[-105.797313067764,35.8903184067005],[-105.796810810705,35.8887755148546],[-105.79597483401,35.8883798446352],[-105.795722487365,35.8874483773344],[-105.792155768751,35.8848145344051],[-105.790518855945,35.8844646851443],[-105.785503281439,35.8820114784959],[-105.785825054381,35.8844121164628],[-105.785585956988,35.88519806876],[-105.785264560441,35.8851190279523],[-105.783109339479,35.8816664853835],[-105.782960034089,35.8826073704304],[-105.78348002479,35.8833793438256],[-105.77885295817,35.8818609716179],[-105.778554257558,35.8812656075782],[-105.779903190246,35.8769675139469],[-105.783691612175,35.8740960610091],[-105.791418104579,35.8693570820191],[-105.800239138461,35.865338353003],[-105.806095098593,35.8616544748213],[-105.812035096119,35.859207190686],[-105.818594922209,35.8553782090944],[-105.824135682373,35.8545649306165],[-105.827565248006,35.8527877435696],[-105.82950750177,35.8526954523659],[-105.831280481494,35.8532962785169],[-105.832395860293,35.8544200478025],[-105.83247044831,35.8556637284326],[-105.83015190285,35.8572485581955],[-105.830029720293,35.8580450514277],[-105.830757360164,35.858490824256],[-105.833428061386,35.8586751659112],[-105.834670248167,35.8594035892994],[-105.835496783569,35.8593414949746],[-105.835553968523,35.8589195967897],[-105.833092497508,35.8574310418081],[-105.833280148384,35.8566092885231],[-105.834481928046,35.8563259633652],[-105.834883660929,35.8545673165683],[-105.834536154848,35.8534742854012],[-105.834148114985,35.8528030527371],[-105.832509269903,35.8525529594291],[-105.832950502608,35.8518894886792],[-105.834846655729,35.8510333280468],[-105.835714004289,35.8509123365344],[-105.836137808779,35.8512294607581],[-105.836998461296,35.8531393476437],[-105.837478459899,35.853501145744],[-105.837561244144,35.8560430594794],[-105.839537818043,35.8544717568507],[-105.843155373218,35.852440360245],[-105.84526273284,35.8505569902056],[-105.846239001229,35.8502323089436],[-105.849739619111,35.8504127058707],[-105.859210908392,35.853320553431],[-105.861501913303,35.856360527219],[-105.863829662901,35.8580478071284],[-105.864174372527,35.8574412667374],[-105.86485376658,35.8581441124346],[-105.866074722578,35.859728883147],[-105.866737522052,35.8614799451594],[-105.868050758386,35.8612653444223],[-105.871573063395,35.8582533144159],[-105.875080603694,35.859025700581],[-105.877150606874,35.8588978987045],[-105.880072573169,35.8598547463649]]]]},"properties":{"name":"Capulin","year":2003,"acres":6290,"src":"history"}},{"type":"Feature","geometry":{"type":"Polygon","coordinates":[[[-105.804818206298,35.9053225928662],[-105.801002320176,35.9051542860145],[-105.798230450688,35.9043207488952],[-105.798089457409,35.9029354958713],[-105.798383970075,35.9012949046389],[-105.799402533843,35.8979635076924],[-105.800798812239,35.8959436591662],[-105.802965890064,35.8939006013178],[-105.804134983626,35.8935366450867],[-105.805785465484,35.8938343655928],[-105.813171835958,35.8961106429828],[-105.814714890986,35.8969318927418],[-105.815812689756,35.8981280596744],[-105.816503248071,35.8995546182914],[-105.816593250279,35.9011363071525],[-105.815639102005,35.9026439407606],[-105.812945495541,35.9049364703243],[-105.811397390184,35.9072662822283],[-105.810076589137,35.9077124758776],[-105.804818206298,35.9053225928662]]]},"properties":{"name":"Molina","year":2003,"acres":437,"src":"history"}},{"type":"Feature","geometry":{"type":"Polygon","coordinates":[[[-105.645860907142,35.6635635125424],[-105.646181479934,35.661405569802],[-105.646977201324,35.6610252111246],[-105.648206845828,35.6611188861252],[-105.651539389818,35.6629061200914],[-105.655168654533,35.6633878689929],[-105.656063691864,35.6638844438238],[-105.65690201406,35.664957984249],[-105.656660139077,35.66543567682],[-105.653659530669,35.6667056232134],[-105.651404749425,35.6690244978118],[-105.65090992323,35.6724119382503],[-105.64909557519,35.6684352322691],[-105.648631066238,35.6679864358302],[-105.645950023611,35.6669979508776],[-105.645143345469,35.6660244529015],[-105.64516741403,35.6651969374463],[-105.645860907142,35.6635635125424]]]},"properties":{"name":"Soldier","year":2009,"acres":147,"src":"history"}},{"type":"Feature","geometry":{"type":"MultiPolygon","coordinates":[[[[-105.476002039074,35.6725293746897],[-105.476260443059,35.6723982027184],[-105.476291126814,35.6725282311585],[-105.476002039074,35.6725293746897]]],[[[-105.488657165233,35.6957272660106],[-105.488864977,35.6954945601521],[-105.488941395783,35.6957261118686],[-105.488657165233,35.6957272660106]]],[[[-105.490473515619,35.6970481151267],[-105.490775936154,35.6970873472696],[-105.490976082596,35.6973624663521],[-105.490458180479,35.6974896694948],[-105.490473515619,35.6970481151267]]],[[[-105.499869401214,35.6954558933553],[-105.500309734705,35.6955242746473],[-105.500464842314,35.6958590802971],[-105.49993935572,35.6959392732944],[-105.499869401214,35.6954558933553]]],[[[-105.487508316105,35.6891606631824],[-105.487597887122,35.6881028307807],[-105.486144474078,35.6840625214097],[-105.483835918782,35.6822306172036],[-105.483251663504,35.6823010828234],[-105.482428237172,35.6813265551172],[-105.482978738253,35.6802753983614],[-105.482501971789,35.6792454911281],[-105.482579651806,35.6774934696833],[-105.482251683184,35.6767509096497],[-105.479110132702,35.6727081302426],[-105.478103660258,35.6719923568922],[-105.477761659053,35.6711093378045],[-105.477207332047,35.6713167122595],[-105.476276504936,35.6703701111094],[-105.474730171057,35.6696319189712],[-105.473791602265,35.6660876207932],[-105.474615745453,35.6647897354761],[-105.47477697508,35.6630535883127],[-105.474004575751,35.6614960709288],[-105.475066000836,35.661176973679],[-105.475568173453,35.6605451726457],[-105.477675862756,35.660249912091],[-105.478902882383,35.6603849993367],[-105.479130216337,35.6611188926939],[-105.480217671006,35.6608556293594],[-105.480485464182,35.6611834687213],[-105.481143747825,35.660851932593],[-105.481180235595,35.6612156862838],[-105.480718528489,35.661327719249],[-105.481014067929,35.6621051017678],[-105.480872106266,35.6629339199308],[-105.48376374903,35.6641984579043],[-105.484259768187,35.6649838070017],[-105.484961122455,35.6650229016497],[-105.484946592206,35.6655086977816],[-105.486427251153,35.6669677462725],[-105.486554484936,35.6685509610015],[-105.489178188997,35.6706725415],[-105.489831909199,35.6704787735249],[-105.490140396955,35.670728001482],[-105.489568347986,35.6716010532556],[-105.492805708285,35.6713330722278],[-105.494440993343,35.6718225999255],[-105.49458168389,35.6735234408654],[-105.493972145528,35.6742416137443],[-105.493044506538,35.6741835729129],[-105.493090875777,35.6746673517601],[-105.493242143986,35.6755014190826],[-105.493856469469,35.6760794078182],[-105.493698049772,35.6770601503914],[-105.494257113594,35.6777830214267],[-105.4941711565,35.6781924710159],[-105.49546159988,35.6797130262519],[-105.495391569017,35.6810874918643],[-105.496313560299,35.6821888333937],[-105.496213440366,35.6833726367845],[-105.49508718207,35.6843450672931],[-105.495187816738,35.685629107136],[-105.494682714715,35.6860816393255],[-105.495510592199,35.6871507967673],[-105.496594576676,35.6869697810803],[-105.496728151667,35.6872912836684],[-105.496031026667,35.6881444867291],[-105.496432437055,35.6891174668356],[-105.49477276094,35.6902693701677],[-105.492867587835,35.6898568087942],[-105.492221196987,35.6892188631182],[-105.491566080803,35.6890953663191],[-105.491020485422,35.6893693529007],[-105.490326809953,35.6907213084115],[-105.489257768951,35.6910071284549],[-105.486791650951,35.690463894832],[-105.486885350625,35.6897417603023],[-105.487508316105,35.6891606631824]]]]},"properties":{"name":"Tecolote","year":2010,"acres":811,"src":"history"}},{"type":"Feature","geometry":{"type":"Polygon","coordinates":[[[-105.71571364492,36.1301206096415],[-105.713365040932,36.1288502765476],[-105.712051247642,36.1273749825719],[-105.710878481768,36.1248132617717],[-105.709330549786,36.1224372256174],[-105.708056551863,36.1211757072624],[-105.707420184418,36.1195633326914],[-105.706109315145,36.1137892402319],[-105.708246933618,36.1137232404865],[-105.708909494141,36.1133256210721],[-105.710005806198,36.1132914352065],[-105.712709754967,36.1168241504402],[-105.714075894884,36.1178557229397],[-105.71720043936,36.1215952960178],[-105.718424323866,36.1235450580758],[-105.719050446026,36.1251562305519],[-105.71814614347,36.1261092009175],[-105.717292715204,36.1263278457925],[-105.717028095776,36.127076789574],[-105.715774482424,36.1276114433074],[-105.716844980494,36.1293441541587],[-105.716428843125,36.1300093041864],[-105.71571364492,36.1301206096415]]]},"properties":{"name":"Ojito","year":2010,"acres":258,"src":"history"}},{"type":"Feature","geometry":{"type":"MultiPolygon","coordinates":[[[[-105.783509912637,35.8186572032549],[-105.784060306819,35.8184511461162],[-105.784036226579,35.8188112471555],[-105.783509912637,35.8186572032549]]],[[[-105.770733010858,35.882446479948],[-105.771143509502,35.8816785697316],[-105.771438657277,35.8824844648743],[-105.770733010858,35.882446479948]]],[[[-105.742079297323,35.8671674777744],[-105.74287147486,35.8666237714016],[-105.743335288516,35.8662075574896],[-105.743380692065,35.8670010116679],[-105.742203511869,35.8677601560068],[-105.742079297323,35.8671674777744]]],[[[-105.759318356596,35.8718878354861],[-105.759675155749,35.8712227802403],[-105.760436812126,35.8714687513136],[-105.760713744761,35.8728105090483],[-105.759381152428,35.8727025034485],[-105.759318356596,35.8718878354861]]],[[[-105.789141531104,35.8141896136297],[-105.787394236011,35.8140924150369],[-105.788196481865,35.8130613275449],[-105.787799422916,35.812547758047],[-105.78816536602,35.8118708677135],[-105.788689328173,35.8118224658885],[-105.788984767002,35.8123717944916],[-105.789348989832,35.8122370675551],[-105.789567773621,35.8130371510384],[-105.789024867796,35.8134297830606],[-105.789141531104,35.8141896136297]]],[[[-105.754807302005,35.8525425933443],[-105.756648028176,35.8528562634663],[-105.756323053639,35.8530802234449],[-105.756560479267,35.8535327489197],[-105.756182437652,35.8543119661722],[-105.755837854689,35.8544875979276],[-105.753431030888,35.8534619251699],[-105.754807302005,35.8525425933443]]],[[[-105.759965218161,35.8390534273154],[-105.761342402865,35.8389245584265],[-105.761391446388,35.8383339141383],[-105.761038006036,35.838154085437],[-105.760559735792,35.8385027373039],[-105.759271084551,35.8379024399242],[-105.759145032052,35.8360589071264],[-105.760505713806,35.8365402157284],[-105.761643627743,35.8377755303278],[-105.762449087769,35.8381857522598],[-105.762517031846,35.8390158730752],[-105.761842212913,35.839130225969],[-105.761578817888,35.8395149164928],[-105.760506418085,35.839556650526],[-105.759925308708,35.8393681491955],[-105.759965218161,35.8390534273154]]],[[[-105.775323971492,35.8837803550412],[-105.7741731829,35.8827454801947],[-105.772473693452,35.8831865302278],[-105.772492368528,35.8826890070098],[-105.772908316353,35.8823819319519],[-105.772798912331,35.8819741957069],[-105.77229537697,35.8821418778675],[-105.771036024281,35.8811610860585],[-105.770477014358,35.881945595289],[-105.769527226507,35.8814555763463],[-105.769288628577,35.8820017240087],[-105.767858819665,35.8827150823112],[-105.76657723547,35.8828608632197],[-105.76642734348,35.8823782833163],[-105.765627091886,35.8820114297307],[-105.76320872653,35.8829014033583],[-105.763082723438,35.8826283596656],[-105.762614932042,35.8827146783646],[-105.762402988924,35.8820875673851],[-105.76342514236,35.8813059796733],[-105.760519848797,35.880730232842],[-105.760205036901,35.8799333147103],[-105.759455346084,35.8796523991722],[-105.758640282169,35.878453548227],[-105.756475367487,35.8779391296765],[-105.755864526568,35.8774978153185],[-105.755745303062,35.8769426981775],[-105.754539081231,35.8772066774997],[-105.752322399334,35.8762655113881],[-105.752480481265,35.8753790044293],[-105.754577171596,35.8749261509181],[-105.756731929027,35.876636836795],[-105.758551227683,35.8772626443484],[-105.758491489717,35.8768123433823],[-105.759727519445,35.8768673780883],[-105.761158431488,35.8757689928666],[-105.763010144953,35.8756106033779],[-105.763441252746,35.8749375105752],[-105.764379016648,35.8743505360531],[-105.76436777513,35.8732771301274],[-105.76470582824,35.8728829344093],[-105.766323036499,35.8730117408313],[-105.767292862172,35.873868488815],[-105.767833543768,35.8739138901885],[-105.768307127501,35.8732268826334],[-105.769092568572,35.8733987317117],[-105.76974978322,35.8738750902573],[-105.769879534083,35.8744382060348],[-105.770822594451,35.8747963110727],[-105.770590783294,35.8743262479257],[-105.770865571651,35.8734655930681],[-105.769519147957,35.8726362827494],[-105.7694891586,35.8721965555797],[-105.770447631364,35.8714732142829],[-105.769892228176,35.8712931833888],[-105.77001097827,35.8702659424308],[-105.769701743115,35.8702260254992],[-105.769696604752,35.8696380042187],[-105.769360817193,35.8694311673594],[-105.767736718855,35.8692959134434],[-105.765686737326,35.8702307367683],[-105.764883085608,35.8696283457534],[-105.763982535316,35.8696550259142],[-105.764166359369,35.8689522924793],[-105.763107887944,35.8674079950922],[-105.76128337367,35.8673049687452],[-105.760636194101,35.8669110446978],[-105.759583664134,35.8671900362453],[-105.758793513197,35.8667606226949],[-105.754507228768,35.8675493810187],[-105.754021991191,35.8670150135578],[-105.753516106735,35.8651333838714],[-105.751582946617,35.8649775298386],[-105.751177051839,35.8645841809887],[-105.751323889557,35.8642863447005],[-105.752751029574,35.8638154256771],[-105.752418431035,35.8633596297102],[-105.752832546296,35.8631311363224],[-105.752732871029,35.862924461571],[-105.75117688565,35.8626970422076],[-105.749761429122,35.8630117598042],[-105.749030983811,35.8625273132025],[-105.749201775107,35.862057621364],[-105.751201286588,35.8614505918433],[-105.751311318533,35.8605803901965],[-105.752174364162,35.8593180708064],[-105.752559757589,35.8592528108654],[-105.752675163255,35.8605718532574],[-105.753246042618,35.8610710420535],[-105.754787243523,35.8607680890503],[-105.754651431727,35.8600147908783],[-105.756425594532,35.8598569938296],[-105.756727218261,35.859100942256],[-105.757986508068,35.8589254146392],[-105.758446099642,35.8585454406798],[-105.762544536463,35.8592527002022],[-105.76395419257,35.858657182284],[-105.760706009368,35.8567131696951],[-105.759858403982,35.8559368417562],[-105.760272877671,35.8553479485115],[-105.763353532259,35.8571397829333],[-105.766248816792,35.857093109481],[-105.767820308889,35.8577389387232],[-105.768210170536,35.8570170002278],[-105.768825506624,35.8567826297779],[-105.768312722209,35.8561337180807],[-105.765875428451,35.8560347907119],[-105.765665579306,35.8556666305601],[-105.764860960103,35.8557324234952],[-105.762949357754,35.854830962703],[-105.762885543233,35.8539577650837],[-105.763255150565,35.8536521375288],[-105.763030710085,35.8531590421089],[-105.761556754367,35.8538638392085],[-105.759462405045,35.8541645345672],[-105.758956473877,35.8539823608854],[-105.758711474553,35.853361591416],[-105.759884822536,35.8532916834656],[-105.759813613982,35.8527943380306],[-105.759238136143,35.852549122296],[-105.759180498438,35.8519953601457],[-105.758421296259,35.8510206041017],[-105.757095699106,35.8508229054057],[-105.756580835091,35.849986834808],[-105.757070778044,35.8493994737879],[-105.757606134427,35.8493960988696],[-105.758721342547,35.8502242762124],[-105.760651317239,35.8506928476783],[-105.761703880444,35.8502240978206],[-105.761696575344,35.8479725695527],[-105.763849711316,35.8482391094329],[-105.765406505178,35.8480176675596],[-105.773526046451,35.8441756732135],[-105.774058289274,35.8432019184381],[-105.773151418435,35.8425333019018],[-105.77286165067,35.8414170526116],[-105.771020383714,35.839611945592],[-105.769512819326,35.8390276107343],[-105.767913182113,35.8374505476785],[-105.767978959453,35.8366648172773],[-105.767312914366,35.8356243123078],[-105.767536720635,35.8354831884245],[-105.767440656596,35.8347639589368],[-105.769179364693,35.834225391181],[-105.770714837041,35.8332823695439],[-105.77146476681,35.8320747724234],[-105.774704527408,35.8297836991393],[-105.778395890861,35.8282489519693],[-105.779445087181,35.8285371217719],[-105.786719520384,35.825757117681],[-105.78824144524,35.8249123418824],[-105.787194654609,35.8237476183672],[-105.786572479647,35.8237879061336],[-105.786114418802,35.8252043935761],[-105.785600281524,35.8244099479033],[-105.784802015206,35.8246324608233],[-105.78383810494,35.8243021465875],[-105.782950855103,35.8250105491196],[-105.781889699513,35.8249027937781],[-105.781719638548,35.8244519921539],[-105.782475974203,35.8236265808641],[-105.781189924483,35.8227148535214],[-105.78108046746,35.8221781123641],[-105.781665610274,35.8216368551856],[-105.78117440429,35.8211308815257],[-105.781206403178,35.8207492252525],[-105.780307441107,35.8208520600655],[-105.780023219541,35.8204355556332],[-105.780454492624,35.819978051324],[-105.781934154441,35.8199840118844],[-105.781973585991,35.8191940629132],[-105.782492293897,35.8188765542142],[-105.783346120117,35.8191851259897],[-105.783714548859,35.8201170619953],[-105.786849790473,35.8203455227171],[-105.787149673268,35.8199613205245],[-105.787031967016,35.8191099251146],[-105.786455318672,35.8183564789102],[-105.786719858151,35.817972292586],[-105.786203626899,35.8167642650937],[-105.786428641403,35.8157878516099],[-105.787612958714,35.8154314563203],[-105.787639556033,35.8170832762594],[-105.788023133066,35.8175853771619],[-105.788867933912,35.8175798367254],[-105.789571811548,35.8168146671075],[-105.789607309375,35.8159090198019],[-105.790516066676,35.8159859683333],[-105.790258039984,35.8153434552045],[-105.790658500853,35.8135022888882],[-105.790257310552,35.8130473984455],[-105.790650314505,35.8127039919402],[-105.792284138903,35.8130326243168],[-105.793310066161,35.8126613674291],[-105.794741365378,35.8127512844904],[-105.794910144447,35.8120684995722],[-105.795223006999,35.8119785795524],[-105.796059667312,35.8126411551624],[-105.797205250167,35.8119252423301],[-105.797735072928,35.8119724522972],[-105.798364034662,35.8111792437596],[-105.799517076228,35.8108818501639],[-105.802235646874,35.8115156335314],[-105.803587040947,35.8130559885791],[-105.807432124112,35.8134778429831],[-105.80820239623,35.8123810796658],[-105.808602537299,35.81237838867],[-105.809216045316,35.8130009205032],[-105.810215998686,35.8128729723467],[-105.810573129317,35.8137775608573],[-105.810793224646,35.8135587785834],[-105.811733277455,35.8137501385294],[-105.812411685158,35.813143933224],[-105.812477035798,35.8134067627452],[-105.812929839702,35.8133520030547],[-105.812763705273,35.8130650944694],[-105.81329516746,35.8127217703583],[-105.814577315797,35.813082359963],[-105.814280323781,35.8124122992896],[-105.815712809672,35.8120464608539],[-105.816455718209,35.8126115848968],[-105.81603106032,35.8133753045748],[-105.816847637896,35.8127827254247],[-105.817751074476,35.8127735998332],[-105.819011723433,35.8114768620722],[-105.82019588803,35.8112898777715],[-105.821239795069,35.8102808521108],[-105.821649518467,35.8102875397104],[-105.821612470148,35.8092055880368],[-105.822767026274,35.8088781338493],[-105.8234395024,35.8090487710107],[-105.82376393166,35.8086032900168],[-105.823619575089,35.8081043239463],[-105.823997916741,35.807978033292],[-105.824061549802,35.8074003289214],[-105.824697964858,35.8067640123989],[-105.826931073348,35.8089320267851],[-105.826972348241,35.809251301812],[-105.826331203554,35.8098559450605],[-105.827335756299,35.8105506504144],[-105.827819585318,35.8099934130089],[-105.82946678024,35.81058027827],[-105.82960700007,35.8101140290996],[-105.830225426362,35.8099298470433],[-105.830471920483,35.8105105642797],[-105.831299435048,35.8103759900835],[-105.831755319275,35.8109337362049],[-105.832307743649,35.8108708288195],[-105.832486632358,35.8115047368462],[-105.834995604488,35.8112583867089],[-105.835334628677,35.8108067368565],[-105.837029878077,35.8113567485219],[-105.837334833658,35.8120762068937],[-105.837912022788,35.81220619389],[-105.837767908761,35.8129442431938],[-105.83815080038,35.8132508238079],[-105.837505141659,35.8138325890576],[-105.83782779495,35.8144282228131],[-105.836952551097,35.8154445334441],[-105.836220141171,35.815629426058],[-105.835174407858,35.8170768529253],[-105.835645336171,35.8178859747676],[-105.835952763017,35.8178025989748],[-105.83590316164,35.8182608391459],[-105.836891228503,35.8186456920347],[-105.837693573172,35.8239385699035],[-105.836023764959,35.8254386155325],[-105.836180629672,35.8263148577223],[-105.834983914712,35.8265385372131],[-105.834386454199,35.8277874453311],[-105.832658599548,35.8289987857386],[-105.832660105124,35.8297066765844],[-105.831866081549,35.8303278526135],[-105.831419873076,35.8301860769366],[-105.830978574795,35.8305150746601],[-105.830586273324,35.8312783300545],[-105.829449829031,35.831086085227],[-105.828668451939,35.8317602393721],[-105.830497394009,35.8331230204816],[-105.833396911405,35.8338895520843],[-105.834895198891,35.8348345270116],[-105.838673276719,35.8355047625575],[-105.839898366764,35.8371808531759],[-105.841164439749,35.8377582665638],[-105.841965024618,35.8397068845619],[-105.845604213022,35.8433943560072],[-105.84657018043,35.8440766391737],[-105.84791398823,35.8437271998738],[-105.848919720463,35.8454992750493],[-105.848885369785,35.8466856363105],[-105.849401624392,35.8488246506808],[-105.849294351174,35.8501797845369],[-105.850302887048,35.8507383831978],[-105.849887548282,35.8511810210447],[-105.850436983062,35.8520565333362],[-105.847563992917,35.8527608101743],[-105.846734294548,35.8537437694186],[-105.844588315454,35.8543614830054],[-105.843949358165,35.8554058420159],[-105.843500471814,35.8552747775851],[-105.839569511505,35.8572139321152],[-105.838365203984,35.8568314992704],[-105.838176946745,35.8560511236564],[-105.837513767283,35.8557626154919],[-105.836653396836,35.8559751480971],[-105.836407034768,35.8566799187067],[-105.837030413473,35.8571800399105],[-105.837019494451,35.857522954731],[-105.836287855279,35.8583792345808],[-105.835881632616,35.8584175288208],[-105.834051689822,35.8575454970175],[-105.832247817036,35.8572160180241],[-105.831347670087,35.8572222502681],[-105.831298372341,35.8582485558392],[-105.829552976287,35.8577720647689],[-105.828691840476,35.856965552032],[-105.827637415961,35.8573750143557],[-105.826667014469,35.8567121118085],[-105.82657596213,35.8556222096498],[-105.825827811924,35.8552005290262],[-105.826441499603,35.8530979163677],[-105.827797793087,35.8524572603991],[-105.828455719201,35.8524527257323],[-105.829842059535,35.8536676416599],[-105.831157750965,35.8536221282093],[-105.83004934938,35.852039976038],[-105.83300215394,35.8509218807807],[-105.833179136424,35.8505061618231],[-105.830679976591,35.8504722026757],[-105.829847162864,35.84981382019],[-105.82928568437,35.8497512836579],[-105.827432729434,35.8510093160129],[-105.826305045512,35.8510611765506],[-105.826625510506,35.852136978165],[-105.826182814446,35.8526260724345],[-105.82493238113,35.8519865972949],[-105.823552641617,35.8521462586872],[-105.823210024168,35.8538210991925],[-105.821876434704,35.8543855690176],[-105.822963892068,35.8553983682483],[-105.822394934201,35.8575650942839],[-105.822951339909,35.8577686093923],[-105.822124815287,35.859093369094],[-105.822311911903,35.8597760661333],[-105.821472708459,35.8602398350688],[-105.821796872716,35.8607247550407],[-105.820701081682,35.8616725334831],[-105.819509249963,35.8622325931179],[-105.816915893688,35.8616098060975],[-105.81571093938,35.8617689734383],[-105.815131715566,35.8622534086585],[-105.814322093645,35.8621537689145],[-105.812940924014,35.8648231052836],[-105.81179258423,35.8660537752298],[-105.811205439971,35.8660960027016],[-105.810687017729,35.8649792522739],[-105.810191209676,35.8647669840485],[-105.808966793367,35.8666791065605],[-105.807407185981,35.8676951286873],[-105.806072368521,35.8680392697752],[-105.805245830425,35.869516205411],[-105.804470517859,35.870009955422],[-105.803466433137,35.8699420953152],[-105.803112263353,35.8705519708433],[-105.801892230823,35.871258539422],[-105.801558034181,35.8722312289814],[-105.799764660904,35.8729414891616],[-105.799745449533,35.8735910202871],[-105.798440084238,35.87392873014],[-105.797283815923,35.8747024644832],[-105.796253347681,35.8748043442255],[-105.795811095388,35.8755157285055],[-105.79520151301,35.8756728137937],[-105.794288388998,35.8748567817097],[-105.793305231429,35.8759468721269],[-105.792468781322,35.8763432377268],[-105.791663101208,35.8761305501049],[-105.791028762158,35.8768099581002],[-105.790550196369,35.8763841713501],[-105.789643078493,35.8769264685306],[-105.789719141543,35.8774881570835],[-105.789185547654,35.8781995085291],[-105.788721925339,35.8779844726708],[-105.787210897048,35.8788062088617],[-105.786332267445,35.8784558395644],[-105.785954873516,35.8795407250192],[-105.785017412347,35.8793318789075],[-105.783738840203,35.879820399955],[-105.783482387359,35.8794267768683],[-105.783023475809,35.8794363242319],[-105.782012779487,35.8798011138923],[-105.781594013647,35.8810936307235],[-105.779997309434,35.8811168068104],[-105.779257944751,35.8822052928181],[-105.777988589322,35.8822209289248],[-105.777527737411,35.8824368441514],[-105.7776403053,35.882655788027],[-105.777105260632,35.8832331788511],[-105.775323971492,35.8837803550412]]]]},"properties":{"name":"Pacheco","year":2011,"acres":10107,"src":"history"}},{"type":"Feature","geometry":{"type":"Polygon","coordinates":[[[-105.479579284147,35.7169302871131],[-105.478968134208,35.719110176261],[-105.477784101663,35.7203674576811],[-105.476918697956,35.7204240288762],[-105.475677691561,35.7199355024954],[-105.47449336886,35.7187993656482],[-105.473470644994,35.7165630975912],[-105.473660120348,35.7150238348816],[-105.474062601528,35.7144381365696],[-105.475223413522,35.7139780754431],[-105.475650468116,35.7130051156644],[-105.477516229435,35.7123094434675],[-105.479044883571,35.7133560380659],[-105.479579284147,35.7169302871131]]]},"properties":{"name":"Middleton","year":2011,"acres":90,"src":"history"}},{"type":"Feature","geometry":{"type":"MultiPolygon","coordinates":[[[[-105.708741472352,35.8878474327671],[-105.708739134935,35.8875850456443],[-105.709296503637,35.8876294646501],[-105.709357681602,35.8879153583204],[-105.708741472352,35.8878474327671]]],[[[-105.629418355285,35.8903255955311],[-105.630009669524,35.8906937445841],[-105.629425080073,35.8909115026777],[-105.629418355285,35.8903255955311]]],[[[-105.642822494034,35.8818995565644],[-105.642553457589,35.8816696711448],[-105.643349702697,35.8813242762291],[-105.643368438859,35.8815196490883],[-105.642822494034,35.8818995565644]]],[[[-105.720610129768,35.8903711279298],[-105.720888255367,35.8900068701899],[-105.721713710993,35.8905171720215],[-105.721036227657,35.890807496041],[-105.720610129768,35.8903711279298]]],[[[-105.649624040597,35.9004657387254],[-105.648267327599,35.9004306891088],[-105.648110624583,35.9001303257665],[-105.649183933481,35.8998781609633],[-105.649624040597,35.9004657387254]]],[[[-105.710742109423,35.8865765754744],[-105.710963494733,35.8871902253581],[-105.710413371843,35.8879568281623],[-105.710090078952,35.8878633217566],[-105.709908878878,35.8872680275836],[-105.71057860616,35.8869764380556],[-105.710742109423,35.8865765754744]]],[[[-105.623145590336,35.8866799042688],[-105.623583200135,35.8866683905475],[-105.623789337442,35.8862653772246],[-105.624729221367,35.8864990389432],[-105.624907159659,35.8867605162825],[-105.624479839163,35.887264902454],[-105.624701398746,35.8882442322516],[-105.624278771948,35.8882235116004],[-105.623145590336,35.8866799042688]]],[[[-105.616555756024,35.9019959380317],[-105.617484679605,35.9019848973302],[-105.61750298727,35.9022492777948],[-105.616939885521,35.9035821571436],[-105.616013757498,35.9040255541602],[-105.615857883626,35.9031036902912],[-105.616555756024,35.9019959380317]]],[[[-105.625933489362,35.8868028811881],[-105.62337017275,35.885146379759],[-105.624484418774,35.8851883022925],[-105.625417726134,35.8845870767015],[-105.626303288036,35.8853696691597],[-105.627823583348,35.8848607825007],[-105.628115041742,35.8854074438034],[-105.626998131315,35.8866279644178],[-105.626154507262,35.8862736763165],[-105.625933489362,35.8868028811881]]],[[[-105.702768602774,35.9381379142455],[-105.702726449329,35.9361771221687],[-105.701979518137,35.9357269381281],[-105.702452130791,35.9350098607854],[-105.701807918358,35.9351329008037],[-105.701568005295,35.9345379418203],[-105.700486367217,35.9349497844968],[-105.700015609584,35.9347855491208],[-105.700187558808,35.9343272689449],[-105.699911655641,35.9340692022356],[-105.700444460809,35.9336116758198],[-105.699507327525,35.9336912079037],[-105.699122267374,35.9343600552853],[-105.698570451159,35.9338874989094],[-105.697372096774,35.9343695902046],[-105.695887150168,35.9356206032454],[-105.695327779122,35.935385300187],[-105.694390454497,35.9355338534669],[-105.694522028041,35.9349115563558],[-105.694870342606,35.9347438805196],[-105.693407227757,35.9345190065819],[-105.693063707501,35.934754324584],[-105.691277451576,35.934105409453],[-105.688951323436,35.933897100803],[-105.689161057597,35.9343654544544],[-105.688136439184,35.9343195349568],[-105.688500396113,35.9338315429991],[-105.687803042941,35.9335680034392],[-105.686552654541,35.9322528411878],[-105.683770590971,35.9308000663574],[-105.683254826844,35.9310640828543],[-105.682498852311,35.9307118863313],[-105.683134390612,35.9303504547048],[-105.68235127528,35.9297190992201],[-105.680164425535,35.9291291091305],[-105.680689880688,35.9288398785947],[-105.68134831974,35.9289475173818],[-105.680747858854,35.9278255335306],[-105.681484904087,35.9271651809956],[-105.685651736837,35.9272590337779],[-105.686246233808,35.9276358280708],[-105.686164706306,35.9283833868462],[-105.688079364723,35.9294149838291],[-105.68816410999,35.9289607008974],[-105.688733080433,35.9287103126548],[-105.688999261133,35.9278395806769],[-105.688071718263,35.9278923918433],[-105.687723689362,35.9272042530555],[-105.686734235501,35.9267165699805],[-105.685456663182,35.9266621467767],[-105.684927665972,35.925907576718],[-105.683872036817,35.9255612320128],[-105.681753593782,35.9252744028006],[-105.679530769205,35.9254639771673],[-105.67445974529,35.9223023479137],[-105.673723645085,35.9211691146256],[-105.67359128821,35.9201230821981],[-105.671486676534,35.9198711506098],[-105.671347689194,35.9196347036203],[-105.672221378961,35.918914179664],[-105.674050740545,35.9184564978947],[-105.674728012777,35.9171011407896],[-105.674693303671,35.9164671499285],[-105.675241649693,35.9163165121211],[-105.675754576042,35.9153400177818],[-105.674498596528,35.9153934687925],[-105.674299204671,35.9160863701492],[-105.672662338578,35.9167157697793],[-105.67228597322,35.9172903884518],[-105.671782625606,35.9167206950833],[-105.67058176043,35.916894390062],[-105.669709885259,35.9165027409932],[-105.66903413657,35.9157079690098],[-105.668680342282,35.9139708836103],[-105.668860909942,35.9133748348573],[-105.670545632884,35.9126137347969],[-105.670688914172,35.9122182972271],[-105.67668614606,35.9123209239261],[-105.678828450146,35.9118071670323],[-105.675567500088,35.9107783132314],[-105.674549252527,35.9068909690778],[-105.675137548427,35.9042618338795],[-105.674111149553,35.9034590338361],[-105.673871201455,35.9037754609831],[-105.671671790568,35.9039944528181],[-105.671227775781,35.9034959892577],[-105.669558105909,35.9036842194818],[-105.669562928065,35.9042567033348],[-105.667410671544,35.9045907221296],[-105.66741367551,35.9049485234713],[-105.666844348436,35.9052379425175],[-105.666578671691,35.9050247263853],[-105.665656606747,35.9052087494843],[-105.665314655848,35.9063914490759],[-105.664476343533,35.9060740530162],[-105.66351267132,35.9065445461942],[-105.663781631408,35.9071513531425],[-105.662897785288,35.9073654883308],[-105.662545940344,35.9073674288535],[-105.662283315176,35.9068018063129],[-105.661800724934,35.9069475938061],[-105.661181726414,35.906557403108],[-105.660917844503,35.9065588561502],[-105.660833454969,35.9069887029712],[-105.660218027252,35.9070278701287],[-105.659952957768,35.9068862003255],[-105.659812105525,35.9058135169723],[-105.659059108908,35.9051735768166],[-105.658178633267,35.9050710609054],[-105.658098079539,35.9059660505772],[-105.657222330833,35.9064360110565],[-105.657182196801,35.9069013964479],[-105.656566767288,35.9069405447308],[-105.656663005601,35.9079419116995],[-105.654901999522,35.9077368374397],[-105.654552805506,35.9080607795839],[-105.653716577283,35.9079937699006],[-105.654368632008,35.9070598885198],[-105.655292221393,35.9070548512903],[-105.655901156087,35.9062285434048],[-105.657042268924,35.9059360494289],[-105.657302597998,35.9055052415219],[-105.657074713377,35.9045403773537],[-105.657770382208,35.9035704559663],[-105.656669738474,35.9034333517433],[-105.655795188121,35.9040464242068],[-105.655442473608,35.9039410042932],[-105.655438637801,35.9034758590767],[-105.656483777329,35.9022177828224],[-105.655422411532,35.9015079416284],[-105.655196331626,35.9007577537406],[-105.657214833493,35.9002099941226],[-105.658084592233,35.8990244275018],[-105.657860970118,35.8986570958103],[-105.657432908512,35.8988345241664],[-105.657626381369,35.8982755149993],[-105.65702354983,35.8983503788435],[-105.656633385451,35.8990323701478],[-105.655711069877,35.8991805376426],[-105.654377360938,35.9003080804548],[-105.652722457572,35.8994115103159],[-105.652453021377,35.8987331163118],[-105.653499617972,35.8976539674948],[-105.652477909202,35.8964071530944],[-105.652648227984,35.8957263697332],[-105.654888847288,35.8954636987135],[-105.655633455437,35.8951018156592],[-105.655648451014,35.8944821658809],[-105.654526446241,35.8944312470505],[-105.655351582965,35.893614496384],[-105.654916870233,35.8932824812961],[-105.653774589586,35.8935426204956],[-105.653387112068,35.8928904293528],[-105.653312462966,35.8923751614171],[-105.654132367004,35.89217970836],[-105.654608980754,35.891706835196],[-105.653974938149,35.8912821830423],[-105.653182223419,35.891765371667],[-105.651845537463,35.8909507032629],[-105.650225644139,35.8912581591868],[-105.650142896725,35.8909384791449],[-105.649801020386,35.8909551185582],[-105.649473028407,35.8912898164423],[-105.648956039877,35.8906416676362],[-105.648557824796,35.8907393131591],[-105.648889681326,35.8913608036073],[-105.648093400286,35.8913529904592],[-105.647911243506,35.8921676030541],[-105.647412291349,35.8920074830288],[-105.647636658168,35.8930087689469],[-105.64672699267,35.8936243513231],[-105.645206462897,35.8941096229628],[-105.644632933504,35.8929950329088],[-105.644058586644,35.8928930113677],[-105.643600366798,35.8930196704472],[-105.643299570416,35.8935560551576],[-105.642060735249,35.8937544455747],[-105.640609066733,35.8945531581885],[-105.640466138483,35.8953753046406],[-105.63993192296,35.8956515405207],[-105.639692526428,35.8968092415554],[-105.640638479372,35.8982035931322],[-105.640231378157,35.8987229301845],[-105.640497995438,35.8993299404587],[-105.641073196596,35.8992453928522],[-105.641076316445,35.900014329009],[-105.64049564275,35.8998463630626],[-105.640436122176,35.9002546250743],[-105.64006730626,35.9000596841049],[-105.640123681832,35.9007588794396],[-105.639453029285,35.9006056801702],[-105.639178188826,35.899854138261],[-105.63810734221,35.8996164613423],[-105.637812871765,35.9001960352113],[-105.637966025538,35.9007894457637],[-105.637593334289,35.9012865503638],[-105.634984205394,35.9018233687727],[-105.634565150298,35.9008520926473],[-105.633483292133,35.9011620212801],[-105.632366300857,35.9005295312145],[-105.631222707772,35.9005116931611],[-105.631044148744,35.9001786671584],[-105.630521534065,35.9008254877568],[-105.630256915535,35.9007314580765],[-105.630154591136,35.8989190387385],[-105.629159496753,35.8991389485183],[-105.628363587614,35.8985944588323],[-105.627560970756,35.8989803299752],[-105.627308046494,35.8996242321973],[-105.627801638404,35.8997552392809],[-105.627146275183,35.8999304173923],[-105.626988947837,35.9018164407594],[-105.628331715388,35.9022089971469],[-105.628602917671,35.9016848564169],[-105.629732792584,35.9015336345331],[-105.630515485708,35.9026435099927],[-105.63063953676,35.9032725013946],[-105.630347269883,35.9039521123921],[-105.632023716646,35.9051541506762],[-105.631790214859,35.9057365879253],[-105.630548142163,35.9067602299247],[-105.631445729812,35.9073367217317],[-105.631213373377,35.9080644532295],[-105.632766612606,35.9087343540985],[-105.632831930009,35.9094605200743],[-105.631649346446,35.9104838607035],[-105.631601359342,35.9119371317225],[-105.629158496928,35.9117077860625],[-105.628864269926,35.9121452326636],[-105.629706210536,35.9132063668827],[-105.628222016719,35.9137469160487],[-105.627621677106,35.9131204131914],[-105.626071827221,35.9128863338558],[-105.625592107097,35.9124529293009],[-105.62273097651,35.9120318960224],[-105.621663506661,35.9125702014235],[-105.621185705338,35.912378938044],[-105.620851034386,35.9134283068397],[-105.619820540092,35.9129187667646],[-105.619047700589,35.9130680556116],[-105.618686907526,35.9132190713835],[-105.619020937081,35.9137989406908],[-105.618113493117,35.9140060538227],[-105.617247881001,35.91344941377],[-105.61885287397,35.9109863983036],[-105.617827780348,35.9095359139343],[-105.617112074595,35.9091548650543],[-105.618287671061,35.9072114556436],[-105.618106061355,35.9068249188491],[-105.618476325356,35.906107011874],[-105.617549264881,35.9048643063887],[-105.617720213381,35.9040584993184],[-105.618858100368,35.9040118709683],[-105.619211503889,35.903525708279],[-105.619087165376,35.9028482721938],[-105.618419364082,35.9025762548702],[-105.618794637987,35.9015591957234],[-105.618373005623,35.9013966941434],[-105.618201696898,35.9008833051016],[-105.619544141954,35.9003757777447],[-105.619717960572,35.8990646762972],[-105.6192807092,35.8985937733524],[-105.61965317048,35.8982341880953],[-105.618718677344,35.898128983113],[-105.618273019539,35.8991767245976],[-105.617751402888,35.8991127127139],[-105.617329020431,35.8984976794847],[-105.6160740093,35.898236793222],[-105.614803411501,35.8987514816094],[-105.614637831333,35.898291862523],[-105.613718512539,35.8981080547462],[-105.613984372541,35.8971973474308],[-105.613466590798,35.8975292296689],[-105.612003436422,35.8961019243063],[-105.609808386856,35.8955254794663],[-105.608922985752,35.8947653866322],[-105.608538910154,35.8950055057864],[-105.608159185996,35.8943338032943],[-105.607770808366,35.8943037875484],[-105.607762333659,35.893548840422],[-105.608053103045,35.8935251651103],[-105.607803050698,35.8930008941038],[-105.605561860065,35.8935447774936],[-105.605053143221,35.8933181555628],[-105.604618970377,35.8924300295725],[-105.604290475342,35.8928504961676],[-105.604179551371,35.8916404244312],[-105.604620115729,35.8910484139026],[-105.605067601606,35.8913669247308],[-105.60543401902,35.8910181509299],[-105.605789347631,35.8913992842233],[-105.606331098223,35.8909983989194],[-105.606326543764,35.8904010731183],[-105.605795570261,35.8901112366659],[-105.605842884527,35.8896453704705],[-105.606107303631,35.8893025764595],[-105.606882478754,35.8894356835022],[-105.607158399887,35.8884450303717],[-105.607858572871,35.8881702241827],[-105.609250303096,35.8892146995035],[-105.609750022414,35.8902131868319],[-105.609012137256,35.8902419567438],[-105.609843823597,35.8911605717964],[-105.609394983959,35.8920418559326],[-105.609615631752,35.8927414517543],[-105.608766333042,35.8933487283989],[-105.60919902187,35.8940305925059],[-105.610132697538,35.8945758980692],[-105.610847024377,35.8946073145774],[-105.611451423477,35.8937619521114],[-105.610961513762,35.8937353928681],[-105.610847905625,35.8931505319982],[-105.611060875517,35.892467547594],[-105.611515372745,35.8922645109461],[-105.611063114119,35.8908513783378],[-105.6111211911,35.8898253283628],[-105.612378273746,35.8899119972782],[-105.613495135664,35.8894195160922],[-105.613665683516,35.8887268571942],[-105.613331495857,35.8874858729717],[-105.61370820527,35.8870633029539],[-105.613462319308,35.8868650660744],[-105.613667016616,35.8862709921939],[-105.615113686905,35.8867123340896],[-105.615064628111,35.8876522480031],[-105.614573310736,35.8879787737426],[-105.615073489991,35.888798131945],[-105.613356844518,35.8904936864765],[-105.613979076972,35.891349277467],[-105.614886910805,35.8912253593458],[-105.615507136423,35.891818550414],[-105.616032216978,35.8914818927481],[-105.61611276891,35.8905272893398],[-105.616079943571,35.8900742182295],[-105.615343765213,35.8896486075824],[-105.615573292852,35.889003352798],[-105.615954373467,35.8890013994529],[-105.616103314141,35.8885541018078],[-105.616604079997,35.888697324022],[-105.617180741815,35.8883748797227],[-105.617644387486,35.8876807088085],[-105.618316860918,35.8887662662771],[-105.61935180816,35.8886022508579],[-105.619146831477,35.8884133239454],[-105.619602438124,35.8880872970731],[-105.61939329236,35.8872736963383],[-105.619594159251,35.8867795626618],[-105.620320736415,35.8862959396835],[-105.620396335036,35.8877318699664],[-105.621630180961,35.8880768184629],[-105.621889026018,35.8887630356791],[-105.620938470107,35.8890711536383],[-105.620794506998,35.8894058645806],[-105.621408797447,35.8892357051818],[-105.622555587637,35.8896830055265],[-105.622943770333,35.8905874728744],[-105.623294420517,35.8904425256476],[-105.623643467209,35.889611452837],[-105.625077246675,35.8894798809557],[-105.625933697772,35.8902462600032],[-105.626355239405,35.8899981006254],[-105.626992036245,35.8904527885275],[-105.62632056174,35.8912855518105],[-105.626499079445,35.8916185875727],[-105.627053615758,35.8913055824786],[-105.627495405418,35.8915656765034],[-105.630222241463,35.8916229628046],[-105.630659693159,35.8913344109415],[-105.632044612358,35.8922967434444],[-105.632698488866,35.8934440025399],[-105.633627901131,35.8933855917525],[-105.632747296132,35.8921106358995],[-105.633238619796,35.8912254212048],[-105.633766662994,35.8912703461401],[-105.633367754414,35.8910919743983],[-105.633353037315,35.8906966643505],[-105.634175339855,35.8898497340025],[-105.633344291317,35.8897697262691],[-105.633342200938,35.8895073360549],[-105.634098088334,35.8887161421414],[-105.634210586153,35.8881191797532],[-105.635171072041,35.8872553349281],[-105.63516192809,35.8861103558785],[-105.636476028604,35.8861162285002],[-105.637116133041,35.8848834152655],[-105.639717003723,35.8844260497724],[-105.640126076741,35.8837223840079],[-105.641909990758,35.8838330376821],[-105.642182287188,35.8833550686561],[-105.643212570378,35.8834612547272],[-105.643842878687,35.8829868774779],[-105.645337848694,35.8828785997149],[-105.645365777316,35.8824025267605],[-105.644902674228,35.8824189765471],[-105.644650422805,35.8816547110939],[-105.645926372766,35.8817153570002],[-105.646120986484,35.8824403530401],[-105.646514215017,35.8822706896146],[-105.646867572724,35.8825459973739],[-105.647443141292,35.882347302296],[-105.648031316818,35.8825835783052],[-105.648174561275,35.8821763744191],[-105.649347202284,35.8821938949001],[-105.649659503389,35.8824584484515],[-105.65098209388,35.8820154051825],[-105.65143411625,35.8822640597586],[-105.652857477953,35.8811436417729],[-105.654232354885,35.8809746510124],[-105.654121119198,35.8802366653684],[-105.653648600867,35.8804838880205],[-105.653484431952,35.8799046822576],[-105.654579993917,35.8798311358637],[-105.655507914978,35.8802559746164],[-105.655510238919,35.8805380824185],[-105.6572830282,35.8812442526035],[-105.657503424465,35.881086971655],[-105.658078563639,35.8817408452547],[-105.65875429526,35.8819279794062],[-105.658240712243,35.8836244787331],[-105.658593438434,35.8837418190472],[-105.659970990549,35.8833210879188],[-105.660079426187,35.8826602008736],[-105.660888054572,35.8834061197956],[-105.661239241051,35.8827432755934],[-105.663124952156,35.88310087655],[-105.664039540421,35.8825360311531],[-105.665851462112,35.8833659081647],[-105.666050783002,35.8831640076079],[-105.665481175654,35.8822464373961],[-105.666217275859,35.8821899580326],[-105.664965066573,35.8809452452338],[-105.665271219609,35.8802204706055],[-105.663955342228,35.879106059895],[-105.664429370627,35.8782948576715],[-105.664200258907,35.877819714324],[-105.663083143664,35.877678612399],[-105.662622383382,35.8771080137233],[-105.662758713506,35.8765681518435],[-105.66315561525,35.8770060823523],[-105.663796200285,35.8768950704834],[-105.663937287887,35.876332590148],[-105.663546193752,35.8744370151777],[-105.662828559316,35.8744530939299],[-105.662822852319,35.8740512952065],[-105.663383028255,35.8737201363773],[-105.66300129187,35.8718673500451],[-105.66231098149,35.8718192017402],[-105.662155183077,35.8706786117868],[-105.662968515939,35.8706006258386],[-105.662859432616,35.8697057306429],[-105.66213944639,35.8687922383506],[-105.662527640764,35.868485226624],[-105.662159878571,35.8680629476102],[-105.662618398455,35.867484641075],[-105.66343613935,35.8673543063888],[-105.663501369616,35.8670198349421],[-105.66307249773,35.8666254180912],[-105.663885170329,35.8654256260097],[-105.663930964646,35.8645915388667],[-105.664461135954,35.8649106467599],[-105.665524772691,35.8638384502974],[-105.666172260382,35.8640131341987],[-105.667464495901,35.8632706312281],[-105.668040423796,35.8634233508992],[-105.66894237546,35.8624828051345],[-105.670433684833,35.8632930779668],[-105.671332574141,35.8622714489834],[-105.672463961817,35.8625938088037],[-105.672460606609,35.8623013327216],[-105.672833134364,35.8622947179388],[-105.672946992233,35.8626163620244],[-105.673923666661,35.8626108866135],[-105.674838427403,35.8631904568684],[-105.675421342395,35.8629450694461],[-105.675058485004,35.8623451296172],[-105.67635648591,35.8619853484578],[-105.67535050215,35.8611265572727],[-105.675397062729,35.8606750732781],[-105.676427482462,35.8603684625598],[-105.676933751397,35.8606459155051],[-105.676993512719,35.8611934966909],[-105.677895569487,35.861396662495],[-105.679155995662,35.8632039687522],[-105.678744677754,35.8639828405118],[-105.677571916371,35.8647713047079],[-105.677295140042,35.8653072109844],[-105.676775562567,35.8648616708648],[-105.675765774441,35.8652511992909],[-105.676221473615,35.8660031882819],[-105.675872467347,35.8665369474223],[-105.674296167467,35.8670135685256],[-105.673248587217,35.8677210888093],[-105.673109209109,35.8682286129085],[-105.671339662747,35.8685113764853],[-105.670581993992,35.8695290960005],[-105.671019234583,35.8702672789397],[-105.669775760516,35.8704691191917],[-105.669685885868,35.8711712655597],[-105.67080015974,35.8726852771332],[-105.670375385069,35.8734282735005],[-105.671727115112,35.8736590053818],[-105.672591875625,35.875014072845],[-105.676938931981,35.8733765775466],[-105.677534361403,35.8721999200643],[-105.677027807702,35.8711948842238],[-105.679787245405,35.8707247254594],[-105.681357383741,35.8680517900701],[-105.682112103327,35.8681778322542],[-105.682404106998,35.8687218970404],[-105.682025010762,35.869191813632],[-105.682519939364,35.8710600526111],[-105.682091941539,35.8714133059413],[-105.682143172459,35.8718028167221],[-105.68343117871,35.8725304155565],[-105.683979901127,35.8721206238854],[-105.684281188887,35.8724681000356],[-105.684724197561,35.8721793189634],[-105.685002030308,35.8727355744695],[-105.685918093607,35.8727409793002],[-105.686428958323,35.8722092098845],[-105.688513004866,35.8737797816537],[-105.689231821485,35.8735900397849],[-105.688900679115,35.8730409188041],[-105.689105739342,35.872786946188],[-105.690529052536,35.8737300425626],[-105.690830373533,35.8733275515619],[-105.690847168436,35.8725612162514],[-105.689922409445,35.8719787452991],[-105.688847773735,35.8718466666014],[-105.689225262886,35.8714057259485],[-105.690859467271,35.8717346873599],[-105.693039472751,35.8712156136977],[-105.693394313576,35.8715761573217],[-105.69426296649,35.8717047256503],[-105.694823495464,35.8714533969792],[-105.695954221082,35.8720575320693],[-105.697617694376,35.8719142965069],[-105.697624386825,35.8726776069995],[-105.698394585281,35.8722723729166],[-105.70011401643,35.8731593011632],[-105.700931601018,35.8728110258735],[-105.701387080105,35.8740791778429],[-105.701972647821,35.8738736366152],[-105.702046374353,35.8744871876577],[-105.703069135949,35.8745519728337],[-105.702454037914,35.8752830192322],[-105.703675794311,35.8755621239708],[-105.70326698989,35.8765418183019],[-105.704984276761,35.876500838175],[-105.705692928942,35.8774260994924],[-105.706598092982,35.877731409008],[-105.706644533187,35.8783232701609],[-105.707980033367,35.8787622980541],[-105.708375533739,35.8800112667249],[-105.708801578627,35.8800646156776],[-105.709108956965,35.8806661056005],[-105.708295456118,35.8818104828306],[-105.708776020659,35.8833763102487],[-105.709669630568,35.8837500092303],[-105.709490689757,35.8842281592828],[-105.709066276209,35.8842707096809],[-105.709596173531,35.8850752509224],[-105.710322404844,35.8847898870354],[-105.710378094103,35.8851471992723],[-105.71093028761,35.8854123768785],[-105.711081645651,35.8859482105038],[-105.709466847571,35.8870082382147],[-105.709441748642,35.887411189534],[-105.709262313757,35.8870094463497],[-105.708530547025,35.8872046028588],[-105.707110127304,35.8884763910905],[-105.706732364168,35.8885132996516],[-105.705966930375,35.8877683545757],[-105.705728318971,35.8884029771065],[-105.70527968325,35.8884538495972],[-105.706009228449,35.8890604429987],[-105.707403688654,35.8890480497454],[-105.70760606741,35.8895210821591],[-105.7095722487,35.8900234479391],[-105.709604368861,35.8895163480209],[-105.71027467376,35.8893938520052],[-105.710414361786,35.888650604384],[-105.710852997461,35.8886622837503],[-105.711700792392,35.8876868061997],[-105.7120151183,35.8867784680592],[-105.711747037663,35.8863029643968],[-105.712362595635,35.886299315214],[-105.712678820581,35.8857581557138],[-105.713529523359,35.8856721692994],[-105.713463624746,35.8848615037623],[-105.714003070261,35.8844391686536],[-105.714632349101,35.8844993830167],[-105.714987432471,35.8846571637473],[-105.715022292494,35.8854247444998],[-105.71567587705,35.8852665926607],[-105.717362095687,35.8865297410489],[-105.717176576513,35.8877460348554],[-105.717811945032,35.8884777462144],[-105.717380554269,35.8885762590059],[-105.716118328769,35.8899505892187],[-105.716445720672,35.8904972918004],[-105.716971433641,35.8902794634301],[-105.717138437639,35.8925446518244],[-105.718267974786,35.8924557356122],[-105.71852475821,35.8932810411094],[-105.71828426753,35.8937995466411],[-105.720149179043,35.894299151939],[-105.720241659703,35.8947995407502],[-105.721461169414,35.8951142589052],[-105.721841416392,35.8957214453054],[-105.72222640378,35.8954436217959],[-105.722289933535,35.894875381571],[-105.7229315166,35.8946414585755],[-105.723638874309,35.8949149709788],[-105.723623006468,35.8953400329998],[-105.724105857221,35.8957901245623],[-105.724360897913,35.8950032418535],[-105.723708827917,35.8942479164302],[-105.721560895885,35.8935046823541],[-105.721885065532,35.8930447264266],[-105.722377032389,35.8929845178335],[-105.722632135963,35.8923131686158],[-105.722364967116,35.8920498131064],[-105.721926944092,35.8924910485638],[-105.721072131522,35.8913320806781],[-105.722427199704,35.8910289893896],[-105.722575959817,35.8916474646808],[-105.72313148248,35.8911571870123],[-105.724745137005,35.8929129994203],[-105.724190290773,35.8937941934606],[-105.725774287418,35.8951777376947],[-105.725799180633,35.8959067169556],[-105.726334272014,35.8967145361618],[-105.726888585545,35.896487769759],[-105.727185309863,35.8968048040278],[-105.727741659874,35.8967298695901],[-105.728082580406,35.8962515330527],[-105.728482150146,35.8963445288902],[-105.72859204375,35.8967485679126],[-105.729384670444,35.8968630296393],[-105.729585234603,35.8957244784095],[-105.729803730033,35.895948945252],[-105.730440338227,35.8956908282675],[-105.731516183069,35.8959197371493],[-105.731211041537,35.8978061049518],[-105.731448645031,35.8981386206386],[-105.732660124701,35.8974142966304],[-105.732036545672,35.8972767276598],[-105.732817630812,35.8970688335791],[-105.732727439957,35.8963568686065],[-105.733664665768,35.8962557297403],[-105.736133555969,35.8969276313247],[-105.736360827939,35.8977118104425],[-105.736873863883,35.897708664622],[-105.737797338283,35.8970647540943],[-105.737983318293,35.8965918569859],[-105.74084152666,35.8962498382225],[-105.741110930515,35.8965559702492],[-105.741684678199,35.8964743297728],[-105.742072777351,35.8971697443645],[-105.742075560332,35.8974679067453],[-105.741418168715,35.8978897372036],[-105.741607237133,35.8985147510105],[-105.742510689882,35.8979792993242],[-105.74367352578,35.8982867024837],[-105.744000806293,35.8988519354476],[-105.744270602712,35.8975420691272],[-105.745331748421,35.8972601950912],[-105.745751974023,35.8986629929704],[-105.747057463286,35.8993042810396],[-105.747826259472,35.8973301646759],[-105.749925503713,35.8972933475486],[-105.750356623185,35.8966263028528],[-105.750995655932,35.8963613127087],[-105.751638272058,35.896475926358],[-105.752370752053,35.8975846363849],[-105.752789481061,35.89764399226],[-105.753356468923,35.8993123844746],[-105.753366812125,35.9004037558979],[-105.753111335749,35.9011408906975],[-105.751975866129,35.901337819883],[-105.751223068039,35.90191197758],[-105.751494488612,35.9028593535231],[-105.752211340616,35.9034127471242],[-105.751952619526,35.9037671593599],[-105.751073010759,35.9036365307406],[-105.751352252065,35.9039531834729],[-105.751119238962,35.9046500560153],[-105.749098052031,35.9052849878015],[-105.749037349274,35.9048717871325],[-105.748742976745,35.9048736229379],[-105.748376774926,35.9053231771482],[-105.746691208466,35.9053634882265],[-105.74597142526,35.9057198228301],[-105.744971441347,35.9053920692714],[-105.744630421102,35.9046991761207],[-105.744564456913,35.9052574210264],[-105.743472522345,35.9059500022344],[-105.743358453372,35.9065167943166],[-105.743729029987,35.9071867301163],[-105.743345445767,35.9081573289584],[-105.742834016011,35.9083394013635],[-105.742390385703,35.9078131635438],[-105.742173827041,35.9081723196542],[-105.741764358765,35.9114250202773],[-105.738146640995,35.9126102206975],[-105.738157443236,35.9137730589685],[-105.737351911344,35.9138674631171],[-105.737063944702,35.9144357736092],[-105.737580685298,35.9148202346657],[-105.737622598892,35.9153865208689],[-105.738654442455,35.9159765392812],[-105.738551687763,35.91675244037],[-105.737931334584,35.9170544350059],[-105.737786378836,35.9172342352797],[-105.738155694216,35.9175301453521],[-105.737353998131,35.9180419786547],[-105.734830333155,35.9186538117585],[-105.7349893673,35.9199946499531],[-105.734623637096,35.9200863426036],[-105.734702739147,35.9207120380752],[-105.734265070957,35.9209532599335],[-105.734267552104,35.9212216072468],[-105.735097197473,35.9214682043216],[-105.734610143503,35.9225911411494],[-105.732448209431,35.9226938045864],[-105.731460022194,35.9230782225958],[-105.731419583633,35.923375164891],[-105.730729171743,35.9231217327272],[-105.730516069799,35.9237661004884],[-105.73075829243,35.9241913465372],[-105.730343312091,35.9245712921987],[-105.72917702846,35.9244138856434],[-105.727319389707,35.9251741534541],[-105.725493315957,35.9264273960884],[-105.725510138707,35.9267847502373],[-105.725163273125,35.9265831153667],[-105.724145749606,35.9270690498104],[-105.723364288073,35.9276031916997],[-105.723402150265,35.9279176819208],[-105.722973447262,35.9279366900271],[-105.721157573882,35.9294340148523],[-105.720322706607,35.9295105913428],[-105.718673870462,35.9304644524842],[-105.718445593277,35.9311677943654],[-105.719137520625,35.9317759493932],[-105.718705374379,35.932146538728],[-105.718209153999,35.9324119065549],[-105.717514614351,35.9320082678509],[-105.715670534769,35.9325648500287],[-105.71302763461,35.934604058374],[-105.712798635179,35.9352338023203],[-105.711863271576,35.9355971696353],[-105.711889458365,35.9367530119193],[-105.712413585807,35.9365395003335],[-105.712709677711,35.9368478497676],[-105.712269587664,35.9371819666062],[-105.711093951672,35.9368830068974],[-105.710752557728,35.9360331305283],[-105.709988466917,35.935870670665],[-105.709404412862,35.936160376617],[-105.709050192772,35.9359104010318],[-105.70586483864,35.9361587088259],[-105.705398514193,35.9364954120789],[-105.704839109011,35.936260153083],[-105.703251113964,35.9379704932704],[-105.702768602774,35.9381379142455]]]]},"properties":{"name":"Jaroso","year":2013,"acres":11149,"src":"history"}},{"type":"Feature","geometry":{"type":"MultiPolygon","coordinates":[[[[-105.633346645802,35.7248908800934],[-105.632693156467,35.7254907027227],[-105.63210378169,35.7254594358336],[-105.632156259473,35.7246957881755],[-105.633346645802,35.7248908800934]]],[[[-105.699095875769,35.7279338278723],[-105.698177481342,35.728079766985],[-105.697539308282,35.7269335548635],[-105.698223095995,35.7267203078554],[-105.699095875769,35.7279338278723]]],[[[-105.697223256711,35.7307099512894],[-105.697482118836,35.730440609763],[-105.698315891066,35.7304357735198],[-105.699179154986,35.7308860788558],[-105.697806215719,35.731643947917],[-105.697345157197,35.7315060134057],[-105.697223256711,35.7307099512894]]],[[[-105.594647853979,35.7123628796132],[-105.595686054919,35.7118985176458],[-105.596263158709,35.7122237432255],[-105.596040274111,35.7131622315286],[-105.596502451934,35.7134880259764],[-105.594980932219,35.7141255798374],[-105.594259844659,35.7133116440459],[-105.594707099669,35.7128481264043],[-105.594647853979,35.7123628796132]]],[[[-105.689013865943,35.754579800532],[-105.688185865389,35.7543937999192],[-105.687924865273,35.7537778009159],[-105.687467865339,35.7537747995623],[-105.687581864243,35.7533828008139],[-105.687022864202,35.7537348007009],[-105.686712865479,35.7535958007286],[-105.687062865283,35.753348799392],[-105.687001863387,35.7531888007823],[-105.686283865133,35.7533398003854],[-105.686706863834,35.7530527997791],[-105.686715864055,35.7517327994524],[-105.687205862703,35.7516567991382],[-105.687409863816,35.7519257991569],[-105.687798864877,35.7515687995662],[-105.688115865069,35.7518537992274],[-105.688688865355,35.7512617994441],[-105.688946864199,35.7513697990236],[-105.68861786521,35.7520897990365],[-105.689125865198,35.7525558003173],[-105.68921386596,35.7531397996811],[-105.688554864562,35.7533247993658],[-105.688475863123,35.7537857996648],[-105.687963863835,35.7536217996352],[-105.688206864407,35.7540348007839],[-105.688799865683,35.7541568009073],[-105.689013865943,35.754579800532]]],[[[-105.6254478709,35.7002457643588],[-105.624876709465,35.6994046839342],[-105.62557409857,35.6988285289367],[-105.626100491564,35.6988257917861],[-105.62623311973,35.6993493358023],[-105.62696360816,35.6991318326646],[-105.627425095179,35.6993637735927],[-105.627040512931,35.701615499978],[-105.626534441626,35.701618136363],[-105.626218102594,35.7021105085476],[-105.625164435359,35.7020086340614],[-105.624677980565,35.7015101955117],[-105.624893688523,35.701043894053],[-105.625305089973,35.7010138205132],[-105.6254478709,35.7002457643588]]],[[[-105.640272616218,35.7278298562463],[-105.639725247563,35.7279725343389],[-105.638489991283,35.7259612572016],[-105.638386208919,35.7264902113489],[-105.637453784603,35.7263543521542],[-105.63685431995,35.727181163229],[-105.636475808516,35.7262781153951],[-105.635051487413,35.7263672492197],[-105.634527886383,35.7255732396958],[-105.63522298119,35.7249885494859],[-105.63745774258,35.7245831178227],[-105.637720082084,35.7250734432751],[-105.638548163486,35.725177020314],[-105.639882790504,35.7262385730946],[-105.640272616218,35.7278298562463]]],[[[-105.624136714165,35.6984925896769],[-105.622624913323,35.699100893928],[-105.622204396667,35.698502594325],[-105.622973438992,35.6966882957192],[-105.62341230194,35.6965064495749],[-105.623723716408,35.6957769546527],[-105.623396533812,35.6952257197052],[-105.625936455599,35.6946757905],[-105.626395981597,35.6949664741643],[-105.627778384614,35.6940869398027],[-105.628218422559,35.6942635597929],[-105.62774286433,35.6952028220229],[-105.628099455971,35.6958744255436],[-105.626654816773,35.6954923131435],[-105.626305285889,35.6964545734984],[-105.626528733731,35.6969561084277],[-105.624913012183,35.6976519627645],[-105.624136714165,35.6984925896769]]],[[[-105.680307301683,35.7526540306645],[-105.679959779432,35.7527336598383],[-105.679664820303,35.7519435000439],[-105.678768634027,35.7516082636758],[-105.678833237268,35.7512035609708],[-105.679923695005,35.7503863252681],[-105.679433143893,35.7492194636442],[-105.6788833426,35.7491936637899],[-105.678970577997,35.7484236551684],[-105.677253607334,35.7478250274196],[-105.676708647061,35.7481491111579],[-105.676374142297,35.7476391320453],[-105.676485941228,35.7470182681239],[-105.678218552459,35.7465627499526],[-105.679136926225,35.7470932259146],[-105.679574279106,35.7470107148898],[-105.679728060801,35.7464434051694],[-105.680650791396,35.7461044987513],[-105.681003080108,35.7472847502876],[-105.682232199995,35.7477142401688],[-105.683791230663,35.7489307093728],[-105.683852260406,35.7495157698652],[-105.684431189573,35.7499682200641],[-105.683786120147,35.750347500655],[-105.683443219728,35.7495408288966],[-105.682863610537,35.7501451594771],[-105.683008368655,35.7504152304697],[-105.682294590687,35.7508640092062],[-105.682982299546,35.7523152389034],[-105.682237571023,35.7523354395405],[-105.682365980701,35.7516143409079],[-105.682141339896,35.7513974185767],[-105.682003790758,35.7518013395017],[-105.681655778925,35.7516208803473],[-105.681574559546,35.7520590893637],[-105.680677109339,35.7519615209717],[-105.680307301683,35.7526540306645]]],[[[-105.582589985313,35.7154514995784],[-105.580496475018,35.7157467469762],[-105.5796877047,35.7149556635967],[-105.579977884791,35.7134089505413],[-105.581491908964,35.7111005732083],[-105.585716136875,35.7092790190536],[-105.588375296541,35.708872327243],[-105.588982482214,35.7085054514496],[-105.588695258479,35.7080466325854],[-105.589848087144,35.7071629584913],[-105.59104454878,35.7074366028957],[-105.591250876529,35.7079757163076],[-105.590796409844,35.7108160928966],[-105.591639627858,35.7117400294779],[-105.592717352874,35.7120222599489],[-105.591842029071,35.7129008816689],[-105.589845399385,35.7129939611324],[-105.588952978846,35.713479778106],[-105.588238082475,35.714042031027],[-105.588814379577,35.7147557006736],[-105.588728901285,35.7150785361215],[-105.587942447813,35.7156555714499],[-105.587263655631,35.71502864945],[-105.586166162289,35.7149933822377],[-105.584609808602,35.7144298669162],[-105.583687131007,35.7145665757435],[-105.582589985313,35.7154514995784]]],[[[-105.609326095753,35.7141321252734],[-105.608937062353,35.7145861309808],[-105.610159617352,35.7157198400431],[-105.611172066288,35.7160858781446],[-105.611833883904,35.7151273199564],[-105.611668920879,35.7145563149129],[-105.612188575609,35.7136590946979],[-105.611699670211,35.712838568484],[-105.611040198096,35.7126630027636],[-105.61126506348,35.7119823466037],[-105.611011810435,35.7110153676627],[-105.611719838287,35.7107113031462],[-105.611446164739,35.7104406292063],[-105.61170584523,35.7099741290629],[-105.61279579991,35.709844108406],[-105.612847912078,35.7091447673368],[-105.612309110656,35.7085397338861],[-105.613576448469,35.7078891827679],[-105.614385693996,35.7083403347628],[-105.615712059208,35.7079544576783],[-105.615948039446,35.7087500257738],[-105.616637600631,35.7087464946177],[-105.616878653656,35.7080064254759],[-105.616512506635,35.7074447799065],[-105.617192075859,35.7073844479902],[-105.617471317165,35.7066168514854],[-105.618669260122,35.7063041422631],[-105.618751640126,35.7056101009986],[-105.619546779408,35.7054626413898],[-105.619652929732,35.7050669624722],[-105.62035179387,35.7046697482567],[-105.620936801037,35.7050845628976],[-105.621953301375,35.705063347265],[-105.623164351651,35.7056195131651],[-105.623122352716,35.7065894819185],[-105.624197632518,35.7063692098492],[-105.624238433998,35.7059753853225],[-105.62538296762,35.7064704084008],[-105.625557609095,35.7063621502437],[-105.624938678847,35.705757051905],[-105.625155233916,35.705398094626],[-105.625419568578,35.7055398551119],[-105.625591692075,35.7051095629647],[-105.627690696466,35.7042398387608],[-105.629075849227,35.7046982476931],[-105.62908043872,35.7052824288187],[-105.630519001714,35.7055343404217],[-105.631202737324,35.7064042445363],[-105.63258333383,35.7071484404157],[-105.632532960801,35.7063256938417],[-105.631773900555,35.7046478723483],[-105.63111304234,35.704293507181],[-105.631068829058,35.703622074507],[-105.630152105497,35.7027241104173],[-105.63023286494,35.7021278761897],[-105.629690944566,35.7019750491256],[-105.629549495842,35.7007233770131],[-105.629906264452,35.7001044817694],[-105.629265546465,35.6995885128453],[-105.629204040614,35.699073273016],[-105.62942318373,35.6977129184971],[-105.629238298766,35.6961203320965],[-105.629898887487,35.6959908279773],[-105.629893677258,35.6953283032253],[-105.630477694482,35.6947067506514],[-105.629615769052,35.6944234301998],[-105.629393077591,35.6939951959775],[-105.629905269119,35.6932578184405],[-105.630772949157,35.6931126669629],[-105.63102056707,35.6925571003518],[-105.630985784302,35.6918460824403],[-105.629831602774,35.69119595543],[-105.629822759758,35.6900711401311],[-105.630576187567,35.6882636846532],[-105.634313696578,35.6884704935883],[-105.63502226881,35.6893255569318],[-105.634828490525,35.6902806570179],[-105.635320835572,35.6906001931415],[-105.637065539924,35.6905485890095],[-105.637571209682,35.6913741774268],[-105.639446829113,35.6916147390632],[-105.641765684492,35.6908533257726],[-105.643858812105,35.6896805307133],[-105.64676249948,35.6889970663346],[-105.647503654505,35.6882900441581],[-105.648884312994,35.6885169560293],[-105.648889627428,35.6891730964007],[-105.64832940388,35.6902836673308],[-105.648908632186,35.6914958554907],[-105.648431943875,35.6922140884059],[-105.648827865557,35.6923550887668],[-105.649684305874,35.6920604332373],[-105.650223887933,35.6907594514683],[-105.650683108502,35.6907100989604],[-105.65090986484,35.6903339189642],[-105.65056097715,35.6898202448902],[-105.651018669685,35.6895834250793],[-105.652400886752,35.6899977637096],[-105.652402815435,35.6902345049531],[-105.654733245606,35.6902973530901],[-105.653981472494,35.6927912213982],[-105.654497377657,35.6956948814511],[-105.654412804866,35.696991646253],[-105.655535633394,35.6972926078753],[-105.656619846043,35.698732231075],[-105.658002691032,35.6990932413124],[-105.659079683023,35.6986652612354],[-105.659178842657,35.6983316608658],[-105.660010241537,35.6982787704809],[-105.659684101885,35.6975601887526],[-105.660374603606,35.696392590341],[-105.662390534495,35.6972095732506],[-105.662390079049,35.6978484179888],[-105.663390416,35.6976074046087],[-105.663873821912,35.6977120904829],[-105.664096708307,35.6981402573273],[-105.665678239078,35.6984177874934],[-105.66596580597,35.6976568951067],[-105.667688281509,35.6975067463315],[-105.668460841637,35.6979655769772],[-105.669066022271,35.6973584904071],[-105.671013590468,35.6966446102817],[-105.67078181165,35.6964115569209],[-105.671522427686,35.6956575228288],[-105.672155593536,35.6957945965244],[-105.672333855221,35.6964966380042],[-105.672819327258,35.6967969667981],[-105.674110980669,35.6962936814287],[-105.67458010786,35.6968590218652],[-105.677141846132,35.6967776326234],[-105.677751920788,35.69792195279],[-105.67911204379,35.69854383704],[-105.680822345361,35.7000528830575],[-105.684599983913,35.6999667166141],[-105.684982032912,35.7009159670815],[-105.684499737317,35.7023450822785],[-105.686164802426,35.7048994671815],[-105.686051009235,35.7052306182674],[-105.684993629264,35.7054709856487],[-105.684940177708,35.705939979885],[-105.682596039245,35.70694563277],[-105.682256370965,35.7082726537744],[-105.681470656807,35.7087422843649],[-105.681092561293,35.7107124913536],[-105.680263856461,35.7112897056341],[-105.680622744197,35.712218035708],[-105.680362243544,35.7125415561235],[-105.680543515483,35.7132204081122],[-105.680023114253,35.713939009887],[-105.679814379917,35.7151925955035],[-105.681220193031,35.7153993418943],[-105.681790626829,35.7146227987698],[-105.681871432984,35.7132156736671],[-105.683081873304,35.7110976132808],[-105.683071188742,35.709845268179],[-105.682580363643,35.7088819111688],[-105.683670723464,35.7081242778172],[-105.686824142488,35.7088549858707],[-105.687545746579,35.7111409771552],[-105.688075288168,35.7114957808886],[-105.688036028197,35.7120327515952],[-105.688924568912,35.7133158547868],[-105.690550354286,35.7135928025941],[-105.691388279427,35.7140889526647],[-105.691654159192,35.7146107305594],[-105.692709305053,35.7148551417339],[-105.693019834681,35.715246966224],[-105.69353488285,35.7163425336257],[-105.692834266997,35.7179118985751],[-105.695050646162,35.7182884910935],[-105.696097307435,35.7202178549121],[-105.69598766536,35.7208277853154],[-105.696656036186,35.7212491912629],[-105.696633718441,35.7224175881301],[-105.697198469497,35.723070978681],[-105.696941741769,35.7238239067808],[-105.695907592231,35.7238728799816],[-105.695500158638,35.7242520289118],[-105.695847038594,35.724484367865],[-105.695337104533,35.7253309536879],[-105.695335610635,35.7261038212291],[-105.696093651292,35.7264045628213],[-105.697081753189,35.7276643012079],[-105.696396120337,35.7281369591291],[-105.696689216359,35.7287914250762],[-105.696528618248,35.7301515503781],[-105.695896770226,35.7302020736793],[-105.695727188962,35.7305311375882],[-105.695735749008,35.7315153306323],[-105.696316657163,35.7322150040525],[-105.696041495107,35.7336226584504],[-105.695527430592,35.7340005811343],[-105.695709730204,35.7346192649428],[-105.696334349483,35.734705416528],[-105.69651425239,35.7352053355358],[-105.696344006372,35.7358146283651],[-105.695626331512,35.7362681284293],[-105.696336864765,35.737203796746],[-105.696878865089,35.7393057978188],[-105.69771786731,35.7404347970573],[-105.698038678155,35.7430202541823],[-105.69878417923,35.7438516124669],[-105.699589153268,35.7457594920682],[-105.700956462792,35.7458677849162],[-105.702423186174,35.7471878256485],[-105.702717635059,35.7486303641582],[-105.704204274989,35.7489925328319],[-105.705519778671,35.7500966908943],[-105.70574314297,35.7508890853101],[-105.705241443765,35.7514372210441],[-105.705329972737,35.7518030709546],[-105.704586293446,35.7520936913285],[-105.704066177879,35.7528481748883],[-105.703984059286,35.7534927439913],[-105.701954767754,35.7530537759387],[-105.70139196155,35.7540243015473],[-105.700166493314,35.7546046217706],[-105.699285997012,35.7544306243455],[-105.698972106787,35.7537159716967],[-105.698533586995,35.7538259909604],[-105.698463539064,35.7558683572608],[-105.700092720968,35.7562171240069],[-105.700097104747,35.7567174925822],[-105.700858420662,35.7574828764922],[-105.70073268976,35.7581634791793],[-105.699286562053,35.75845815638],[-105.697834800112,35.7581087608747],[-105.69735462005,35.7576294853229],[-105.696302735971,35.7586185970853],[-105.69415918143,35.7594897723957],[-105.693008816844,35.7584587060248],[-105.693310205215,35.7577770976863],[-105.693170752547,35.7568833349409],[-105.692511982914,35.7568513470176],[-105.692417989491,35.7561362327868],[-105.69087417359,35.7552863236245],[-105.691573096119,35.753740950672],[-105.69149421146,35.7521462631321],[-105.69101882391,35.751707218394],[-105.690809588314,35.7500016178194],[-105.69032187498,35.7495028838392],[-105.68957359362,35.7493638786624],[-105.688335168085,35.7469371109181],[-105.687443968356,35.7470116903944],[-105.686781755481,35.7466572336643],[-105.686597681696,35.745691038681],[-105.685805194241,35.7455164392246],[-105.685348102678,35.7447714686863],[-105.68443472624,35.744556997164],[-105.684565637726,35.7438795802248],[-105.684115721906,35.7435922334461],[-105.68399160887,35.7426913913497],[-105.682885000323,35.7426027774273],[-105.682412110987,35.7417513610029],[-105.681131726942,35.7417586172532],[-105.680575937479,35.7407815497604],[-105.6794377262,35.740859633384],[-105.678547394243,35.7395033461701],[-105.678953568397,35.7388520146447],[-105.678938067069,35.7370260155442],[-105.679225016818,35.7365498964935],[-105.678752364638,35.7357979585969],[-105.679085904612,35.7342900400019],[-105.678795434365,35.733587290818],[-105.67960916518,35.7324672935699],[-105.679439792325,35.7306484563687],[-105.679849453739,35.7290459802524],[-105.679140877914,35.7271674363992],[-105.679832985823,35.7258596451075],[-105.680086379005,35.7245321993327],[-105.679844476174,35.7239317576136],[-105.680279859049,35.722270265366],[-105.678579938409,35.7196724339456],[-105.677969904178,35.7201768341842],[-105.677626158445,35.7210375612443],[-105.678062596841,35.7259373670602],[-105.67714685963,35.7266223992001],[-105.676983749829,35.7280904184106],[-105.675453114908,35.731022165131],[-105.676284743757,35.7317422777208],[-105.676244142601,35.7321365699506],[-105.675351166903,35.7322362263121],[-105.675063440111,35.7328555874052],[-105.676104566864,35.7333889482728],[-105.677681779432,35.732999846162],[-105.67799727854,35.7358925214399],[-105.677717157783,35.737175249872],[-105.678255811882,35.7389278645846],[-105.677108737824,35.7409272261747],[-105.676374374063,35.7409313559805],[-105.674932747813,35.7417334675476],[-105.674005647812,35.7410945742825],[-105.672351357098,35.7415288383456],[-105.673232382507,35.7421965896482],[-105.673094510874,35.742659666766],[-105.673493446404,35.7428150194767],[-105.673312747589,35.7435504416935],[-105.672268278205,35.7440618213622],[-105.672859455002,35.7451404879859],[-105.672565920602,35.7458306554147],[-105.672092459938,35.7460370634644],[-105.671290026336,35.7484965199536],[-105.670871936928,35.748497693016],[-105.670541772823,35.747984888083],[-105.669321703462,35.7481040789092],[-105.668919540286,35.7466943263262],[-105.668399106716,35.7464135324915],[-105.667310102453,35.7476145601637],[-105.667260802012,35.7480740450016],[-105.66573260422,35.7490486469899],[-105.664224415503,35.7494763645004],[-105.663270305857,35.7487316300568],[-105.662106154826,35.7484129882359],[-105.661221588257,35.7476067751415],[-105.660860588582,35.7464159960602],[-105.660451719482,35.7465136631147],[-105.659989052975,35.747184150381],[-105.658821343717,35.7475245220114],[-105.658600221613,35.7491001797108],[-105.657668930073,35.7497255096034],[-105.65655656602,35.749683877088],[-105.656494124124,35.7492071126977],[-105.65614179948,35.7490659037915],[-105.654859935909,35.7490725440503],[-105.654810473771,35.7483929367903],[-105.656536582996,35.747250751364],[-105.656916568565,35.7465861993749],[-105.656723395744,35.7463759249665],[-105.654606881392,35.7474521076324],[-105.653749433165,35.7474683542857],[-105.653611614532,35.7467176627024],[-105.65459789734,35.7463548165669],[-105.655003646591,35.7458755030325],[-105.649777004825,35.746217965439],[-105.647972760136,35.7459052796728],[-105.644989605096,35.7465303189741],[-105.639805821054,35.7467371196413],[-105.638305480019,35.7459569609752],[-105.63808205194,35.7454924353784],[-105.635751702617,35.7453256520834],[-105.635364482017,35.746366594168],[-105.633298332609,35.7462700169127],[-105.631061508687,35.746819131531],[-105.630533063941,35.7466786066396],[-105.63105896376,35.7464967287428],[-105.631229642766,35.7458510005989],[-105.632805041635,35.7450187707826],[-105.633858507647,35.7448699295572],[-105.63476732244,35.7438005940133],[-105.635226636435,35.7436630473004],[-105.636186271619,35.7439132087448],[-105.636536382814,35.7445333743474],[-105.637766742377,35.744526858386],[-105.639485903133,35.7451983882217],[-105.640360722083,35.7446921990116],[-105.644316901696,35.7448501958343],[-105.645413704234,35.7446293718891],[-105.646115031552,35.7444106624519],[-105.646465396073,35.7432830247031],[-105.647869781764,35.7440429856948],[-105.649555132628,35.744165165183],[-105.649813918396,35.7439113881694],[-105.650598955225,35.7439909823439],[-105.651120592537,35.7433679245109],[-105.650644275231,35.7423685803064],[-105.651227528887,35.7421268710881],[-105.650114195552,35.7418028189735],[-105.649518634078,35.7421337809716],[-105.649477427457,35.7426238707812],[-105.646838256204,35.7427499043658],[-105.645119967712,35.7435564101745],[-105.644895204736,35.7439822039271],[-105.644863249865,35.7436484002614],[-105.644482157572,35.7439645508486],[-105.643869168782,35.7437491468123],[-105.6415042451,35.7444058715323],[-105.640476685603,35.7439819531151],[-105.640040452921,35.7443182489089],[-105.639189987299,35.7440842179666],[-105.638544161492,35.7438252392537],[-105.638775003367,35.743418472966],[-105.637479917493,35.7429647358351],[-105.637207071294,35.7417734155687],[-105.637582883289,35.7411988997185],[-105.639368473563,35.7412848436744],[-105.64064480441,35.7398944471633],[-105.641433073377,35.7396755489942],[-105.641172451452,35.739476773918],[-105.641311286079,35.7385456778584],[-105.642098008147,35.738135940985],[-105.642991177881,35.7360400166171],[-105.640078086942,35.7343537116676],[-105.63974843847,35.7333773962627],[-105.640566227874,35.7331987263698],[-105.639234268853,35.7308823197042],[-105.639472230775,35.7306294738705],[-105.641198239389,35.7327732949704],[-105.64243760007,35.7324827579224],[-105.643973773105,35.7327069473075],[-105.644322542217,35.7324188156822],[-105.644052321793,35.7315614719257],[-105.646397259757,35.7296241475643],[-105.64636001291,35.7289744759323],[-105.647105723292,35.7289346848402],[-105.647459389121,35.7292548295554],[-105.649692458984,35.7286344829616],[-105.649619510393,35.7283247486831],[-105.648850809428,35.7279931757867],[-105.646742629644,35.7280291519105],[-105.645908765787,35.7274382300039],[-105.646472287049,35.7265764118371],[-105.646426092982,35.7262903947843],[-105.645855352858,35.7262576776975],[-105.645720244443,35.725829005536],[-105.646284334339,35.7250387515333],[-105.645842355134,35.7246475119443],[-105.64549333629,35.7248998655425],[-105.644437041484,35.7245119136072],[-105.644477462976,35.7240822992937],[-105.645522783065,35.7231105561014],[-105.644337466828,35.7230453431965],[-105.642633939452,35.7240205950558],[-105.642148103597,35.7236295736294],[-105.641183899582,35.7237778477905],[-105.639222887198,35.7232986791236],[-105.639105693884,35.7230180857485],[-105.639618461232,35.7224529337382],[-105.640308136503,35.7224492668099],[-105.640248522504,35.7229144103647],[-105.641131707464,35.7227404173325],[-105.640951892592,35.7222046316942],[-105.64029696685,35.722028657777],[-105.64058864084,35.7215484488039],[-105.640122853586,35.7210549765439],[-105.638860169046,35.7216068964026],[-105.638682774235,35.7212225837475],[-105.63801168331,35.7211610464953],[-105.638004502178,35.7216102264289],[-105.636960064235,35.7223689589947],[-105.635205759588,35.7224855801868],[-105.634978414854,35.7214848544188],[-105.635414358278,35.7211247230336],[-105.635984774111,35.7211217095093],[-105.636244061139,35.7206193755767],[-105.63720766508,35.7203995784149],[-105.639347385611,35.7191000400019],[-105.637894878967,35.7185352183039],[-105.637273481946,35.7176439352701],[-105.636956380244,35.7163932049922],[-105.636384006983,35.7161457505424],[-105.636167757341,35.7165405087195],[-105.635118148695,35.7169754507714],[-105.634815558378,35.7175495754],[-105.631874719378,35.7174219199771],[-105.629774855299,35.7182201555825],[-105.629256493244,35.7192605768097],[-105.627942142999,35.719517925138],[-105.627830288373,35.7203082922503],[-105.628257710378,35.7205897688928],[-105.628129447126,35.7210198359822],[-105.624771217607,35.7236494839949],[-105.624692120048,35.7247591685062],[-105.622833399724,35.7283828937775],[-105.620548467425,35.7280010845117],[-105.620072697192,35.7288981140635],[-105.61995352489,35.7305089639612],[-105.618851180646,35.7298347608267],[-105.617012505329,35.7304167333619],[-105.616973865195,35.731096809103],[-105.618139580193,35.7318357194708],[-105.620909873138,35.7315029069341],[-105.621382181264,35.7295879548484],[-105.623449700602,35.730221355993],[-105.623542766066,35.7309007508486],[-105.62235651558,35.7307279770241],[-105.621836865341,35.7314981188839],[-105.621990320948,35.7320128858654],[-105.621301288871,35.7321101833771],[-105.620902199729,35.7325340629155],[-105.620849813575,35.7331905002283],[-105.620335391531,35.7335681063027],[-105.62019931024,35.734589276262],[-105.620250202496,35.7351536778796],[-105.620756572042,35.7353039117817],[-105.620560570427,35.7358245969737],[-105.619532750418,35.7359543127326],[-105.619223050834,35.7356338609827],[-105.619475171103,35.7350322604164],[-105.618915447019,35.7347940108017],[-105.617442196479,35.7353508325648],[-105.617322314507,35.7357909271198],[-105.617802564638,35.736458256958],[-105.617382966959,35.7369381653185],[-105.618510248436,35.7376417001351],[-105.618520776691,35.7390029634278],[-105.618170096862,35.7390047651575],[-105.619068712183,35.7416937469935],[-105.618591583698,35.7426007169424],[-105.617193743132,35.7434667028221],[-105.616191488278,35.7432889319589],[-105.613768313342,35.7438277313376],[-105.612851036419,35.7445488895808],[-105.609555558714,35.7446625560715],[-105.609576146304,35.7454459667754],[-105.610586476114,35.7455481940207],[-105.610633101372,35.74590578493],[-105.609232962916,35.7467605201639],[-105.608016342187,35.7463793480088],[-105.607674250252,35.7467560261209],[-105.607962772952,35.746895175835],[-105.608028817092,35.7480196959579],[-105.60745852882,35.7486318733163],[-105.606791784843,35.7487162935296],[-105.606177274307,35.74871939131],[-105.60612877157,35.7481113265607],[-105.60634606685,35.7478239666238],[-105.60745211934,35.7477882655531],[-105.607160389655,35.7472273101574],[-105.606778134942,35.7469451912822],[-105.605461429315,35.7469338490259],[-105.605371476514,35.7466480363204],[-105.605412388487,35.7462542191304],[-105.606461611755,35.7460595878321],[-105.606455991895,35.7453186046786],[-105.604830691611,35.7447900417063],[-105.604048213184,35.7457958961604],[-105.602672395716,35.7465979813162],[-105.602372530888,35.7464917571366],[-105.60268810186,35.7458742839989],[-105.602501394215,35.7446634302603],[-105.601801953359,35.7450474351449],[-105.601717109277,35.7454385934776],[-105.601285796668,35.7454114625351],[-105.600668813069,35.7461237086804],[-105.600317675998,35.7461254614003],[-105.600124176191,35.7457533035676],[-105.598733797032,35.7453572844682],[-105.598508712459,35.744606960127],[-105.597496804309,35.7442899430019],[-105.59675451022,35.7432281233673],[-105.596173397249,35.7434019353005],[-105.59587016284,35.7439401812529],[-105.596138309952,35.7445829487156],[-105.594899643668,35.7474332778708],[-105.594949184858,35.7481853377234],[-105.596183619179,35.7487165887994],[-105.596143948678,35.7492899721215],[-105.595663230525,35.7496505943896],[-105.595805744651,35.751082851823],[-105.594981179255,35.7524840736138],[-105.593530424326,35.7524195904596],[-105.593212699193,35.7510598433364],[-105.592462441539,35.7506336514753],[-105.593426043683,35.7501990135043],[-105.593200470427,35.749411995558],[-105.591134019185,35.7492788693297],[-105.589502261811,35.7484987465122],[-105.589147014049,35.7479989496118],[-105.587254275423,35.7475783143826],[-105.587012433677,35.7467290480051],[-105.586099136291,35.745864388099],[-105.586749863306,35.744714844061],[-105.58630571467,35.7440721760923],[-105.584781788368,35.7437828431943],[-105.58454212324,35.7430206369668],[-105.586980384483,35.7403369635925],[-105.588970025276,35.7403272405392],[-105.589435010336,35.7398955671252],[-105.590264176004,35.7399328007455],[-105.591225357188,35.7395107119971],[-105.591901670918,35.7399606371764],[-105.592898526897,35.7400594488809],[-105.593278082173,35.7398153622094],[-105.593169731875,35.7393455640421],[-105.594644919183,35.7388181149298],[-105.595731727963,35.7374171994349],[-105.59572773046,35.7368804719925],[-105.594977656063,35.7363474385755],[-105.594609892972,35.7355668463144],[-105.591881756166,35.7351377816389],[-105.591658736821,35.7348090729195],[-105.591890853405,35.7345455204477],[-105.595744060934,35.7346192977564],[-105.592730475464,35.7334367379333],[-105.592632672285,35.7325465549985],[-105.592132846068,35.7321991458734],[-105.59241975719,35.7314343618042],[-105.593450089787,35.7317062259772],[-105.593354889028,35.731953944931],[-105.595146138688,35.7333173421174],[-105.596740624961,35.7336821107765],[-105.597002730903,35.7333823840012],[-105.597304604364,35.7340589539692],[-105.598273608976,35.7343765565395],[-105.599869189397,35.7342483775381],[-105.600128408154,35.7334352853649],[-105.599278879475,35.7327555387761],[-105.599246390106,35.7317571770714],[-105.597572368794,35.7309067093395],[-105.596951853918,35.7300867785884],[-105.596782022024,35.7281813230118],[-105.596281067523,35.728683405804],[-105.595314582685,35.7285450599757],[-105.595703131893,35.7276843418306],[-105.595382822307,35.7275019479857],[-105.595240664812,35.7240620995096],[-105.596583018239,35.7221863888859],[-105.596446895626,35.7216649588835],[-105.596946273584,35.721474030722],[-105.596935012303,35.7209633746074],[-105.59769748435,35.7203241878042],[-105.597980710583,35.7189302775279],[-105.597538630767,35.7183309532385],[-105.597530340215,35.7172204403609],[-105.597889484869,35.716377181746],[-105.598336354502,35.7163749608533],[-105.598817307115,35.7153593901252],[-105.600186757325,35.7144987556259],[-105.601889637015,35.7140347197361],[-105.602532367228,35.7134551424385],[-105.606445594794,35.7142064882154],[-105.607787492775,35.7139659123157],[-105.609326095753,35.7141321252734]]],[[[-105.608929264078,35.7145819582344],[-105.608936411074,35.7145868924467],[-105.608937062353,35.7145861309808],[-105.608929264078,35.7145819582344]]]]},"properties":{"name":"Tres Lagunas","year":2013,"acres":10219,"src":"history"}},{"type":"Feature","geometry":{"type":"Polygon","coordinates":[[[-105.803413425348,35.7284883151526],[-105.802971757859,35.7278899823497],[-105.803611325104,35.7269381856679],[-105.804521757763,35.7270716489794],[-105.804111756786,35.7283316488256],[-105.804846758351,35.7294066482808],[-105.803873423859,35.72985998138],[-105.803148424136,35.7291166480694],[-105.803413425348,35.7284883151526]]]},"properties":{"name":"Mcclure","year":2016,"acres":8,"src":"history"}},{"type":"Feature","geometry":{"type":"Polygon","coordinates":[[[-105.726072515516,36.1291049654559],[-105.7280654675,36.1291725245606],[-105.72940925913,36.1314560385986],[-105.729220591361,36.1318342807416],[-105.726214840997,36.1314627113803],[-105.725115470176,36.1334400034615],[-105.72395675485,36.1328166401917],[-105.724728142676,36.1306750638404],[-105.724578944186,36.1294114075977],[-105.725200461581,36.1284929185143],[-105.726072515516,36.1291049654559]]]},"properties":{"name":"El Valle","year":2016,"acres":32,"src":"history"}},{"type":"Feature","geometry":{"type":"Polygon","coordinates":[[[-105.934596313412,36.016245184679],[-105.934417442669,36.0168368651215],[-105.934280983188,36.0166077447332],[-105.933958782648,36.0167853951432],[-105.933634572577,36.0162540746612],[-105.933720073327,36.0157075746735],[-105.934211752724,36.0154231748796],[-105.935278933315,36.0157865249038],[-105.934596313412,36.016245184679]]]},"properties":{"name":"Chimayo","year":2016,"acres":3,"src":"history"}},{"type":"Feature","geometry":{"type":"Polygon","coordinates":[[[-105.438624465117,35.7712822688056],[-105.437981030625,35.770437291122],[-105.437995655198,35.769847912129],[-105.438957480474,35.7685393750928],[-105.44091597488,35.7680345042063],[-105.442272028514,35.769026999052],[-105.44232182752,35.770054311819],[-105.441161998284,35.7713835466921],[-105.439445925935,35.7715981062618],[-105.438624465117,35.7712822688056]]]},"properties":{"name":"Beaver Creek","year":2017,"acres":30,"src":"history"}},{"type":"Feature","geometry":{"type":"Polygon","coordinates":[[[-105.574079809842,35.6759873156353],[-105.573610601802,35.6754494439668],[-105.572977361392,35.6735764272077],[-105.573232945565,35.6726876029149],[-105.573833761285,35.6721764328796],[-105.573494253804,35.6706124065357],[-105.574922858075,35.6695023302525],[-105.575697241782,35.6692810763556],[-105.576109228036,35.6699524646164],[-105.576877890373,35.6703987833533],[-105.577238379805,35.6713257548314],[-105.576286612067,35.6723404648563],[-105.575586615153,35.6725884208708],[-105.57525855131,35.6744766963396],[-105.574785529024,35.6748314632671],[-105.574884711116,35.6754112965089],[-105.574465094572,35.6756516224159],[-105.574547110758,35.6759529834473],[-105.574079809842,35.6759873156353]]]},"properties":{"name":"Osha","year":2018,"acres":36,"src":"history"}},{"type":"Feature","geometry":{"type":"Polygon","coordinates":[[[-105.52326000767,35.716951296098],[-105.522503993611,35.7176463924353],[-105.519702436599,35.7186723839461],[-105.51913542089,35.7193729629579],[-105.517103941063,35.719620265167],[-105.517093705658,35.7178606060442],[-105.52182428964,35.7165877694951],[-105.52326000767,35.716951296098]]]},"properties":{"name":"Gallinas","year":2018,"acres":23,"src":"history"}},{"type":"Feature","geometry":{"type":"Polygon","coordinates":[[[-105.818678466429,35.9076982949157],[-105.820834123073,35.9080385172442],[-105.821251039282,35.9077874799537],[-105.821890243607,35.9086887020229],[-105.821529653564,35.9092917803781],[-105.821782788031,35.9097111264206],[-105.821437034563,35.9099552077522],[-105.821870211176,35.91022963128],[-105.821375175674,35.9108387447509],[-105.820983656636,35.9108521553776],[-105.820956417021,35.9114811339191],[-105.819999789397,35.9119493460497],[-105.819803317065,35.9126830985772],[-105.818011014579,35.9139909274539],[-105.817933063271,35.9154274175756],[-105.818349895936,35.9156945482932],[-105.818396080121,35.9162417205643],[-105.817308107124,35.916039380759],[-105.817000493428,35.9163510207002],[-105.815700207207,35.916020437453],[-105.815540616107,35.9152127578288],[-105.816460781114,35.9147726232069],[-105.815741027552,35.914077679042],[-105.815263090583,35.9141739875332],[-105.815169296586,35.9137799546506],[-105.813352520399,35.9144218404885],[-105.813104834214,35.9142650154103],[-105.813292504853,35.9131267530806],[-105.813033336402,35.9126257664029],[-105.813411611579,35.9122140475464],[-105.813020596495,35.912101226845],[-105.813407170308,35.9117480967986],[-105.81284256388,35.9114097202539],[-105.812912051263,35.9101587199702],[-105.81216354712,35.9103095106532],[-105.811596426308,35.9098071841182],[-105.811019384502,35.9084529819452],[-105.812764024175,35.9061426985515],[-105.81351806194,35.906038091996],[-105.814185260464,35.9051239622202],[-105.815385382734,35.9045401619749],[-105.816412836231,35.9045225598504],[-105.817151366378,35.9040951670443],[-105.817860977961,35.9051715707539],[-105.816970567851,35.9063744578314],[-105.818098354181,35.9064346402325],[-105.818678466429,35.9076982949157]]]},"properties":{"name":"Sarca","year":2018,"acres":178,"src":"history"}},{"type":"Feature","geometry":{"type":"MultiPolygon","coordinates":[[[[-105.854795396083,35.7914447910775],[-105.854795396083,35.7911897976062],[-105.854977534277,35.7912626528836],[-105.854795396083,35.7914447910775]]],[[[-105.83149992111,35.8102050250273],[-105.831408852013,35.8102535952123],[-105.831360281828,35.8102050250273],[-105.83149992111,35.8102050250273]]],[[[-105.868346477694,35.8314787660501],[-105.868589328618,35.8305559325354],[-105.869269311208,35.8310416343852],[-105.869002175191,35.8315661923831],[-105.868346477694,35.8314787660501]]],[[[-105.83148170729,35.8102778803046],[-105.831898023162,35.8105901172083],[-105.832720247008,35.8105450163223],[-105.83293881284,35.8102535952123],[-105.833157378672,35.8108060810667],[-105.833630937976,35.8102778803046],[-105.833448799783,35.8101321697498],[-105.834523415125,35.8096221828075],[-105.834281431524,35.8093307616975],[-105.835003045702,35.8086750642004],[-105.834954475517,35.808165077258],[-105.835343036997,35.808165077258],[-105.835625351197,35.8075002728509],[-105.836800142546,35.8065986887924],[-105.837310129488,35.8068051120784],[-105.83855987771,35.8063549038253],[-105.840206126769,35.8062708400437],[-105.839058656148,35.8059065636563],[-105.837892971709,35.8064529782372],[-105.837182632753,35.806343695321],[-105.837820116431,35.8051415832427],[-105.83853409815,35.8045223133842],[-105.838096966485,35.8043766028292],[-105.838610315979,35.8040739732151],[-105.838184392818,35.8021302317739],[-105.838840090315,35.8019723786728],[-105.83898580087,35.8013762900387],[-105.839096818436,35.8018613611068],[-105.839459360174,35.8018266681174],[-105.839495787813,35.801158828074],[-105.839834350573,35.8017795264674],[-105.84015148531,35.8014866768226],[-105.840265972174,35.8019307470855],[-105.840588616975,35.8019942352558],[-105.840807182808,35.8016445299239],[-105.841025748639,35.8018671432719],[-105.84134631186,35.8016081022854],[-105.841244314472,35.8011709706203],[-105.842409998911,35.800567312607],[-105.842543566921,35.8002117094668],[-105.844304236126,35.8001874243743],[-105.844720551998,35.7994744834446],[-105.84550780531,35.7996060392601],[-105.846271328618,35.7989853122961],[-105.846781315561,35.7992246939221],[-105.847777004353,35.7984753253537],[-105.847676394684,35.7972367856366],[-105.846140189118,35.7963625223068],[-105.846190804364,35.7951163136132],[-105.847131020892,35.79424971926],[-105.84823842111,35.791764544795],[-105.848916535615,35.7912850698921],[-105.851954040261,35.7906615968447],[-105.853484001088,35.7889729155917],[-105.855027208329,35.7890637481453],[-105.854309694233,35.7892955603918],[-105.855013961915,35.7903155342764],[-105.854431119695,35.7915540739935],[-105.85457683025,35.7920640609358],[-105.855888225244,35.7921369162134],[-105.855706087051,35.7925011926008],[-105.855961080522,35.793011179543],[-105.858219594124,35.7947597062024],[-105.859530989118,35.7949054167574],[-105.860186686615,35.7956278982591],[-105.861374788064,35.7954658419689],[-105.862226634385,35.7962202810509],[-105.863319463547,35.7961075288357],[-105.864048016322,35.7963937459973],[-105.865140845484,35.7958161077259],[-105.866581138277,35.7961607692307],[-105.867089724156,35.7965082328621],[-105.867919753925,35.7983296147988],[-105.869380328774,35.798607158713],[-105.869220741022,35.7990581675737],[-105.869564201616,35.7992975491996],[-105.873300636562,35.7993204465724],[-105.873245995103,35.7997867203482],[-105.873956334059,35.8001509967356],[-105.873612873465,35.800660983678],[-105.874092937704,35.8011072222527],[-105.87391990642,35.8019359510339],[-105.874733457019,35.8035023394994],[-105.874357038084,35.803575194777],[-105.875704860718,35.8040851817194],[-105.874903452666,35.8040123264418],[-105.875194873776,35.8046243107726],[-105.876069137105,35.8049594450493],[-105.877161966268,35.8044931712733],[-105.878279080522,35.8047894494016],[-105.877854091404,35.8054694319913],[-105.876998041893,35.8056879978237],[-105.876906972796,35.8064165505985],[-105.876185705549,35.8065622611536],[-105.876396985854,35.8072908139281],[-105.87553729358,35.8084564983678],[-105.875913712514,35.8091121958653],[-105.875627957925,35.8095533750455],[-105.876214847661,35.809603968988],[-105.87605699456,35.8100593144723],[-105.87650626877,35.8102778803046],[-105.875777715996,35.8110792883569],[-105.875971996736,35.8112978541894],[-105.875413439608,35.8112249989122],[-105.875069979015,35.8117141700606],[-105.876266887144,35.8118286569254],[-105.876417223431,35.8123906833514],[-105.876166277475,35.8128278150164],[-105.876566981502,35.8137749336235],[-105.876360558216,35.8139934994561],[-105.876666550381,35.8142120652886],[-105.876491697715,35.8146346258979],[-105.87504916322,35.815640028727],[-105.873866336363,35.8157248836971],[-105.873334921398,35.8168691401139],[-105.872572083787,35.8169319956476],[-105.871624965179,35.8174905527749],[-105.871333544069,35.8172719869423],[-105.871770675735,35.816907710555],[-105.871661392818,35.8166891447228],[-105.872082912638,35.8169597500389],[-105.872371731774,35.816762],[-105.871989241567,35.8161063025027],[-105.871697820457,35.8161791577802],[-105.871879958651,35.8156691708379],[-105.871624965179,35.8153048944505],[-105.872025669206,35.814831335147],[-105.87104212296,35.8147584798694],[-105.870849270754,35.8156220291877],[-105.87041291829,35.815549953111],[-105.869730727965,35.8159970195866],[-105.869147885746,35.8156327431991],[-105.868127911861,35.8159605919478],[-105.867763635473,35.8165070065289],[-105.867253648531,35.8156206006529],[-105.867107937976,35.8159605919478],[-105.866670806311,35.8159605919478],[-105.867035082698,35.8171080625683],[-105.867617924918,35.8167756603646],[-105.868107096067,35.8168868947614],[-105.868252806622,35.8165954736516],[-105.868589328618,35.816762],[-105.868524568372,35.8172315117882],[-105.868079341675,35.8174905527749],[-105.868157053971,35.8179713976061],[-105.868601471164,35.8178548291621],[-105.869075030467,35.8163394393906],[-105.869512162133,35.8163005832426],[-105.869803583243,35.8167099605162],[-105.870823557127,35.8168202842221],[-105.871187833515,35.8164624838593],[-105.871503539717,35.8166891447228],[-105.870791177004,35.817239606819],[-105.870095004352,35.8172719869423],[-105.870095004352,35.8180005397172],[-105.870677846572,35.818437671382],[-105.870714274211,35.8191662241568],[-105.869840010881,35.8203319085963],[-105.870058576714,35.8211697442873],[-105.870313570185,35.821206171926],[-105.869512162133,35.8224447116431],[-105.86958501741,35.8241932383026],[-105.869257168661,35.8244118041349],[-105.86909931556,35.825358922742],[-105.868247129587,35.8258424168563],[-105.867909346028,35.8265974624593],[-105.867814634167,35.8278578587595],[-105.868427001947,35.8279165264304],[-105.86871075408,35.8269617388466],[-105.86958501741,35.827326015234],[-105.868783609358,35.8276902916214],[-105.868686468988,35.8280545680087],[-105.869075030467,35.828564554951],[-105.868783609358,35.8286374102286],[-105.868756288628,35.8292931077261],[-105.869366451578,35.8300945157782],[-105.868055056583,35.8302402263331],[-105.868317335582,35.8306773579978],[-105.867763635473,35.8317701871601],[-105.868346477694,35.8314787660501],[-105.868681611969,35.8318430424376],[-105.868533819835,35.8324258846573],[-105.868783609358,35.8329358715996],[-105.867690780195,35.8328448025028],[-105.866670806311,35.833882990207],[-105.864849424374,35.8343541210011],[-105.86441229271,35.8347718245921],[-105.863100897714,35.8342958367792],[-105.862008068553,35.8345386877042],[-105.861633384269,35.8348301088139],[-105.86169236235,35.8353400957562],[-105.862299489663,35.8353400957562],[-105.862354131121,35.8358500826987],[-105.861243088139,35.8360686485313],[-105.861090092057,35.8368409144723],[-105.862283299601,35.8368538665217],[-105.862773048966,35.8359957932537],[-105.863064470076,35.8359957932537],[-105.862401487051,35.8379191725791],[-105.861570936888,35.8378483988809],[-105.861133805223,35.8383878748642],[-105.860842384113,35.8378900304679],[-105.860186686615,35.8383271621329],[-105.859778697062,35.8381377384114],[-105.859430112581,35.839173404202],[-105.858875291621,35.8394928465723],[-105.859385278564,35.8396385571274],[-105.859312423286,35.8400028335148],[-105.859603844396,35.8400756887921],[-105.858438159957,35.8403913949946],[-105.858511015234,35.8412301647278],[-105.857855317737,35.8404946066376],[-105.857636751904,35.8409013819371],[-105.856710449091,35.8404607809734],[-105.85642249728,35.841994211099],[-105.855979294341,35.8421156365614],[-105.856270715452,35.8416056496191],[-105.856106791077,35.8412413732318],[-105.855815369967,35.8413142285094],[-105.855900367791,35.8426256235039],[-105.855596804135,35.8429716860718],[-105.855487521219,35.8414599390644],[-105.854913785908,35.8413870837867],[-105.855013961915,35.8408770968445],[-105.854495403764,35.8407956703579],[-105.854831823722,35.8411685179544],[-105.854503974973,35.8415206517955],[-105.85428540914,35.8411442328619],[-105.85367342481,35.8411393758433],[-105.853472792584,35.8416897134009],[-105.854458440425,35.8422886678457],[-105.854066843308,35.8422322050054],[-105.853350433079,35.842771334059],[-105.852536882481,35.8440827290533],[-105.852245461371,35.8437038816105],[-105.851553336235,35.8437913079435],[-105.851444053318,35.8444105778022],[-105.851298342763,35.8440098737762],[-105.850424079434,35.843718452666],[-105.850897638738,35.8432084657237],[-105.85021071755,35.8429118406653],[-105.849986947769,35.8429898998913],[-105.850205513602,35.8433541762786],[-105.848966973885,35.8431210393906],[-105.848748408052,35.8436455973884],[-105.848602697497,35.8433359624592],[-105.84823842111,35.8436455973884],[-105.848395340169,35.8419587175023],[-105.846806534695,35.8416532857621],[-105.846052762786,35.8408042415669],[-105.846125618063,35.8404399651795],[-105.846781315561,35.8402213993474],[-105.846708460283,35.8407578791177],[-105.848092710555,35.8405674619151],[-105.847198577604,35.8403869795233],[-105.847218447225,35.8400756887921],[-105.84765557889,35.8398571229598],[-105.848748408052,35.8402213993474],[-105.848659362713,35.8396952223432],[-105.849003401524,35.8392742807399],[-105.848675552775,35.8392742807399],[-105.848311276388,35.8398279808487],[-105.847947,35.8396385571274],[-105.846883312949,35.8384000174102],[-105.846708460283,35.8374091856366],[-105.846295613711,35.8375257540806],[-105.847019751014,35.8394928465723],[-105.846781315561,35.8399008361263],[-105.846373326007,35.8398134097933],[-105.846323368102,35.840273438831],[-105.845178499456,35.8400288532567],[-105.844751775688,35.8394824386756],[-105.844522801959,35.8396628422201],[-105.843715789654,35.8391341744372],[-105.843710185402,35.8382655153594],[-105.842594565614,35.8382543068553],[-105.842610350925,35.8378171751904],[-105.84214099481,35.8373800435257],[-105.842905414799,35.8365057801959],[-105.842604279652,35.8362629292711],[-105.842409998911,35.8367000609358],[-105.841900011969,35.8365239940153],[-105.841544842492,35.8356315168662],[-105.842102387741,35.835121529924],[-105.842482854189,35.8329722992383],[-105.841074318825,35.8334701436343],[-105.841098603917,35.8329358715996],[-105.840661472253,35.8328630163222],[-105.840814121405,35.832346090782],[-105.839932919478,35.8322437464635],[-105.839932919478,35.8328630163222],[-105.838293675734,35.8337372796518],[-105.837990112078,35.8343201218718],[-105.838359245484,35.8351506720349],[-105.837820116431,35.8355343764962],[-105.836290155604,35.8350243895539],[-105.836064304244,35.835201670729],[-105.835634458107,35.8347229687001],[-105.834541628944,35.8349029640915],[-105.833398951435,35.8338599832771],[-105.832119190968,35.8336826381938],[-105.831684083061,35.8328630163222],[-105.83215359485,35.8322801741024],[-105.831773128401,35.8314059107726],[-105.831991694232,35.8311691311209],[-105.833375944505,35.831223772579],[-105.83381307617,35.8306773579978],[-105.832793102285,35.8298122015779],[-105.832413752392,35.8301522975499],[-105.83235597062,35.8307502132754],[-105.831281355278,35.8310416343852],[-105.831627417845,35.8313330554952],[-105.830680299238,35.8314059107726],[-105.830989934168,35.8308230685527],[-105.830595301415,35.8307502132754],[-105.830844223613,35.830385936888],[-105.830592872906,35.8301673710557],[-105.831955266594,35.8286374102286],[-105.830826009793,35.8284188443963],[-105.831022719043,35.8276174363442],[-105.829842463547,35.8268160282919],[-105.83179134222,35.8261603307944],[-105.832283115343,35.825358922742],[-105.83235597062,35.8249946463547],[-105.83187026877,35.8249217910774],[-105.832370541676,35.8240475277476],[-105.831428280087,35.8235909680087],[-105.831658641536,35.822736132753],[-105.832210260065,35.8223606478615],[-105.833667365615,35.8223961414583],[-105.833594510337,35.8220986490752],[-105.834421632017,35.8224704252704],[-105.834031642002,35.8218618694234],[-105.834967103765,35.8211945150815],[-105.836581576713,35.8214247377584],[-105.836945853101,35.8217647290532],[-105.83754690914,35.8213518824811],[-105.837346557127,35.821060461371],[-105.837965826985,35.8204047638739],[-105.837310129488,35.8206961849837],[-105.837560371528,35.8203002323887],[-105.837237274211,35.8204047638739],[-105.837216458417,35.8201861980414],[-105.837601550598,35.8197490663765],[-105.837134419701,35.8199247761635],[-105.837310129488,35.8195305005441],[-105.836945853101,35.8196033558217],[-105.837053678912,35.8192041089011],[-105.836411581066,35.8182191055495],[-105.835718521888,35.817843620658],[-105.835051615887,35.8168712829163],[-105.834304849292,35.8166162894451],[-105.835733333126,35.8151852036376],[-105.836217300327,35.8138963590861],[-105.836964066921,35.8135563677911],[-105.836709073449,35.8134106572362],[-105.836872997824,35.8129006702941],[-105.836508721437,35.8126092491839],[-105.836261013493,35.8130026676822],[-105.835998734494,35.8124635386291],[-105.836745501088,35.812372469532],[-105.837382984766,35.8126821044615],[-105.837431554951,35.8131192361262],[-105.837883864799,35.8131920914037],[-105.837783688792,35.8124999662678],[-105.837081849619,35.8121089762787],[-105.837251845266,35.8115892752993],[-105.836567005659,35.8120846911862],[-105.835634458107,35.8118442687705],[-105.835634458107,35.8121356898803],[-105.835197326442,35.8122206877042],[-105.833594510337,35.8116742731229],[-105.832890242655,35.8117835560394],[-105.832735584961,35.8114282267912],[-105.832385112732,35.8114872779109],[-105.832523537758,35.8109845764962],[-105.831918838956,35.8112978541894],[-105.831918838956,35.8110064330796],[-105.830898865071,35.8110792883569],[-105.830844223613,35.8108607225244],[-105.831496278346,35.810729583025],[-105.831238856365,35.8105693014147],[-105.83148170729,35.8102778803046]]]]},"properties":{"name":"Medio","year":2020,"acres":3837,"src":"wfigs"}},{"type":"Feature","geometry":{"type":"Polygon","coordinates":[[[-105.840422261543,36.0767959833976],[-105.841616754071,36.0758334537748],[-105.843708447972,36.0763435282019],[-105.844277410331,36.077341374109],[-105.844080403501,36.0781537849567],[-105.843203006386,36.078541619094],[-105.842760231274,36.0783539050984],[-105.840422261543,36.0767959833976]]]},"properties":{"name":"Francisco","year":2021,"acres":15,"src":"history"}},{"type":"Feature","geometry":{"type":"Polygon","coordinates":[[[-105.53719774,35.891710281],[-105.538528427,35.8908766600001],[-105.538623606,35.8904388390001],[-105.539166165,35.890683935],[-105.538963181,35.890162806],[-105.539803818,35.890058126],[-105.539537318,35.889391877],[-105.54094596,35.889829697],[-105.540032247,35.8904388390001],[-105.540489103,35.891200267],[-105.540336818,35.891752302],[-105.54094596,35.8919045870001],[-105.541325031,35.892524758],[-105.542150974,35.8920760140001],[-105.542501349,35.8923657130001],[-105.54328871,35.892199099],[-105.54300758,35.891861862],[-105.543420599,35.891485802],[-105.544202975,35.891956995],[-105.54725,35.89057],[-105.54796,35.89068],[-105.54929,35.89212],[-105.54928,35.89352],[-105.54859,35.8949000000001],[-105.5457,35.89872],[-105.54393,35.9026700000001],[-105.54215,35.9040400000001],[-105.53783,35.9058200000001],[-105.53689,35.9068],[-105.53576,35.9087900000001],[-105.53486,35.9091500000001],[-105.53384,35.9086800000001],[-105.5332,35.90781],[-105.52978,35.89973],[-105.52963,35.89739],[-105.5307,35.89583],[-105.535456478,35.8937581280001],[-105.535192141,35.893109601],[-105.534597069,35.8930930490001],[-105.534197319,35.8935308700001],[-105.533702391,35.893035942],[-105.534273462,35.8929026920001],[-105.534425747,35.892521978],[-105.535568228,35.8924420760001],[-105.535205526,35.891825774],[-105.535640967,35.8911619040001],[-105.536177031,35.8910181590001],[-105.536595816,35.8914369440001],[-105.53719774,35.891710281]]]},"properties":{"name":"Rincon","year":2021,"acres":533,"src":"wfigs"}},{"type":"Feature","geometry":{"type":"MultiPolygon","coordinates":[[[[-105.332986608622,35.7659229906575],[-105.333244475965,35.7655744268909],[-105.333330432817,35.7656441394781],[-105.332986608622,35.7659229906575]]],[[[-105.330751753841,35.7710468583424],[-105.331740248058,35.7703845905674],[-105.331783224397,35.7706982958649],[-105.330751753841,35.7710468583424]]],[[[-105.299563465047,35.8110260336433],[-105.298730909696,35.8104176208457],[-105.298011861269,35.8106384854007],[-105.296251622557,35.8104713345209],[-105.29594146013,35.8099246252977],[-105.295347179034,35.8100182079159],[-105.295194338719,35.8097219415233],[-105.292658276412,35.8098791118531],[-105.291604756255,35.8086430693492],[-105.292431557886,35.8086417697078],[-105.29124555297,35.8083047507682],[-105.291067700301,35.8074316913691],[-105.290762485048,35.807874276831],[-105.290277893818,35.8076397013328],[-105.290798553702,35.8063684221741],[-105.291801812321,35.8055326248023],[-105.291859451672,35.8051415604367],[-105.293025401874,35.8046941958332],[-105.29375715165,35.8037523087295],[-105.294470292289,35.8042219023863],[-105.29446577388,35.8046539049326],[-105.295122768302,35.804434508537],[-105.29592623237,35.8046981977471],[-105.295735089392,35.8040158954648],[-105.296083163508,35.8025093301164],[-105.297745814249,35.8002579050698],[-105.298307775411,35.8001872874678],[-105.298562247151,35.8004764069702],[-105.299349885285,35.7998094816008],[-105.299637298754,35.8002112356352],[-105.3009072883,35.798293643455],[-105.301328566545,35.7981034878325],[-105.302088954288,35.7988007074336],[-105.302053984385,35.7993549016793],[-105.302862128511,35.7992431495906],[-105.303401224883,35.7999470660766],[-105.303420218898,35.8009730470079],[-105.302897863746,35.8020446605679],[-105.303118477487,35.802815664308],[-105.304222566914,35.8032278877754],[-105.304112332713,35.8041308984101],[-105.304768184298,35.8039579929697],[-105.306435028287,35.8045576006729],[-105.306921053107,35.8042836569557],[-105.307217992524,35.8050638248331],[-105.3065127949,35.8057220472327],[-105.306793071716,35.8061005436459],[-105.306554982641,35.8081029229286],[-105.305413577243,35.8096540479892],[-105.304123290075,35.810377116697],[-105.301705384306,35.810614644807],[-105.301441695922,35.8104022951654],[-105.30117767244,35.8104487943167],[-105.301178284435,35.810889950493],[-105.300641765146,35.8105202302847],[-105.300007681466,35.8105950077721],[-105.299563465047,35.8110260336433]]],[[[-105.29715917263,35.8117282138565],[-105.29760992698,35.8114779228609],[-105.297975364274,35.8117707840372],[-105.297118968413,35.8122127990976],[-105.29715917263,35.8117282138565]]],[[[-105.281846512933,35.9151045641498],[-105.279961962096,35.9140719614547],[-105.279984425932,35.9135479661708],[-105.280207888751,35.9137560454621],[-105.280676100764,35.9127644684871],[-105.279827683118,35.9129741818569],[-105.278219280641,35.9123904248696],[-105.27713885155,35.9113663654645],[-105.277121166322,35.9107596002185],[-105.276773988304,35.9105770848604],[-105.274878671814,35.910539575994],[-105.272814460832,35.9095414580943],[-105.271734367259,35.909990224083],[-105.269284085909,35.9098359965729],[-105.267953960547,35.9082001856366],[-105.267470158646,35.9056972236064],[-105.265970549957,35.9059491414144],[-105.264632463468,35.9068189742383],[-105.263080928201,35.9067180323801],[-105.259579505932,35.9073655586048],[-105.258915040319,35.9062141423483],[-105.258267840561,35.9063869204443],[-105.258115028322,35.9057548834126],[-105.256661467206,35.905783706367],[-105.25424860964,35.9068409500165],[-105.254072445894,35.9061509695805],[-105.253307839297,35.9055009202881],[-105.253200474639,35.9030948869074],[-105.251721312537,35.9022470783036],[-105.254327620427,35.88537245568],[-105.253719011999,35.8801126462577],[-105.255439743315,35.8769051345904],[-105.254976517659,35.8757015762837],[-105.256664185985,35.874714234212],[-105.257871720472,35.8764908536881],[-105.258627922792,35.8763232992648],[-105.259342822576,35.8767164541105],[-105.260258047714,35.8783273126839],[-105.261360803019,35.8788475925038],[-105.26141005853,35.8797177785781],[-105.262728565372,35.8791841983294],[-105.264538778727,35.8801242423423],[-105.265503815242,35.8800567456331],[-105.266020763608,35.8809683210334],[-105.266614482464,35.8807105987231],[-105.268210156954,35.8811065694199],[-105.269303849774,35.881831190037],[-105.270402379017,35.8814692433646],[-105.272333693392,35.8820374426621],[-105.273133698491,35.8812230726433],[-105.274521088505,35.8815712075358],[-105.275030031222,35.8819212849838],[-105.275280884355,35.8826376004099],[-105.273843706518,35.8824453895595],[-105.273701901497,35.8827772740503],[-105.279401923307,35.8846422134025],[-105.279819451959,35.8855569294448],[-105.279574416429,35.8861876485295],[-105.282239299935,35.88576180958],[-105.282975684057,35.8851005721504],[-105.284916012038,35.8848457610729],[-105.284800383321,35.8845208098116],[-105.286650877837,35.8844424481346],[-105.287848506175,35.8840198033448],[-105.28492608566,35.8832652571621],[-105.285139531253,35.8831602506249],[-105.288973678385,35.8836467002373],[-105.289529774953,35.8833419184793],[-105.280536815866,35.8795114737301],[-105.279327672951,35.8789109759752],[-105.27902881209,35.8782054759248],[-105.277072459087,35.878023206065],[-105.273573670472,35.8769996059834],[-105.273265426454,35.8764551906377],[-105.273411669465,35.8759419473033],[-105.270271296454,35.8758853739111],[-105.268539640646,35.8744908283965],[-105.267167940847,35.8748655017873],[-105.265648286199,35.8742275212479],[-105.263543562886,35.8728996676689],[-105.262089920291,35.8701220146924],[-105.260627156595,35.8706911229234],[-105.25940166924,35.8707481054757],[-105.259205650128,35.8697659139454],[-105.258240195546,35.8719418171528],[-105.257629872075,35.8722334841411],[-105.256928927011,35.8734935817168],[-105.256158205619,35.8733835649142],[-105.255982374353,35.8729455278505],[-105.255675528033,35.8731730779722],[-105.254853606558,35.8729393155726],[-105.254795667673,35.8720363678302],[-105.254279054051,35.8726364999604],[-105.253685371946,35.8727521533043],[-105.253283657427,35.8720795110586],[-105.252155836245,35.871359486634],[-105.251882978261,35.8716059229868],[-105.250520204438,35.8712997570365],[-105.241986732444,35.8481040964953],[-105.239894859276,35.8402770388823],[-105.244190044079,35.8387780871121],[-105.246238208901,35.8387083235845],[-105.248715052046,35.8395500787411],[-105.251590975677,35.8420150651468],[-105.25203847404,35.8419453062421],[-105.252992959972,35.8411569502778],[-105.253922378914,35.8392175484669],[-105.256177081954,35.8394407910997],[-105.257330249854,35.8380873713571],[-105.257416307438,35.8360781265254],[-105.258793224309,35.8358269689201],[-105.259240722715,35.8352269750663],[-105.259567740474,35.8340688334729],[-105.259201735317,35.8325237961119],[-105.260089469226,35.8308637416568],[-105.259713182378,35.8287505190019],[-105.260263844985,35.8266893292709],[-105.261126550861,35.8259898521652],[-105.263027947737,35.8257338421573],[-105.263989827527,35.8259248887981],[-105.264650795566,35.8264958570151],[-105.266206200823,35.826531200802],[-105.267931717816,35.8255203618243],[-105.270950245204,35.8257227084199],[-105.272839794831,35.8262622961109],[-105.274729345063,35.8259925027164],[-105.276428752924,35.8251831158135],[-105.276382964163,35.8249000708207],[-105.278357265055,35.8231396596116],[-105.279114188626,35.8231873022042],[-105.279542594532,35.8228205708103],[-105.279911576291,35.8216128451922],[-105.280710232857,35.8209186843648],[-105.281013714468,35.8201393270401],[-105.28077580381,35.8186470023519],[-105.281209264848,35.8162942450912],[-105.281607269688,35.8157900820683],[-105.291173423862,35.8161328529251],[-105.294537465211,35.8143423036254],[-105.303544460276,35.8126612595487],[-105.304695140401,35.8116457919148],[-105.305642758859,35.8116732371855],[-105.307338028541,35.8099396921128],[-105.309482530937,35.8087479466192],[-105.309652245095,35.8065339314122],[-105.310719288066,35.8044273653177],[-105.313020649925,35.8036313764616],[-105.318875579657,35.8000081562146],[-105.322204778992,35.799178306698],[-105.323529366531,35.798544058264],[-105.325699772482,35.7992300828862],[-105.327801362424,35.7987424222251],[-105.328994798024,35.7988752801517],[-105.329712776722,35.7979006942934],[-105.330757154033,35.7978053836163],[-105.331517595358,35.7978662512413],[-105.331627531647,35.7983897424755],[-105.332479989866,35.7983039748461],[-105.33304409469,35.7987548763047],[-105.33581764806,35.7985835474015],[-105.337260597113,35.7993564343496],[-105.337881341559,35.8002077103054],[-105.341274389888,35.801313511519],[-105.343093921778,35.80253520864],[-105.343801968406,35.8002849154213],[-105.344041892686,35.8015031796962],[-105.343656851228,35.8030091860271],[-105.345960703873,35.8028667515779],[-105.345957604987,35.8036695313312],[-105.346482758893,35.8038720905403],[-105.346781152398,35.8034381412219],[-105.348363213386,35.8035494445017],[-105.352047693496,35.8051243769846],[-105.353756084573,35.8051592174042],[-105.355200033819,35.8059193014856],[-105.357189816641,35.806111018388],[-105.358233316541,35.8068319985335],[-105.359564264145,35.8069826013599],[-105.360189092775,35.8059384668747],[-105.35860138567,35.8051862082001],[-105.358547754605,35.8048110578271],[-105.35775345652,35.8045735484757],[-105.357870701075,35.8043575161903],[-105.355016440281,35.8031350599167],[-105.353603920994,35.8032399045597],[-105.349947967011,35.8018764261694],[-105.348690528775,35.8013955810379],[-105.34814100492,35.8006578151123],[-105.346359906495,35.8006093724211],[-105.34634272291,35.800260777445],[-105.345297340678,35.8003644563721],[-105.344288902365,35.7988231562714],[-105.343922843234,35.7974392763068],[-105.344753274877,35.7974612598349],[-105.345087323549,35.7953062331332],[-105.344074926866,35.7950684487639],[-105.343850698611,35.7944218440651],[-105.343168621555,35.7939768883067],[-105.341564065637,35.7944523805891],[-105.340592864514,35.7943296894932],[-105.340490055305,35.7948456390071],[-105.339924239648,35.7952677277103],[-105.33859588567,35.7953268956306],[-105.33850721139,35.7955548179628],[-105.337073094805,35.7954499924529],[-105.336965959093,35.7956997485556],[-105.336205844451,35.7957397994184],[-105.336025361358,35.7951335711221],[-105.335033586683,35.7952419572173],[-105.334939987247,35.794818478898],[-105.334349906272,35.7952543515376],[-105.334005777734,35.7961200358808],[-105.33298544879,35.7957584561806],[-105.332608027625,35.7960411381811],[-105.33177959506,35.7955208937417],[-105.329476178769,35.7962819101206],[-105.326470454734,35.7953955136927],[-105.326276210614,35.7947524433294],[-105.326675957432,35.7943559079512],[-105.325179348025,35.7934727417685],[-105.325132730486,35.7917550487587],[-105.32558827884,35.7905853933067],[-105.326585830414,35.7899284093671],[-105.32828714634,35.7894531328914],[-105.329431659193,35.7867481275202],[-105.328184764501,35.7836117793639],[-105.328397027738,35.782294885162],[-105.325396366017,35.7798804227998],[-105.324629673891,35.7787620468732],[-105.324821985366,35.7780421250994],[-105.325453746825,35.7776103580877],[-105.325377389204,35.7771858072099],[-105.326225186782,35.7767533098713],[-105.326044268183,35.7762088998043],[-105.326406933092,35.7759365309683],[-105.327874297253,35.7762044286014],[-105.334046271859,35.7744839047303],[-105.335363647515,35.7744251095997],[-105.338325399592,35.7758342762829],[-105.342529425766,35.7763297538241],[-105.34303279525,35.7758125284947],[-105.342845200693,35.7742140859822],[-105.343477227489,35.7731310053048],[-105.344674936744,35.7724401034855],[-105.345623592886,35.7713323619444],[-105.350518405075,35.7709967294989],[-105.352750561388,35.7712784434693],[-105.355008223379,35.7707164727482],[-105.354597284799,35.7699255419665],[-105.353210856079,35.7695877294111],[-105.352637687171,35.7690862186423],[-105.352920007576,35.7681856663914],[-105.352437764213,35.767606262366],[-105.352314926544,35.7666760054797],[-105.35108655008,35.7666760070588],[-105.350677090147,35.7675398160787],[-105.349981010104,35.7672408056547],[-105.347319527274,35.7680713878792],[-105.345779604823,35.7664053980608],[-105.345364264922,35.7671429588442],[-105.344418748027,35.7677355136198],[-105.340421798087,35.7675263760768],[-105.339992017703,35.766864106985],[-105.339605214974,35.7669686755887],[-105.338781700507,35.7664274670902],[-105.337775144896,35.7677519669241],[-105.337835016596,35.7686754471677],[-105.335979001366,35.7701821769294],[-105.335260545102,35.7699877593195],[-105.334901315709,35.7694045102971],[-105.334242729282,35.769307302481],[-105.332686075108,35.7699877608676],[-105.331541469519,35.7701118428293],[-105.330450908559,35.7707680077725],[-105.330107084251,35.770663440264],[-105.329935173427,35.770314877879],[-105.331611313215,35.7675263763414],[-105.332255982693,35.7673172388695],[-105.334018079399,35.7656092837645],[-105.335565286888,35.7635527641359],[-105.336081022565,35.7621933692803],[-105.335350397668,35.761949376527],[-105.335436352833,35.7625767889379],[-105.334662748324,35.7637270454685],[-105.333158520378,35.7650515836624],[-105.332041092216,35.7666549712857],[-105.331482380112,35.7667595392364],[-105.331013302557,35.7660207088475],[-105.330475419862,35.7664980051451],[-105.329768525322,35.7665994838052],[-105.329662227546,35.7672089751582],[-105.329161801258,35.767234366795],[-105.327973288966,35.7688848322924],[-105.327723076357,35.770966958562],[-105.326253071979,35.7715509700127],[-105.325228841386,35.7710992622431],[-105.324519948778,35.7714302780737],[-105.323316564768,35.7708377211344],[-105.319964283834,35.7706982966304],[-105.31996428401,35.7694783290499],[-105.321468512234,35.7697571783754],[-105.32189829227,35.7687812021631],[-105.322414027117,35.7685372088709],[-105.321898291779,35.7683629275886],[-105.321217532991,35.7670312334362],[-105.320466891948,35.7676152446634],[-105.319810082426,35.7675136774646],[-105.319903910858,35.7669042747087],[-105.318559016143,35.7669804493737],[-105.318301691829,35.7672401422855],[-105.318760900045,35.7674218090962],[-105.318717922832,35.7678749417903],[-105.316998803318,35.7682583595056],[-105.31626817805,35.7681886469998],[-105.315984043638,35.7674661326818],[-105.315248044821,35.7676239053923],[-105.315494575264,35.7683629278616],[-105.314549058845,35.7686417785345],[-105.311798469695,35.7683629287875],[-105.310895931486,35.7675612353958],[-105.310337217628,35.7681537910035],[-105.310981888135,35.7692691907204],[-105.310036373351,35.7698617479872],[-105.308644317803,35.76979893804],[-105.3083941043,35.7694180626424],[-105.30889453181,35.7695450211055],[-105.308581764537,35.7690879706294],[-105.307715561826,35.7693737626847],[-105.304265587017,35.7691387529041],[-105.301302138548,35.7666838569218],[-105.30091524408,35.7651155240389],[-105.30018461895,35.7651155238831],[-105.300450046621,35.7646368948138],[-105.299812660515,35.7646284961295],[-105.299797817558,35.7640001250034],[-105.300269639744,35.7639230879704],[-105.300744111559,35.7632732204329],[-105.30221209533,35.7633461540617],[-105.302139199102,35.7624171004729],[-105.302571102081,35.7620436792154],[-105.304393242593,35.762493047126],[-105.305694072189,35.762134284772],[-105.306572344683,35.7607957960382],[-105.3078296437,35.760406962109],[-105.308368485201,35.7598723167753],[-105.310643598487,35.7596292953906],[-105.312462496987,35.7601639417669],[-105.312261427224,35.7597825169353],[-105.312906095687,35.7597825169069],[-105.313035030214,35.7595036681405],[-105.313360418194,35.7605332256553],[-105.313550765236,35.7601659363354],[-105.314413051334,35.7603104171089],[-105.315364103147,35.7589480296709],[-105.315677771948,35.7574563647033],[-105.31670839958,35.7561102290959],[-105.317873456257,35.7552370600138],[-105.318545604324,35.7549823855736],[-105.319262562677,35.7551279144288],[-105.319352182206,35.7556736440726],[-105.318709291073,35.7566092036045],[-105.319331131854,35.7568179670773],[-105.31958134414,35.7563609144965],[-105.320832410193,35.7557769033193],[-105.322709009031,35.7553198521763],[-105.322896669178,35.754507314615],[-105.323676822112,35.7539270244903],[-105.32397251119,35.7524389667231],[-105.323633816411,35.751497729281],[-105.323999346787,35.7510834592214],[-105.325222275855,35.7520354397561],[-105.32519798464,35.752625275079],[-105.324839123026,35.7529349743872],[-105.325222275415,35.7535998682483],[-105.325939234189,35.753963689004],[-105.325626649422,35.7541892822694],[-105.326055609199,35.7546850573949],[-105.326430930311,35.7544565320267],[-105.325993056202,35.7535932116249],[-105.325867949902,35.7520950959902],[-105.326452448676,35.7515786884465],[-105.326835430452,35.750616539997],[-105.328179726934,35.7512714171253],[-105.328668184716,35.7520127908783],[-105.329746253818,35.7512571677338],[-105.329773784506,35.7470565494666],[-105.329008788062,35.7459256565323],[-105.327971723503,35.7459546849631],[-105.32785753831,35.7454406065518],[-105.329649281809,35.7434938142481],[-105.330988932293,35.7427436239402],[-105.332920371453,35.742168358411],[-105.336112024093,35.7417803108473],[-105.337059870184,35.7426506048985],[-105.338229042891,35.7421363601575],[-105.339021585212,35.7423363313699],[-105.340695242044,35.7435988834025],[-105.342674271735,35.7442404748622],[-105.342860450375,35.744617675999],[-105.345047357564,35.7437116317168],[-105.345730156086,35.7437828828057],[-105.346578149149,35.7446200297181],[-105.347214883099,35.7442158351989],[-105.347476889142,35.744624396092],[-105.34707107638,35.7449428718859],[-105.347252911593,35.7451628402121],[-105.347815501983,35.7451655230339],[-105.347908198542,35.744739684079],[-105.348403400642,35.7449742917318],[-105.348481815927,35.7463313971605],[-105.35185715806,35.7461373693852],[-105.352147169569,35.7456959559862],[-105.354179343796,35.7446696386664],[-105.355514576858,35.7446450811214],[-105.355787819884,35.7443409532864],[-105.356843313979,35.7446741279702],[-105.357706126254,35.7445240279303],[-105.360065766568,35.7432802745544],[-105.361378656016,35.7413994985121],[-105.359832937535,35.7411215287728],[-105.358675701944,35.7393948882271],[-105.355954634634,35.7401058578105],[-105.355360377965,35.7406390854282],[-105.355297825045,35.7411215293333],[-105.353045906004,35.7409945704767],[-105.350825264925,35.7415277981847],[-105.350251357684,35.7408994306195],[-105.351561711957,35.7403188544709],[-105.352214364693,35.7404587798625],[-105.35201225044,35.7392621326032],[-105.351568418651,35.7387937107851],[-105.352737196959,35.7382298313859],[-105.35352316434,35.7385239331231],[-105.353083709252,35.7378418108271],[-105.353280142267,35.7375119784178],[-105.356518434905,35.7369934428557],[-105.357136680775,35.7373542731676],[-105.35766257383,35.7365506764298],[-105.357544348067,35.7358006212515],[-105.357922121169,35.7352621454048],[-105.358798823106,35.7358557398398],[-105.360962413864,35.7361946283211],[-105.36102006496,35.735182620721],[-105.360582761601,35.7349878404195],[-105.361057686485,35.7348829110529],[-105.361096138259,35.7345131522322],[-105.360614854447,35.7343425405173],[-105.360708684327,35.7331485116563],[-105.361803367117,35.7329961605357],[-105.36217868689,35.7333770371498],[-105.363461028817,35.7335547792277],[-105.364563444816,35.7302082722154],[-105.36495321602,35.7298074425968],[-105.36697038471,35.7298407350593],[-105.36872680936,35.7291489670136],[-105.371127911501,35.7296283425239],[-105.373904698609,35.7288843557971],[-105.374899946137,35.7293608022962],[-105.377620143275,35.7279863239327],[-105.378110081949,35.72744269259],[-105.378050636604,35.7267039607886],[-105.378626061306,35.7269847348593],[-105.379553491845,35.7267731842404],[-105.381426719625,35.7275422610304],[-105.382208258831,35.7266044779745],[-105.383382495987,35.7268952904146],[-105.385068507959,35.725546471338],[-105.386976403539,35.7256325570218],[-105.388557482572,35.7242355872984],[-105.388892758816,35.7247431954039],[-105.390798196413,35.7230812369852],[-105.391150768371,35.7238105501622],[-105.392245935394,35.7238938871311],[-105.39180585502,35.7230439392195],[-105.392708340348,35.7220129703437],[-105.395132750161,35.7216403603115],[-105.396976608032,35.7221708678598],[-105.397702153006,35.7213880407478],[-105.398841005113,35.7210429264841],[-105.399468344054,35.7212612183555],[-105.399696330418,35.7206798750767],[-105.400498970952,35.7203152852524],[-105.401529597672,35.7204244319786],[-105.401619217398,35.7211884541106],[-105.403606975598,35.7222440096463],[-105.402191291988,35.7237396913545],[-105.400612478885,35.7247953419038],[-105.401515441427,35.7250696969153],[-105.401634011962,35.7254770682492],[-105.402440551709,35.7248053957314],[-105.403892550923,35.7242928328796],[-105.403943003523,35.7245998719087],[-105.407812862719,35.724753480031],[-105.408169817334,35.7251240247874],[-105.408668829669,35.7250707940482],[-105.40900568389,35.724383004428],[-105.410336888433,35.7252337149379],[-105.410284409486,35.7257570763913],[-105.412122854537,35.7270017428594],[-105.412230518005,35.7276615867298],[-105.412480993641,35.727480611064],[-105.412713322917,35.7279645413828],[-105.412276800501,35.7287341832936],[-105.413514929453,35.7282567650443],[-105.415019895756,35.7282247153371],[-105.415969207092,35.728724036307],[-105.415768330189,35.7292312667956],[-105.417036666615,35.7295116666907],[-105.417069999605,35.7291283332823],[-105.418134999875,35.7289216664137],[-105.417503333626,35.7284316665923],[-105.417685000118,35.7279916666271],[-105.417356666064,35.7275183332408],[-105.417671666322,35.7272133330897],[-105.419111208199,35.7264718367111],[-105.42094959778,35.7267685172434],[-105.420370701092,35.7279362969761],[-105.420724418535,35.7277130349454],[-105.421214165724,35.7282497817564],[-105.421536334728,35.7279676487134],[-105.422193781638,35.7293729367128],[-105.422850297163,35.7292576476068],[-105.422631893998,35.7304137069518],[-105.423041957887,35.7301464202778],[-105.423056956606,35.7305518671779],[-105.424533111917,35.7313189189571],[-105.425006559164,35.7307338786881],[-105.4257462688,35.7305885352283],[-105.425772461504,35.7308675835854],[-105.424953706892,35.7322469359305],[-105.424303281135,35.7328280504811],[-105.423739876733,35.7328099711061],[-105.423778050686,35.7332715281917],[-105.422839143892,35.7333219386334],[-105.422178384598,35.7340055361427],[-105.421200051612,35.7334119968532],[-105.42056164132,35.7336828507355],[-105.421272623657,35.7341665062873],[-105.421654273389,35.7350352779351],[-105.421001507732,35.7358905943886],[-105.419874641157,35.7359752176822],[-105.419459088754,35.7364684087698],[-105.420426906339,35.7377035579678],[-105.420268970529,35.7382377029406],[-105.420605032214,35.7380870921827],[-105.420672587749,35.7385045126683],[-105.419730591501,35.7394493499171],[-105.419064418564,35.7389593698257],[-105.418810159,35.7399726098663],[-105.417474160055,35.7408802331777],[-105.41806881908,35.740906110592],[-105.417988665034,35.7413637360717],[-105.417528847563,35.7415418719132],[-105.416802852974,35.7412357996466],[-105.413959124558,35.742809485819],[-105.411758139234,35.7428782149399],[-105.413928989418,35.7434804963637],[-105.412346534347,35.7442106579997],[-105.411252614151,35.7451289769989],[-105.411937296497,35.7454995828999],[-105.412540850441,35.745432633825],[-105.4119943555,35.7463334486279],[-105.412059125028,35.7470433495087],[-105.412789888693,35.7472633870439],[-105.413556852385,35.7487403267263],[-105.414448714702,35.7492958717559],[-105.413616005959,35.7494346160758],[-105.413525044372,35.7497519806011],[-105.412793152232,35.7496225828926],[-105.41293916813,35.7504125739843],[-105.413454946166,35.750522202656],[-105.41445901445,35.751614867787],[-105.415429367285,35.7514676711019],[-105.415325222513,35.751729386352],[-105.415603481783,35.7515941365227],[-105.415333008075,35.7511975985567],[-105.416005787681,35.750919853794],[-105.416525244706,35.7515258764824],[-105.416649375027,35.7518555447977],[-105.416082602679,35.7528406167537],[-105.416718456078,35.7533477251825],[-105.416206817823,35.7535463660725],[-105.416163924601,35.7541320921914],[-105.416864448847,35.7534916090344],[-105.416903204253,35.7542164470988],[-105.41935283967,35.7536881337363],[-105.419192497812,35.7538923829413],[-105.419606441132,35.7541979264413],[-105.419179215027,35.754379875915],[-105.418852062979,35.7550716808921],[-105.419554036986,35.7554263957024],[-105.420388729025,35.7552260711092],[-105.421600162113,35.755737550157],[-105.420622052633,35.7561833855678],[-105.420255347717,35.7559478720768],[-105.420876906876,35.7570242037662],[-105.420836114827,35.7583630090268],[-105.418946005642,35.7605138656393],[-105.418963534756,35.7607696526931],[-105.420083655556,35.7609992248401],[-105.42067025283,35.7608221436577],[-105.421226911072,35.7612971747386],[-105.42106237422,35.7617266896791],[-105.418769145101,35.7625978439982],[-105.420315916351,35.7627522398716],[-105.420373151887,35.763122422754],[-105.420960770468,35.7634807253872],[-105.420987110621,35.7638627722982],[-105.419948035174,35.7646994404635],[-105.419935955741,35.765482358448],[-105.421557088538,35.7670867823631],[-105.421448469821,35.7676363552496],[-105.420063206347,35.7678135327232],[-105.419572078487,35.7668267610999],[-105.419406296179,35.7672125013463],[-105.418982990627,35.7671543812706],[-105.417612402471,35.7707315279997],[-105.415856908413,35.7731529945807],[-105.415211944018,35.7762799506449],[-105.415674948925,35.7783905991662],[-105.41735607995,35.782039385125],[-105.418210103451,35.7858882976047],[-105.41751043655,35.7882069402069],[-105.412962984877,35.7969909092553],[-105.415194911667,35.8033154589458],[-105.413119976622,35.8045296377959],[-105.412851757482,35.8052263194526],[-105.412991172882,35.80661519167],[-105.411614035252,35.8075936501238],[-105.411372598082,35.8082897730701],[-105.411781643756,35.809221693935],[-105.413090709381,35.8103169387615],[-105.413013418978,35.8114193247614],[-105.411558421229,35.8127118910255],[-105.411059356214,35.8117367766872],[-105.410939731846,35.812724566368],[-105.410029435811,35.8118415390621],[-105.408871461526,35.8139697412984],[-105.408378966578,35.8141531314348],[-105.406956753244,35.8179641988863],[-105.407454777622,35.8198522860046],[-105.405497318007,35.8202346702143],[-105.403313326122,35.821605604205],[-105.402859377539,35.8214573440011],[-105.401866118589,35.8219214235116],[-105.4013405025,35.8233265656197],[-105.402025564348,35.8241739672509],[-105.402730301762,35.8240972393301],[-105.40389674592,35.8245775867574],[-105.403855069721,35.8251855452251],[-105.402496688962,35.8259722903311],[-105.401804372455,35.8257657713086],[-105.400212164592,35.8261618301562],[-105.399481037788,35.8257585631962],[-105.398395320216,35.8260705087769],[-105.397870287669,35.8266259857091],[-105.399471886482,35.8272060776183],[-105.399176625175,35.8277657957162],[-105.393134161449,35.8283811823718],[-105.39475754946,35.8287563766936],[-105.393821230512,35.8293728610449],[-105.393901843792,35.8299420333778],[-105.391542743603,35.8303919065027],[-105.395497963541,35.8308065519528],[-105.39499273999,35.8311573035979],[-105.398487270368,35.8317648598834],[-105.397379080626,35.8322223901675],[-105.398168500051,35.832736609926],[-105.397833968044,35.8335004046074],[-105.396345954315,35.8346307337631],[-105.395419684824,35.8343162486209],[-105.395045859575,35.8345640347717],[-105.3932097985,35.8344880307847],[-105.393302374984,35.8353285700281],[-105.392177715714,35.8367074649313],[-105.390491789107,35.8371968969545],[-105.383095447869,35.8374223329118],[-105.38230242786,35.8387301578528],[-105.381619887777,35.8380674519335],[-105.380006509442,35.838192730294],[-105.380437100958,35.8384596121599],[-105.379577279133,35.8396523368169],[-105.381141612067,35.8398068142188],[-105.381155766169,35.8403599292092],[-105.381710173661,35.8407937239762],[-105.382995487066,35.8407371328178],[-105.389390259033,35.8468623803248],[-105.385192459268,35.8494299002371],[-105.380127099499,35.8516761380062],[-105.370666460482,35.8542419188651],[-105.360238030676,35.8575899639942],[-105.359679098369,35.8587149547205],[-105.361414959005,35.8592381686458],[-105.359715814643,35.8603220621395],[-105.358578773948,35.8605647753013],[-105.357991216684,35.8603282499186],[-105.359460405787,35.8578311268087],[-105.353720581917,35.8597747559755],[-105.350574587084,35.8603100364406],[-105.348936834338,35.86220617018],[-105.347378724118,35.8628099060711],[-105.345921472433,35.8629279947694],[-105.344422524876,35.8652562844365],[-105.343110947622,35.8688498178798],[-105.342066460699,35.8699669454436],[-105.342069933385,35.8704290525516],[-105.339663292888,35.8709693658098],[-105.338891941627,35.8707084393829],[-105.333579750371,35.873091216512],[-105.332339415071,35.8740482903835],[-105.331614644565,35.874686301566],[-105.330807302684,35.8762882623736],[-105.328940864089,35.8777895301407],[-105.328889965132,35.8781958485234],[-105.326541306418,35.8795594719809],[-105.325548268902,35.8822263979235],[-105.324934950461,35.8823300691793],[-105.325352287909,35.8827946901866],[-105.324977947229,35.8838801489758],[-105.316046720878,35.890609979758],[-105.312736543735,35.8910147617242],[-105.310425666541,35.8908123708989],[-105.304728608881,35.8891357932091],[-105.299861201902,35.8863325422591],[-105.298958796768,35.8870452531906],[-105.297153206898,35.8862621901098],[-105.296325865211,35.8863791628988],[-105.296381017768,35.8867722784027],[-105.298134015585,35.8878642237665],[-105.300027442847,35.8883378957257],[-105.301083340946,35.8891359259739],[-105.302132281519,35.8905611546602],[-105.303075380588,35.8909182547199],[-105.306250882607,35.8909956540908],[-105.306907857531,35.8913201595635],[-105.308325740637,35.8925827679953],[-105.308101673965,35.8934635012269],[-105.306508166715,35.8950147458828],[-105.306274856944,35.8968343224983],[-105.305546384048,35.8975531125688],[-105.304614232328,35.89932718371],[-105.303814180911,35.8999101031276],[-105.303318644281,35.9008316939358],[-105.303409837885,35.9013173820391],[-105.301568417723,35.9035957515531],[-105.300081717556,35.9044179753853],[-105.299683660741,35.905402641179],[-105.298445737871,35.9063412040553],[-105.294696848754,35.9067381291345],[-105.292847297344,35.9076732974835],[-105.288806213118,35.908719401506],[-105.285509609957,35.9076891399438],[-105.284372994618,35.9067528657936],[-105.282936617197,35.9067040142401],[-105.28166348885,35.9096968580607],[-105.28320374811,35.9116098176171],[-105.282310068503,35.9125937700408],[-105.282666299654,35.9128940515827],[-105.283686126842,35.9129490372655],[-105.283819985677,35.9136142247101],[-105.284041268275,35.9135874873322],[-105.283562074809,35.9138775840108],[-105.283785116964,35.9147938936614],[-105.281846512933,35.9151045641498]]]]},"properties":{"name":"Hermits Peak","year":2022,"acres":341735,"src":"wfigs"}},{"type":"Feature","geometry":{"type":"Polygon","coordinates":[[[-105.656075536,35.8070754610001],[-105.654767866,35.807863867],[-105.654445017,35.8075894830001],[-105.65461155,35.806936433],[-105.655791916,35.806703917],[-105.656075536,35.8070754610001]]]},"properties":{"name":"Grass Mountain","year":2022,"acres":3,"src":"wfigs"}},{"type":"Feature","geometry":{"type":"MultiPolygon","coordinates":[[[[-105.547904109984,36.112393668761],[-105.54789411169,36.1123283158675],[-105.547937772016,36.1123504984443],[-105.547904109984,36.112393668761]]],[[[-105.529313406651,35.7048260276433],[-105.529316837309,35.7046824636872],[-105.529379781278,35.7047587809421],[-105.529313406651,35.7048260276433]]],[[[-105.547106215858,36.1113743038283],[-105.547011377288,36.1113011466225],[-105.547088794762,36.1112979937693],[-105.547106215858,36.1113743038283]]],[[[-105.256151504151,36.0756087853606],[-105.25623846654,36.0755017919574],[-105.256272915756,36.0755811150807],[-105.256151504151,36.0756087853606]]],[[[-105.547383158658,35.6248220692455],[-105.547355989486,35.6247389886668],[-105.547435464935,35.6247649418511],[-105.547383158658,35.6248220692455]]],[[[-105.511579912753,35.7028761191239],[-105.511717684721,35.7028164885909],[-105.511683968826,35.7029660749075],[-105.511579912753,35.7028761191239]]],[[[-105.260162501353,35.7553317492454],[-105.260336540154,35.7553244851858],[-105.260334473821,35.7554327905533],[-105.260162501353,35.7553317492454]]],[[[-105.425221116605,36.1490667332075],[-105.425283585663,36.1490012958193],[-105.425271601891,36.1490611283273],[-105.425221116605,36.1490667332075]]],[[[-105.382324011142,35.9845339069714],[-105.382495447001,35.9844928277461],[-105.382482435417,35.9846214549806],[-105.382324011142,35.9845339069714]]],[[[-105.38164525406,35.9844417156003],[-105.381824530022,35.9843901359103],[-105.381841769335,35.9845291000128],[-105.38164525406,35.9844417156003]]],[[[-105.539921926937,35.8476432151057],[-105.539778377448,35.8475383127489],[-105.5399660969,35.8475797221724],[-105.539921926937,35.8476432151057]]],[[[-105.533483358899,35.7898803280574],[-105.533586823584,35.7896881786835],[-105.533660727302,35.7898359849426],[-105.533483358899,35.7898803280574]]],[[[-105.396343446255,35.5823990184615],[-105.396353448471,35.582252548548],[-105.396447669325,35.5823218073228],[-105.396343446255,35.5823990184615]]],[[[-105.544889596561,35.833815412142],[-105.545042139379,35.8337322072059],[-105.544958932521,35.8338708819687],[-105.544889596561,35.833815412142]]],[[[-105.544391446971,35.7711237371562],[-105.544480129812,35.7709463692245],[-105.544539252851,35.7710646144654],[-105.544391446971,35.7711237371562]]],[[[-105.399663247121,35.5872424797576],[-105.399597417341,35.5870523363801],[-105.399846038518,35.5870935124963],[-105.399663247121,35.5872424797576]]],[[[-105.539510829654,36.104251003486],[-105.539673917581,36.1042671742989],[-105.539540664719,36.104491391757],[-105.539510829654,36.104251003486]]],[[[-105.469851212829,35.9697416081001],[-105.47007516378,35.9696542063612],[-105.47008688164,35.9698503075905],[-105.469851212829,35.9697416081001]]],[[[-105.542864631094,35.7812876323913],[-105.542939330977,35.7810822066932],[-105.543070053275,35.7812316072219],[-105.542864631094,35.7812876323913]]],[[[-105.54641638919,35.777449837142],[-105.546475512135,35.7772429075285],[-105.546578976839,35.7773168106491],[-105.54641638919,35.777449837142]]],[[[-105.546900380866,35.8325257367788],[-105.546872645727,35.8323038558488],[-105.546997453726,35.8324009300823],[-105.546900380866,35.8325257367788]]],[[[-105.426838782621,36.1506421428986],[-105.426918380756,36.1504466371648],[-105.426975064024,36.150532258585],[-105.426838782621,36.1506421428986]]],[[[-105.25869351126,35.7785597457886],[-105.258953843042,35.7785480639718],[-105.258894238009,35.7787690327016],[-105.25869351126,35.7785597457886]]],[[[-105.558634005843,35.8124398773536],[-105.558498580203,35.8122367393308],[-105.55873557351,35.8123383069833],[-105.558634005843,35.8124398773536]]],[[[-105.543429336934,35.7817574484832],[-105.543508763462,35.7814993107418],[-105.543528620049,35.7817177353761],[-105.543429336934,35.7817574484832]]],[[[-105.547976301765,35.6242914107841],[-105.548208904637,35.6241102784047],[-105.548079212478,35.624405053915],[-105.547976301765,35.6242914107841]]],[[[-105.554985932945,35.7843388192078],[-105.555025646353,35.7841402520886],[-105.555184498488,35.7842395338807],[-105.554985932945,35.7843388192078]]],[[[-105.543159946724,36.110072277757],[-105.543128149466,36.1099106377817],[-105.543410030369,36.1100783896147],[-105.543159946724,36.110072277757]]],[[[-105.558696510239,35.8128852657828],[-105.558529484327,35.8126811224186],[-105.558770746215,35.8127182393665],[-105.558696510239,35.8128852657828]]],[[[-105.422165692424,36.1299736071709],[-105.422366902217,36.1298545572194],[-105.422317815298,36.1299818062232],[-105.422165692424,36.1299736071709]]],[[[-105.557513809559,35.8106685909107],[-105.557795421004,35.8105629854805],[-105.557795422125,35.8106509897716],[-105.557513809559,35.8106685909107]]],[[[-105.512561373177,35.8365065624457],[-105.512420567466,35.8362777515099],[-105.512649378106,35.8363833565483],[-105.512561373177,35.8365065624457]]],[[[-105.530598444083,36.0697987740928],[-105.530703892671,36.0696142368912],[-105.530835706258,36.0696933233264],[-105.530598444083,36.0697987740928]]],[[[-105.548195533846,36.1109996602374],[-105.548056996645,36.1108175377825],[-105.548306205767,36.1108593751385],[-105.548195533846,36.1109996602374]]],[[[-105.554171807318,35.7829687057665],[-105.554112236855,35.7827502830358],[-105.554330660383,35.782829710235],[-105.554171807318,35.7829687057665]]],[[[-105.547427345531,35.8319571683085],[-105.547690828434,35.8317768916552],[-105.547732430219,35.8319016990283],[-105.547427345531,35.8319571683085]]],[[[-105.530519357752,36.0695615121281],[-105.53038754515,36.069297887944],[-105.530703892456,36.0693769746669],[-105.530519357752,36.0695615121281]]],[[[-105.55317897254,35.7838026868348],[-105.553298113822,35.783643834277],[-105.553377540884,35.7838424017375],[-105.55317897254,35.7838026868348]]],[[[-105.554866791597,35.7831871302749],[-105.554707938926,35.7829488498573],[-105.554906505251,35.7830282756349],[-105.554866791597,35.7831871302749]]],[[[-105.557753710986,35.8135292985229],[-105.557971280311,35.8133684840566],[-105.558075335559,35.8135387558597],[-105.557753710986,35.8135292985229]]],[[[-105.542164409937,35.5608806790753],[-105.542248021614,35.5606686801081],[-105.542328161184,35.5607884794914],[-105.542164409937,35.5608806790753]]],[[[-105.545852619359,35.7850973157334],[-105.545796594437,35.7848358666948],[-105.54607671816,35.7849852672322],[-105.545852619359,35.7850973157334]]],[[[-105.550101184738,35.7826509991741],[-105.550339466554,35.7826112864763],[-105.550399035967,35.7827304263027],[-105.550299751799,35.7828297101982],[-105.550101184738,35.7826509991741]]],[[[-105.573538809922,35.8413020571864],[-105.573775300964,35.8412281534877],[-105.573878765696,35.8413611779907],[-105.573775300119,35.8414794233401],[-105.573538809922,35.8413020571864]]],[[[-105.56817638257,35.7843495561353],[-105.56820732357,35.7840865744568],[-105.568315609281,35.7842722088326],[-105.56817638257,35.7843495561353]]],[[[-105.509692443223,35.8337256364347],[-105.50995645588,35.8335496279196],[-105.50999165657,35.8337784392639],[-105.509692443223,35.8337256364347]]],[[[-105.500340846203,35.7905314115713],[-105.500656516552,35.7904760268708],[-105.500629515102,35.7907983323451],[-105.500340846203,35.7905314115713]]],[[[-105.547953311005,36.1106720143835],[-105.54812106383,36.1103901345034],[-105.548187276667,36.1106062378617],[-105.547953311005,36.1106720143835]]],[[[-105.509329998813,35.7698133241184],[-105.509648922366,35.7698301100544],[-105.509632137059,35.7700147513547],[-105.509464283289,35.7699811793778],[-105.509329998813,35.7698133241184]]],[[[-105.534115793753,36.1035003258084],[-105.534360155163,36.1032895038598],[-105.534571968014,36.1033921869412],[-105.534115793753,36.1035003258084]]],[[[-105.377222220673,36.0716631317854],[-105.377055278125,36.0714190328721],[-105.377332957206,36.0715128129919],[-105.377222220673,36.0716631317854]]],[[[-105.567707857308,35.7864364436514],[-105.567730950802,35.786159307842],[-105.567938804854,35.7864133501403],[-105.567707857308,35.7864364436514]]],[[[-105.47113846864,35.9759464336129],[-105.471404348894,35.9757288944673],[-105.471501033368,35.9758497494091],[-105.471331836112,35.9760431170016],[-105.47113846864,35.9759464336129]]],[[[-105.536529442203,36.1045737418899],[-105.536892292792,36.1045821798121],[-105.536926046375,36.1046496875251],[-105.536799470745,36.1047847016895],[-105.536529442203,36.1045737418899]]],[[[-105.509498189754,35.8345222817107],[-105.509498189314,35.8341852001703],[-105.509700440129,35.834370595],[-105.509498189754,35.8345222817107]]],[[[-105.558261587131,35.810848636035],[-105.558227731282,35.8105439311559],[-105.558532436592,35.8107470684813],[-105.558261587131,35.810848636035]]],[[[-105.55831894428,35.8140505355766],[-105.557916148352,35.8138872174159],[-105.558318944394,35.8138872181337],[-105.55831894428,35.8140505355766]]],[[[-105.526170525029,36.1038756089832],[-105.526061495456,36.103637650251],[-105.526345456755,36.1037345108235],[-105.526170525029,36.1038756089832]]],[[[-105.42020943593,36.1481654932242],[-105.42020714125,36.1477423869924],[-105.420403927724,36.1481679444828],[-105.42020943593,36.1481654932242]]],[[[-105.519880761594,35.8376418133199],[-105.520190150331,35.8375489965606],[-105.520205620209,35.8377965082296],[-105.519973578116,35.8378738560192],[-105.519880761594,35.8376418133199]]],[[[-105.57207468968,35.8412461914729],[-105.572337671609,35.8411688456812],[-105.572554242571,35.8413235400107],[-105.572229384015,35.84140088701],[-105.57207468968,35.8412461914729]]],[[[-105.566145571888,35.8195914444346],[-105.566453678908,35.8193380593331],[-105.566409977892,35.8196126533459],[-105.566145571888,35.8195914444346]]],[[[-105.568191851869,35.7855407037497],[-105.567913403375,35.7852777221822],[-105.568300139115,35.7853550693073],[-105.568191851869,35.7855407037497]]],[[[-105.422937781562,35.8524312621861],[-105.423240953319,35.8523914534575],[-105.423392156694,35.8524880420905],[-105.423104888682,35.8526616138059],[-105.422937781562,35.8524312621861]]],[[[-105.531171061781,36.1019325247609],[-105.530715389061,36.1017131262084],[-105.531187939273,36.1017300039145],[-105.531171061781,36.1019325247609]]],[[[-105.580779456153,35.7847736246317],[-105.580964213166,35.7845657724942],[-105.581172065649,35.7846581525991],[-105.581148970668,35.7848890985622],[-105.580779456153,35.7847736246317]]],[[[-105.550279897906,35.7836438348819],[-105.550160754998,35.7832268435426],[-105.550438749933,35.7835246944082],[-105.550279897906,35.7836438348819]]],[[[-105.554151951692,35.7842395342613],[-105.553895377812,35.7839533026756],[-105.554235331249,35.7841158886015],[-105.554151951692,35.7842395342613]]],[[[-105.53564341144,36.1042362053521],[-105.535972508112,36.104067438956],[-105.536149714183,36.1042699593438],[-105.53564341144,36.1042362053521]]],[[[-105.538018058801,36.1037698582787],[-105.538428005882,36.1035899312319],[-105.538006045846,36.1038891399017],[-105.538018058801,36.1037698582787]]],[[[-105.571887195398,35.7854562908897],[-105.571572468709,35.7853251546567],[-105.571887195389,35.7850891091851],[-105.571887195398,35.7854562908897]]],[[[-105.426195550026,36.1495181762446],[-105.426342563045,36.1492045180193],[-105.426707111654,36.1493115823004],[-105.426195550026,36.1495181762446]]],[[[-105.422179268658,35.833637013144],[-105.422542141938,35.8334758722185],[-105.422831625857,35.8336331374761],[-105.42247044731,35.8337378324163],[-105.422179268658,35.833637013144]]],[[[-105.363594302842,35.9440959998599],[-105.364012155586,35.9439697260583],[-105.363930540538,35.9444741088489],[-105.363594302842,35.9440959998599]]],[[[-105.51191014436,35.8317191457026],[-105.511593329473,35.831842350687],[-105.511368997461,35.8316233724238],[-105.511655394454,35.8315551829438],[-105.51191014436,35.8317191457026]]],[[[-105.57207778158,35.8477415246422],[-105.572331830257,35.8475890934885],[-105.572585879334,35.8476653092774],[-105.572281021466,35.8479447627915],[-105.57207778158,35.8477415246422]]],[[[-105.544655927247,35.7804369360307],[-105.544913212028,35.780181249192],[-105.545071387252,35.7803130606874],[-105.544822212437,35.7806507282879],[-105.544655927247,35.7804369360307]]],[[[-105.500586307936,35.9295863610869],[-105.50093435782,35.9293541119742],[-105.500988513491,35.9296003440185],[-105.500586307936,35.9295863610869]]],[[[-105.568927256228,35.7845593068213],[-105.568720328321,35.7842636947096],[-105.569163746126,35.7843819386406],[-105.568927256228,35.7845593068213]]],[[[-105.559575370004,35.809069736375],[-105.55984597516,35.8089589020619],[-105.559901036922,35.8089130178714],[-105.560128067872,35.8090359920051],[-105.559575370004,35.809069736375]]],[[[-105.485663347336,35.7605833706137],[-105.486227873413,35.7605663087945],[-105.485825566276,35.7608183332272],[-105.485663347336,35.7605833706137]]],[[[-105.567272759362,35.7853027391422],[-105.567440833882,35.7851159894081],[-105.567814332421,35.7853587626543],[-105.567515533863,35.7854147883922],[-105.567272759362,35.7853027391422]]],[[[-105.595836545991,35.9014141191971],[-105.595955144187,35.9012002928903],[-105.596578018503,35.901420708071],[-105.596179846773,35.9015169164401],[-105.595836545991,35.9014141191971]]],[[[-105.424292895542,36.1492346799066],[-105.424813974147,36.1489690195582],[-105.425006820799,36.149104813261],[-105.424851772059,36.1492238704469],[-105.424292895542,36.1492346799066]]],[[[-105.581715305501,35.7854505376524],[-105.582044624928,35.7849852648598],[-105.582074253949,35.7854505371781],[-105.581715305501,35.7854505376524]]],[[[-105.471148771086,36.0795454737785],[-105.471255965698,36.0793094315999],[-105.471705705306,36.0796382953909],[-105.471528498611,36.0797058028791],[-105.471148771086,36.0795454737785]]],[[[-105.557456055598,35.8109724793269],[-105.55759527999,35.8108023148348],[-105.558255068645,35.8110981830965],[-105.558065876529,35.811173859941],[-105.557456055598,35.8109724793269]]],[[[-105.568355904962,35.7839954946164],[-105.568505305297,35.7836033206895],[-105.568785427629,35.7839581448722],[-105.568355904962,35.7839954946164]]],[[[-105.53398420528,36.0328326388392],[-105.534221536906,36.0327403439062],[-105.534617084515,36.032885379496],[-105.534313831899,36.0330304128189],[-105.53398420528,36.0328326388392]]],[[[-105.413845610642,35.9976314501],[-105.414088116138,35.9971468303608],[-105.414239010046,35.9972970638737],[-105.413845610642,35.9976314501]]],[[[-105.535603794878,36.1037666580689],[-105.53506503367,36.1035637973719],[-105.53553101851,36.1033619373522],[-105.535603794878,36.1037666580689]]],[[[-105.254828466483,35.7782840497833],[-105.25482172855,35.7779117379774],[-105.255302692922,35.7785219809454],[-105.254828466483,35.7782840497833]]],[[[-105.472830825146,35.970504626794],[-105.472970308082,35.9702721549479],[-105.473295769365,35.9704116377571],[-105.473202780512,35.9707370968792],[-105.472830825146,35.970504626794]]],[[[-105.518087639033,35.641573113774],[-105.518780849017,35.6416580072251],[-105.518059587303,35.64176860553],[-105.518087639033,35.641573113774]]],[[[-105.579971142034,35.7843810148543],[-105.580356179662,35.7841289498745],[-105.579901858236,35.7847505312518],[-105.579971142034,35.7843810148543]]],[[[-105.594514034053,35.8953739206633],[-105.59499790444,35.8952552448012],[-105.595190975406,35.8954077161425],[-105.594565581892,35.8957452506323],[-105.594514034053,35.8953739206633]]],[[[-105.497474961156,35.9282229460972],[-105.498055101806,35.9280119847604],[-105.497404601622,35.928422495461],[-105.497474961156,35.9282229460972]]],[[[-105.245231888951,36.0911752731113],[-105.244814436319,36.0911503505194],[-105.244216297046,36.0910070461456],[-105.24435337077,36.0908263581998],[-105.245231888951,36.0911752731113]]],[[[-105.576028599636,35.7866991369135],[-105.576610670399,35.7861869832114],[-105.576160403014,35.786874876109],[-105.576028599636,35.7866991369135]]],[[[-105.511568940932,35.7024042961896],[-105.511967438508,35.702130329223],[-105.512341031096,35.702304672416],[-105.512017250298,35.7025288270449],[-105.511568940932,35.7024042961896]]],[[[-105.500495402009,35.8366584464082],[-105.500969600199,35.8365338005363],[-105.501129246796,35.8368052511156],[-105.50081547234,35.8370040897262],[-105.500495402009,35.8366584464082]]],[[[-105.450875728306,36.0818300188346],[-105.450891174366,36.0814438663276],[-105.451509015798,36.0819535863274],[-105.451292773367,36.0820462621221],[-105.450875728306,36.0818300188346]]],[[[-105.55995439491,35.8094266768857],[-105.560477607574,35.8092001860085],[-105.560673701179,35.8096111674064],[-105.560039453862,35.8096730457732],[-105.55995439491,35.8094266768857]]],[[[-105.566961434792,35.7846775522282],[-105.567419634911,35.7844558428737],[-105.56768360679,35.7847798403047],[-105.567073217719,35.784947063594],[-105.566961434792,35.7846775522282]]],[[[-105.486130600901,35.7590316636297],[-105.486866082773,35.7590448442265],[-105.487062249129,35.7593296707844],[-105.486555341883,35.7593346173761],[-105.486130600901,35.7590316636297]]],[[[-105.552464133094,35.7826311432671],[-105.55278183961,35.782571573336],[-105.552940692557,35.7828892813052],[-105.552722269273,35.783167272932],[-105.552344992156,35.7831275601481],[-105.552464133094,35.7826311432671]]],[[[-105.258487329638,35.7749579520564],[-105.257620682006,35.7741959616282],[-105.258811969191,35.7750319887153],[-105.258487329638,35.7749579520564]]],[[[-105.576530031019,35.7853740876866],[-105.577176684265,35.7852355192566],[-105.576599752072,35.7858424087334],[-105.576530031019,35.7853740876866]]],[[[-105.388552403182,36.0409050883049],[-105.388376215875,36.0404682232531],[-105.389028663502,36.0406544279072],[-105.388552403182,36.0409050883049]]],[[[-105.418781543014,35.833070024108],[-105.419887153216,35.8329820317461],[-105.419554448356,35.8333327386927],[-105.418882523479,35.8333363906749],[-105.418781543014,35.833070024108]]],[[[-105.567114192337,35.7835388494031],[-105.567208841135,35.7832819409702],[-105.567952521667,35.783457720217],[-105.567587443208,35.7837551928324],[-105.567114192337,35.7835388494031]]],[[[-105.524952920512,35.8401375438734],[-105.526065914723,35.8400854029382],[-105.526012592807,35.8403674677323],[-105.524952920512,35.8401375438734]]],[[[-105.492112912818,35.9544836911356],[-105.492041610303,35.9541271707155],[-105.492944792162,35.9539607940917],[-105.493325079839,35.954246010535],[-105.492112912818,35.9544836911356]]],[[[-105.461002056001,35.8924896895994],[-105.461788173414,35.8924598271363],[-105.461937790076,35.8927648541095],[-105.461128888796,35.8927485032959],[-105.461002056001,35.8924896895994]]],[[[-105.386972898319,36.1111393793572],[-105.387459668238,36.1110633210263],[-105.38841799257,36.1116261470062],[-105.38758135872,36.11155008974],[-105.386972898319,36.1111393793572]]],[[[-105.491756394561,35.9534854357907],[-105.492754648472,35.9532477554783],[-105.49308740094,35.9533903639588],[-105.492279289628,35.9537706518301],[-105.491756394561,35.9534854357907]]],[[[-105.414739319801,35.8309761715181],[-105.415872640411,35.8309646042972],[-105.416208814291,35.8313691968491],[-105.415628523548,35.8314692553327],[-105.414739319801,35.8309761715181]]],[[[-105.243678733983,36.0878469823966],[-105.243788115058,36.0873326923087],[-105.244363257327,36.0874225209203],[-105.244722648264,36.0879107867884],[-105.243678733983,36.0878469823966]]],[[[-105.545824011293,35.6287012574687],[-105.545090591259,35.6280561397035],[-105.5456967822,35.6278498164806],[-105.546153505601,35.6282692693801],[-105.545824011293,35.6287012574687]]],[[[-105.564439814751,35.8049869108483],[-105.565519503292,35.8045323455694],[-105.565621070929,35.8049492004658],[-105.564596503442,35.8053002914935],[-105.564439814751,35.8049869108483]]],[[[-105.577434513557,35.785754538745],[-105.578365321346,35.7852464735307],[-105.578675305131,35.78569636441],[-105.577632221086,35.7860181474423],[-105.577434513557,35.785754538745]]],[[[-105.464040913553,35.8916863844023],[-105.465340725413,35.8915006978668],[-105.465452138404,35.8919834848678],[-105.464003776661,35.8921691713918],[-105.464040913553,35.8916863844023]]],[[[-105.411638120203,35.8264542741039],[-105.412931125389,35.8255769555252],[-105.413553066955,35.8257251567627],[-105.412405143303,35.8265678474079],[-105.411638120203,35.8264542741039]]],[[[-105.560846995534,35.8090076141689],[-105.561984997361,35.8090608619107],[-105.562037227684,35.809792083547],[-105.561201544835,35.809557047634],[-105.560846995534,35.8090076141689]]],[[[-105.419928177732,36.1548767929847],[-105.419184761705,36.1542675025889],[-105.42048722461,36.154723268506],[-105.420973666657,36.1541201532909],[-105.42123869561,36.1542699339492],[-105.421023118002,36.1547841326481],[-105.421384491091,36.155145249632],[-105.419928177732,36.1548767929847]]],[[[-105.490924513985,35.9512274771245],[-105.492540736178,35.9510611025032],[-105.492493201,35.9515126928484],[-105.491661320874,35.9517741416169],[-105.490591761807,35.9516077657952],[-105.490924513985,35.9512274771245]]],[[[-105.563234067491,35.810070163526],[-105.56250923772,35.8097283761856],[-105.562662669097,35.8089948985532],[-105.563380440066,35.8087855489522],[-105.564071482199,35.8090083446791],[-105.563234067491,35.810070163526]]],[[[-105.537679190119,35.6293764650891],[-105.538629072119,35.6289660269341],[-105.53858343808,35.6293769574436],[-105.538965580687,35.629732394123],[-105.537472374715,35.6302682850145],[-105.537679190119,35.6293764650891]]],[[[-105.262109796665,35.7820902225331],[-105.262611825991,35.7819213440075],[-105.262413861033,35.7816443769843],[-105.263420905706,35.7813957703846],[-105.264411318954,35.7818745467236],[-105.263819153623,35.7819562261649],[-105.26387134209,35.7821720281416],[-105.263172867035,35.7820204061087],[-105.262933728453,35.7825986368449],[-105.262109796665,35.7820902225331]]],[[[-105.472226398787,35.971806468511],[-105.470507823021,35.9714302585411],[-105.470674198701,35.9708598277161],[-105.471696221394,35.970717219569],[-105.471733053868,35.9711228603227],[-105.47244297467,35.9712411796615],[-105.472226398787,35.971806468511]]],[[[-105.562899023837,35.8120640933637],[-105.561074026943,35.8120252230129],[-105.560705725309,35.8117433096332],[-105.561582398316,35.8112798845096],[-105.5630295996,35.811646252377],[-105.562899023837,35.8120640933637]]],[[[-105.386889433473,36.037708857856],[-105.385940267562,36.0373689320928],[-105.385389994625,36.0373643196496],[-105.386316111452,36.0365312857351],[-105.386596905449,36.0366543727237],[-105.386463045813,36.036966893365],[-105.387597955545,36.0370846156839],[-105.388146467601,36.0375471708148],[-105.386889433473,36.037708857856]]],[[[-105.391364764738,36.1105357861648],[-105.393389720244,36.1103800210571],[-105.393788872326,36.1107207578573],[-105.392172799383,36.111577470087],[-105.391267411389,36.1109544071108],[-105.391364764738,36.1105357861648]]],[[[-105.392445390449,36.1117429705837],[-105.393048982354,36.1116748238319],[-105.392980834427,36.1121713271394],[-105.394256169509,36.1127165076645],[-105.394217226497,36.1129306858894],[-105.392864010594,36.1131935409772],[-105.392172800623,36.1127943900736],[-105.391871003974,36.1125510058378],[-105.392289624776,36.1123270929628],[-105.392445390449,36.1117429705837]]],[[[-105.377448279271,36.0389290674824],[-105.377838558113,36.0392233500282],[-105.377871543191,36.0399873597938],[-105.377553288799,36.0406865928177],[-105.377055494687,36.0409438029104],[-105.37673764748,36.0406171047684],[-105.376718053441,36.0398890916269],[-105.377448279271,36.0389290674824]]],[[[-105.537853468112,35.5744695392962],[-105.538632981033,35.5745406554777],[-105.538847405728,35.5749606015068],[-105.538135946868,35.576333077835],[-105.537734656526,35.5764905782563],[-105.537506335167,35.576432402652],[-105.537373144903,35.575183927309],[-105.537853468112,35.5744695392962]]],[[[-105.571572468116,35.7854562905959],[-105.571467290267,35.7858633293629],[-105.569877722084,35.7860401156744],[-105.568561328415,35.7852467149376],[-105.568635311258,35.7848394213031],[-105.569102832737,35.7847019153875],[-105.57003787307,35.7850319307442],[-105.571074151875,35.7848792909402],[-105.571074151355,35.7851940186599],[-105.571572468116,35.7854562905959]]],[[[-105.58318924258,35.8272974702524],[-105.584249166448,35.8266321425996],[-105.58578661614,35.8275734441155],[-105.58535160547,35.8287034106261],[-105.584432500131,35.8286091720104],[-105.58318924258,35.8272974702524]]],[[[-105.278045658071,35.7622930298676],[-105.278164580972,35.7619143988851],[-105.279414154034,35.762602787267],[-105.280667960296,35.7645374143296],[-105.280567366652,35.7651010943363],[-105.279366155719,35.7644891036161],[-105.278045658071,35.7622930298676]]],[[[-105.482104898912,35.9720927663327],[-105.481400241016,35.9722546167011],[-105.481254011912,35.9718994895071],[-105.482242207984,35.9716941865722],[-105.482403220548,35.9712268039594],[-105.482708094468,35.9715316772677],[-105.483489223977,35.9713563542507],[-105.483969690059,35.9719203798224],[-105.483698121937,35.9721919478227],[-105.483951941686,35.9727755253048],[-105.482537921258,35.9735637555274],[-105.48155993299,35.9724760489683],[-105.482104898912,35.9720927663327]]],[[[-105.395031322849,35.5754651721119],[-105.394745702461,35.5747787455095],[-105.396957783489,35.5750469765883],[-105.397616578135,35.574818204184],[-105.401124031886,35.5759079699159],[-105.399453856523,35.5761257700459],[-105.395031322849,35.5754651721119]]],[[[-105.305320377538,36.0033506612593],[-105.306675151791,36.0019008140113],[-105.307887318522,36.0016869027092],[-105.309883829857,36.0024712454763],[-105.309456006142,36.0032555891201],[-105.308695431658,36.0033268919011],[-105.308148766415,36.0029228361965],[-105.306294864484,36.0034219648802],[-105.305320377538,36.0033506612593]]],[[[-105.559837163699,35.6162556384593],[-105.5613625776,35.6169136605248],[-105.561314646042,35.617831621507],[-105.560923482665,35.6186049387324],[-105.55952906211,35.619255076591],[-105.559038748251,35.6188961078265],[-105.559196141366,35.6184448596006],[-105.558790448993,35.6173354648097],[-105.559837163699,35.6162556384593]]],[[[-105.516678345726,35.646103493057],[-105.515537515572,35.6460411276022],[-105.515220683494,35.6456358653142],[-105.515556168998,35.6453602404452],[-105.515025137945,35.6451696162712],[-105.513084135969,35.6450928129003],[-105.512823476129,35.6446045527008],[-105.510238386407,35.6446849060207],[-105.509622678704,35.6449652437743],[-105.509357211564,35.6447677028405],[-105.509707111856,35.6431984471307],[-105.510199456407,35.6427993855662],[-105.510534051369,35.6430041730305],[-105.510433061215,35.6436945865562],[-105.510742004487,35.6438967735826],[-105.512637583816,35.6437587931355],[-105.514337936005,35.6448291592269],[-105.516258665148,35.6450156114551],[-105.517008611854,35.6457540912716],[-105.516678345726,35.646103493057]]],[[[-105.582451150699,35.7851454297523],[-105.582306074765,35.7846677911037],[-105.581503053682,35.7844250166658],[-105.581521729765,35.7840888675348],[-105.579206037087,35.7827255986363],[-105.579784959674,35.7825948745158],[-105.579560860879,35.7824081245307],[-105.58002773367,35.7819786020346],[-105.58099883121,35.7826695740357],[-105.581054854574,35.783043073092],[-105.581652452681,35.7829870475131],[-105.582959698607,35.7837527192474],[-105.584845865492,35.7841448925001],[-105.584920564453,35.7846491163332],[-105.584509716249,35.7851159897087],[-105.583869001863,35.7851095344838],[-105.583384419142,35.7856300121134],[-105.582451150699,35.7851454297523]]],[[[-105.423249317464,35.8464659278496],[-105.421930041797,35.8465279457785],[-105.420720593306,35.8459917243082],[-105.420966317335,35.8451312912344],[-105.422324788961,35.8449029659303],[-105.421799536065,35.8428413989125],[-105.422377409165,35.8428520720001],[-105.423958005653,35.844129078359],[-105.423522262494,35.8449966745138],[-105.423856969197,35.8450986512255],[-105.42436735283,35.846197959111],[-105.425076891948,35.8463300715681],[-105.424626014087,35.8467412083769],[-105.424923087596,35.8470454703654],[-105.424619439996,35.8474951819976],[-105.423249317464,35.8464659278496]]],[[[-105.499184409872,35.7720148792201],[-105.496972717727,35.7719725679923],[-105.497112787992,35.7708769595057],[-105.496156708443,35.7700685484804],[-105.496265509906,35.7694157399183],[-105.497081517623,35.7691981393139],[-105.498276429372,35.7695753358931],[-105.498612569269,35.7692909284409],[-105.498937675674,35.7676439957845],[-105.500587110331,35.7683317931566],[-105.501075927165,35.7682570520755],[-105.501431061432,35.7686479373954],[-105.500972752449,35.7688957807816],[-105.501585787644,35.7701129682013],[-105.500408777137,35.7704305657891],[-105.500660362614,35.7707107108981],[-105.49975024091,35.7712552108599],[-105.500255893931,35.7723515065087],[-105.50001742097,35.7724862450888],[-105.499184409872,35.7720148792201]]],[[[-105.473990647942,35.9789678092711],[-105.473120491878,35.9787986119807],[-105.473144662226,35.9784658171141],[-105.472644749755,35.9783889074306],[-105.472129039816,35.977387349165],[-105.471579107044,35.9770798801638],[-105.471882449695,35.9761402340085],[-105.471714960854,35.9744101523637],[-105.47233249417,35.9742013872969],[-105.472298675389,35.9737710414693],[-105.474524611072,35.9740685029957],[-105.474500843371,35.974781542708],[-105.475190114178,35.9750905266889],[-105.47540402635,35.9745438639061],[-105.476045761943,35.9746864709184],[-105.476711265757,35.9753519753508],[-105.476135614127,35.9752812305012],[-105.47564577782,35.9758650178811],[-105.47449479488,35.9758869701549],[-105.474375766901,35.9760712494395],[-105.475464645278,35.9764827396137],[-105.476003756951,35.9764152973891],[-105.475978246548,35.9768952509535],[-105.476479648157,35.9767306261069],[-105.476753181802,35.9769745290711],[-105.475968795554,35.9779660930659],[-105.473990647942,35.9789678092711]]],[[[-105.473274545589,35.9740685191437],[-105.473278703908,35.9740479059452],[-105.473259823314,35.9740667875566],[-105.473274545589,35.9740685191437]]],[[[-105.231996172026,36.0955704128265],[-105.230879078442,36.0951188223748],[-105.231401973889,36.0924805759771],[-105.230950380732,36.0925043454308],[-105.231021685929,36.0931460803534],[-105.230237342385,36.0938115832886],[-105.229833287,36.0935263674901],[-105.229144015312,36.0925994152326],[-105.2292105662,36.0908738614408],[-105.230655657744,36.0905886458141],[-105.231112004025,36.0909499181174],[-105.231211828383,36.0919576804175],[-105.233184570811,36.0921478235784],[-105.234657892597,36.0928591815827],[-105.236457716209,36.092585271239],[-105.237354228984,36.0927951669337],[-105.237652951376,36.0937878146415],[-105.235685404397,36.0942980284991],[-105.23467939489,36.0941395977044],[-105.233850075586,36.0946434619115],[-105.234420508297,36.0950237500082],[-105.233992684267,36.0954991091426],[-105.231996172026,36.0955704128265]]],[[[-105.545255031546,36.1091802107616],[-105.544047115047,36.1089646776602],[-105.544465014891,36.1085936936601],[-105.543275448074,36.1083539109683],[-105.543349031731,36.1077564269993],[-105.541708781506,36.1077565939911],[-105.541815946409,36.1073590940465],[-105.540705280628,36.107019676344],[-105.540669663694,36.106586043143],[-105.542831350316,36.1052015365054],[-105.543389185826,36.105232213491],[-105.543334093415,36.1048766124406],[-105.544105496027,36.1041601063698],[-105.546762736083,36.1028082148896],[-105.547684016184,36.1026758965469],[-105.549048990755,36.1031382242269],[-105.549814443034,36.1039969946207],[-105.548652003398,36.1047550280496],[-105.548369651806,36.1053379587226],[-105.548560904605,36.1055571167224],[-105.549693695175,36.1052809485692],[-105.549685402986,36.1056203459229],[-105.548887206181,36.1061013022866],[-105.54884664125,36.1070297420054],[-105.548312024627,36.1076958764609],[-105.546899147552,36.1082839782067],[-105.546765631892,36.1086910944773],[-105.546098749188,36.1083172770617],[-105.545887914767,36.1089771281178],[-105.545255031546,36.1091802107616]]],[[[-105.576780612011,35.8200470150944],[-105.577482576718,35.8183943274316],[-105.576789970482,35.8183997472898],[-105.576831381262,35.818040678182],[-105.575993755196,35.8173342064805],[-105.575835054048,35.8167523047186],[-105.576364056356,35.8162762017985],[-105.576681458134,35.817016804466],[-105.577260714861,35.8176489622536],[-105.577637894861,35.8176325641199],[-105.577995263113,35.8182875112597],[-105.579980795084,35.8186688897937],[-105.581238690013,35.8195691020388],[-105.586131250322,35.8166978389206],[-105.587043660403,35.8167462450084],[-105.586652919015,35.8173919442367],[-105.586946893732,35.817521472975],[-105.586442835901,35.8177391025873],[-105.585002312471,35.820362111578],[-105.585236311758,35.8218669177734],[-105.586059911001,35.8229708744709],[-105.584845494745,35.8237274552232],[-105.584376332773,35.824607117998],[-105.583680668776,35.8247400139484],[-105.583305898584,35.8254531310304],[-105.582433749612,35.8259356696326],[-105.581730617259,35.8259572926746],[-105.580233887375,35.8252191904353],[-105.579181121454,35.8240089135283],[-105.579290136324,35.8237678783521],[-105.577885057081,35.8228250293532],[-105.576884131311,35.8211710431728],[-105.576780612011,35.8200470150944]]],[[[-105.261315071925,35.7816557218417],[-105.261094870026,35.7810777458219],[-105.260010995495,35.7810314605101],[-105.259402087817,35.7804572549762],[-105.259340629789,35.779469255528],[-105.260366958519,35.778523148498],[-105.263050728314,35.77784992098],[-105.263252410594,35.777144197048],[-105.262914378666,35.7765994037334],[-105.262867280214,35.7753555388651],[-105.263805270346,35.7745104175449],[-105.265500120698,35.7742334882827],[-105.265685413928,35.773906412079],[-105.265612104976,35.7734376647211],[-105.264940895562,35.7728277168031],[-105.268078177075,35.7713280522887],[-105.268263741499,35.7703294845948],[-105.270430888389,35.7705485222237],[-105.27209073241,35.7712603566757],[-105.272110858597,35.7722657021784],[-105.271399787498,35.772757972579],[-105.271955733062,35.7735286722353],[-105.272130198319,35.7747731236876],[-105.270308066306,35.7761027137402],[-105.269743750913,35.7780398361546],[-105.268624506601,35.7781655438641],[-105.266476684386,35.7800481106112],[-105.263990132251,35.7789867030989],[-105.263190255952,35.7802114010468],[-105.262169570415,35.7808933949976],[-105.261809732364,35.7817400252763],[-105.261315071925,35.7816557218417]]],[[[-105.328711071245,36.0065219091586],[-105.329373571629,36.0066544069315],[-105.330265464244,36.0075608886172],[-105.33089472163,36.0067970161315],[-105.328711071245,36.0065219091586],[-105.32804256476,36.004111234555],[-105.329777626891,36.0037309461771],[-105.33526802957,36.0011877725058],[-105.339118442383,36.0007124133671],[-105.340877273117,36.0009025575122],[-105.34491782785,36.0003321250299],[-105.346819267448,36.0003796607014],[-105.351739239526,36.0017819725837],[-105.353117782244,36.0015442919189],[-105.352547349443,36.0023286355049],[-105.353022710642,36.0033981942422],[-105.353854589067,36.0034457299429],[-105.353783284376,36.0047292001477],[-105.354329949132,36.0049668798881],[-105.355066756082,36.0042063047668],[-105.355660955077,36.0026376194702],[-105.356302690739,36.0023286339162],[-105.358441809342,36.0025663148038],[-105.359511367337,36.0057274549394],[-105.361365271009,36.0014967559334],[-105.362648740711,36.0005698045271],[-105.363314243248,36.000474731488],[-105.364835394926,36.0007599485136],[-105.364906699556,36.0013779149341],[-105.365619737479,36.0018057384171],[-105.365976257407,36.0010689314925],[-105.366380313439,36.0011877707571],[-105.366451616977,36.0026138497701],[-105.366166401425,36.003208048836],[-105.364146123623,36.0041349999834],[-105.362662066126,36.0041136546798],[-105.363487141354,36.0072076831426],[-105.364264962847,36.007153533647],[-105.364787859369,36.0078428050967],[-105.364716556196,36.0083181640241],[-105.366142634023,36.0083181641212],[-105.366814647579,36.0093230164157],[-105.367544944877,36.0095303313688],[-105.367663784224,36.0113366974241],[-105.367894768685,36.0115388101855],[-105.368519430583,36.0094827948116],[-105.368852183691,36.0094352591178],[-105.369517687127,36.0101482974577],[-105.369684063524,36.0079616437328],[-105.370183188823,36.0073199086968],[-105.371110141173,36.0075813564888],[-105.372037092869,36.008698451308],[-105.371157678128,36.0121923445567],[-105.370547521521,36.013176907505],[-105.371094768438,36.0142322492442],[-105.371198192533,36.0156128810076],[-105.370868665509,36.0164589518096],[-105.369818811271,36.0165556285654],[-105.368875952101,36.0170885467043],[-105.368234217884,36.0177065148209],[-105.367972769367,36.0186334660998],[-105.367093353736,36.0191563617089],[-105.36740233775,36.0194653447291],[-105.367045817288,36.0195841834792],[-105.367022049877,36.0200595452099],[-105.366000027697,36.0202972241619],[-105.365667276274,36.0211053351069],[-105.365191914691,36.0211766392991],[-105.364003517589,36.0202021523607],[-105.363266709516,36.020344759689],[-105.360723419504,36.0214975818787],[-105.361596408051,36.022011585887],[-105.361641172661,36.0228811807755],[-105.358818235341,36.0232196331801],[-105.357710058411,36.0238969527982],[-105.35786655462,36.0246807651562],[-105.358988473428,36.0244090848979],[-105.359273690263,36.0248844436512],[-105.361175128845,36.02424270799],[-105.361721791585,36.0245992277704],[-105.362078310974,36.0239099574138],[-105.364947230544,36.0234531671573],[-105.369284231484,36.0234558985831],[-105.371429238792,36.0250498835352],[-105.371610890807,36.0256154439444],[-105.374176211925,36.0266432735711],[-105.374366356443,36.0271899365363],[-105.373534476853,36.0291151429836],[-105.373605781382,36.0301371658021],[-105.374437659818,36.0303986135983],[-105.375174468262,36.0299707900852],[-105.376006347926,36.0303273098403],[-105.374960556924,36.0320623719062],[-105.37296404494,36.033298306891],[-105.371823183107,36.0350096004836],[-105.370444640477,36.0361266959846],[-105.368543201246,36.036602056417],[-105.368175605944,36.0374017494574],[-105.369588837253,36.0383316194736],[-105.370300290521,36.0376180295005],[-105.374683974059,36.0374710594631],[-105.374841508937,36.040385458806],[-105.373277831778,36.0431918146574],[-105.370344739217,36.0447712353404],[-105.367007567925,36.0451415120335],[-105.367212196413,36.0464895330194],[-105.36614263785,36.0469173571052],[-105.363206962519,36.0461048991271],[-105.363961617742,36.0477616041915],[-105.364502647837,36.0480819884235],[-105.365735611949,36.0476274265732],[-105.36663843598,36.0479885555969],[-105.366664047733,36.049372886314],[-105.367926203225,36.0509513668479],[-105.368519435452,36.0501973385505],[-105.370729857059,36.0503637148618],[-105.370564484526,36.0505545282495],[-105.370848697586,36.0507440011663],[-105.370397106823,36.0514095053721],[-105.369280011464,36.0512668970904],[-105.370183193042,36.0524552948682],[-105.371133913101,36.0529306549386],[-105.371371592424,36.053596159083],[-105.371038840361,36.0539764464707],[-105.372084633439,36.0539051431437],[-105.372488688477,36.0543567333695],[-105.372417384468,36.0553074523307],[-105.374889254366,36.0545468771245],[-105.375340845879,36.0554262927223],[-105.376980836156,36.0556639731138],[-105.377218515475,36.0560442593742],[-105.377266050582,36.0573277306532],[-105.376505476594,36.0575178739598],[-105.377028372653,36.0578268581938],[-105.376030117628,36.0591816328762],[-105.373772158263,36.0588013449368],[-105.373273032523,36.0583259869397],[-105.370737257773,36.0591731968797],[-105.370215213859,36.0595337444466],[-105.370777395018,36.0599897444014],[-105.370967538171,36.0611781430616],[-105.369303778136,36.0622714694188],[-105.368108963267,36.0624379236293],[-105.367780024366,36.0631912209924],[-105.367323158699,36.0631264873619],[-105.36781921034,36.0643862891346],[-105.369173374126,36.0642252308457],[-105.36878350988,36.0651994699597],[-105.371238971352,36.0647796742975],[-105.372584283442,36.0653656423244],[-105.375356192105,36.0655833215143],[-105.375142802165,36.066035404545],[-105.374357476479,36.0663990762816],[-105.374455323873,36.0678874886004],[-105.375712460309,36.0696414060189],[-105.376779379575,36.0704096166707],[-105.376619334284,36.0712534501646],[-105.375789822434,36.0718466583511],[-105.375410002683,36.0705650637679],[-105.374711728614,36.0702689363839],[-105.374704650987,36.0716292267875],[-105.376609191672,36.0724442669312],[-105.375297740333,36.0727973360023],[-105.375983632852,36.0727541673634],[-105.377052649162,36.0734848727769],[-105.376194448917,36.0736939801541],[-105.376139078166,36.0741235454971],[-105.375793843092,36.074242193195],[-105.375463281392,36.0740983032862],[-105.375450319145,36.0734329112098],[-105.374820566108,36.0738178218246],[-105.37535790607,36.0745250731182],[-105.374854179434,36.0750110868931],[-105.375702356624,36.0756541985331],[-105.374933185507,36.0755045975714],[-105.374681632713,36.0758542197458],[-105.375340264999,36.0762986208918],[-105.37490813499,36.0766256067707],[-105.375347557167,36.0772897602562],[-105.375220043431,36.0784489336989],[-105.374579376866,36.0792533553949],[-105.374480364114,36.0803514181321],[-105.374093658913,36.0808753255634],[-105.374303241335,36.0818461215222],[-105.373902941377,36.082581761681],[-105.37287718757,36.0831035693031],[-105.373936280768,36.0830172902414],[-105.373241303152,36.0832229820254],[-105.373175878065,36.0836080920296],[-105.373593560768,36.0838759914123],[-105.37250213657,36.0841111415247],[-105.37099245249,36.0859934562581],[-105.371412491418,36.0865011488148],[-105.371412450464,36.0873349359801],[-105.370358493756,36.0888547360398],[-105.370997938566,36.089317760047],[-105.373232104115,36.0894333720055],[-105.373350533025,36.0904124066708],[-105.373008415798,36.0919292674076],[-105.373623066679,36.0925747130409],[-105.373451533505,36.0929365736092],[-105.371687265565,36.0935645528019],[-105.368895407239,36.0938013674253],[-105.366745782266,36.0927936010582],[-105.366412404101,36.0930608478183],[-105.366397284741,36.0936795429509],[-105.365173222296,36.093731673167],[-105.365503197868,36.0940518540686],[-105.365160607052,36.0943647856652],[-105.365534848238,36.0955813013831],[-105.365179950614,36.0967925343183],[-105.367268515625,36.0986506930319],[-105.367359821108,36.0994956341776],[-105.368264355503,36.0990535648949],[-105.368338294356,36.0980646292611],[-105.368828140988,36.0978612961567],[-105.370251471836,36.0980184164811],[-105.371441407066,36.0990882405286],[-105.372139967414,36.0992553399343],[-105.370499783252,36.1020850029898],[-105.370713299319,36.1030323090289],[-105.371262348992,36.1037499102644],[-105.370568746896,36.1040443915546],[-105.370453612393,36.104409246345],[-105.371412419537,36.1061758600352],[-105.373929948125,36.1068818776985],[-105.374262674201,36.1066785457982],[-105.374586158835,36.1072700591732],[-105.373846767095,36.1073624833725],[-105.374040856675,36.1080371787885],[-105.37346782826,36.1084068745533],[-105.373356919,36.1090723272061],[-105.372962547896,36.1093206286434],[-105.372750141993,36.1124218993274],[-105.372179709151,36.1128021867796],[-105.371537974796,36.1126833472419],[-105.37032580744,36.1133963873792],[-105.371419135193,36.1153215923293],[-105.371442903004,36.1162010086325],[-105.372845213218,36.1166288315932],[-105.373154198342,36.1172230317932],[-105.372726373641,36.1179598381402],[-105.372203477344,36.1180311417474],[-105.371395368016,36.1177221587317],[-105.371015079429,36.1168427446552],[-105.369945520241,36.1167476718375],[-105.36994552027,36.1176033187173],[-105.369351319338,36.1172943345936],[-105.368044082717,36.118411431018],[-105.368091618217,36.1193146139495],[-105.366761687873,36.1196123588415],[-105.367022059314,36.1204079405401],[-105.365857427843,36.121002139934],[-105.365619749351,36.1216201069559],[-105.365833659819,36.1220479307149],[-105.365263228825,36.1221430037285],[-105.364027294717,36.1216438751194],[-105.362383775855,36.1217270034776],[-105.362553678925,36.1220479308846],[-105.363551934966,36.1222618423818],[-105.363860919047,36.1229511141917],[-105.363137572994,36.1232717789168],[-105.362482375625,36.1242345848105],[-105.360580935986,36.1245673363788],[-105.360200650722,36.1251615351682],[-105.360866152353,36.1255655913138],[-105.360200650082,36.1262786301428],[-105.360105578193,36.1273244224927],[-105.359606450978,36.1282276053472],[-105.35799022757,36.1297249878318],[-105.356469077517,36.1300102036242],[-105.356873133773,36.1304380268073],[-105.358917178919,36.1301528107885],[-105.359582683509,36.1309609227655],[-105.359083555414,36.131864105678],[-105.359891666345,36.1331951119427],[-105.35979659491,36.1341220634749],[-105.356540381876,36.1373545081964],[-105.35499546387,36.1374020441655],[-105.353854600233,36.1380437801626],[-105.351620410887,36.137235668229],[-105.351026209974,36.1375446530972],[-105.35302272201,36.1383289956427],[-105.35304648959,36.1390658017766],[-105.352024467177,36.1397550738348],[-105.349314916527,36.1427736069517],[-105.349671437029,36.142987520212],[-105.349362452378,36.1436767896695],[-105.348910861801,36.1437956299774],[-105.348958398797,36.1444135981821],[-105.346747975736,36.1439144703977],[-105.346042617664,36.1434250261602],[-105.345991184876,36.1446019821872],[-105.345257669263,36.1452344120033],[-105.342377264349,36.1451597132838],[-105.341632536064,36.1471921927251],[-105.339394454455,36.1471658003632],[-105.338295611893,36.1482805825741],[-105.335694548272,36.1479123816908],[-105.33603347688,36.1485272477398],[-105.33565765792,36.149233174963],[-105.335903047,36.1499626058589],[-105.334392580782,36.1499010239223],[-105.33387921272,36.1501143669283],[-105.334150948668,36.1505219684904],[-105.333485445688,36.1509735603868],[-105.32855264493,36.1522784600349],[-105.328660545228,36.1550854204119],[-105.328517937038,36.1558935315175],[-105.327819386701,36.1564858005865],[-105.328684313476,36.1567491799301],[-105.328731850257,36.1573433781982],[-105.329278512586,36.1578662731739],[-105.329230977093,36.1584129377849],[-105.328494170222,36.1590546728926],[-105.327400844024,36.1595062638648],[-105.325579525778,36.1587727686285],[-105.326054310315,36.1602752321489],[-105.325860220509,36.1606264434661],[-105.324958683175,36.1607110026201],[-105.324587308425,36.1601539414509],[-105.322921276257,36.1605924840772],[-105.321817154128,36.161340237423],[-105.320731354769,36.1612019897457],[-105.320045857964,36.1606825393128],[-105.319723786733,36.1609085748148],[-105.31922465869,36.1607421989588],[-105.318664497016,36.1594278515652],[-105.318254212286,36.1593057535788],[-105.31812539018,36.1601539413751],[-105.317159814829,36.1600796667196],[-105.315754532184,36.1582940976511],[-105.315897141457,36.1590309044586],[-105.315540621866,36.1595775688594],[-105.31380555857,36.1603381439294],[-105.311951656865,36.1605758237131],[-105.311785805375,36.1607900503757],[-105.312141801404,36.1610036469947],[-105.311737745133,36.1620019029281],[-105.310596882171,36.1621445102574],[-105.310190648488,36.1630308388802],[-105.311547601495,36.1629526221882],[-105.311404993458,36.1632616045558],[-105.310240362877,36.1652105789011],[-105.309194571483,36.1658047794844],[-105.305748215598,36.1659711543813],[-105.304487021036,36.1652484599241],[-105.304289898183,36.1646764252787],[-105.303665096459,36.1646354304729],[-105.303447235181,36.1642693357652],[-105.30246823385,36.1642598606928],[-105.302349394749,36.1648302930713],[-105.300447955267,36.1656146361498],[-105.297313751472,36.1653974655702],[-105.297066750581,36.1648726261519],[-105.297388510889,36.1642766352015],[-105.295219001169,36.1651155069836],[-105.295456681256,36.165519564285],[-105.294101906775,36.1657097085052],[-105.294482193592,36.1667317301249],[-105.297952318747,36.1664940512624],[-105.298689125672,36.1668505698694],[-105.298929842113,36.1675398417329],[-105.299758684193,36.1675636102753],[-105.299901293652,36.1680865046397],[-105.299521003987,36.1691868541957],[-105.30037665281,36.1702493906443],[-105.299211488713,36.1711950457782],[-105.299853757312,36.1719265185732],[-105.297976088666,36.1717705429151],[-105.296886765615,36.1735609970182],[-105.297572033049,36.173648211735],[-105.29769087177,36.1741711068815],[-105.296399640708,36.1743060127952],[-105.29588548441,36.1753608086658],[-105.296622797515,36.1753803026266],[-105.29662279795,36.1758630912534],[-105.295656473082,36.175947074826],[-105.294481689558,36.17694062433],[-105.294259733199,36.1779345161673],[-105.293513394133,36.1775710957434],[-105.293535880104,36.1770763956122],[-105.292574814259,36.1767543895829],[-105.292611951744,36.1764201520333],[-105.29460103361,36.1758824018009],[-105.294030603459,36.1750742902309],[-105.292105396099,36.1751455941392],[-105.291273517249,36.1746702342645],[-105.291059605801,36.1741711073233],[-105.29170134204,36.174099803192],[-105.292414381693,36.1744800910566],[-105.29334356839,36.174277359672],[-105.292520636488,36.1733748791659],[-105.291906339497,36.1733748800363],[-105.291906339049,36.1729292302112],[-105.292475103347,36.1728344364539],[-105.292200469407,36.1711763418487],[-105.293151187886,36.1702256226723],[-105.293127418866,36.1694175113827],[-105.292652060037,36.1686569361159],[-105.289467151389,36.1684667926605],[-105.288587735801,36.1667554987125],[-105.288136143497,36.1675160752789],[-105.286326953181,36.1672865581078],[-105.285724587445,36.1686981847781],[-105.284297758456,36.1700912074948],[-105.283639891731,36.1702843981996],[-105.283117266674,36.1701435772489],[-105.280988876463,36.1706057271656],[-105.280528213541,36.1699652226489],[-105.280796145043,36.1694493200774],[-105.27996312328,36.1691288915812],[-105.280022844631,36.1687033093389],[-105.279614264778,36.168255142834],[-105.278393335879,36.1688613806028],[-105.278115708451,36.1701276753435],[-105.277296570968,36.1709282090985],[-105.276672054481,36.1709131353495],[-105.276275923065,36.1712476464431],[-105.276074404783,36.1707081356969],[-105.275305024141,36.1707576361172],[-105.275154837028,36.1714678858088],[-105.274778540124,36.1716517028726],[-105.274113037623,36.171485327072],[-105.272892756201,36.1702847588122],[-105.272281269262,36.1703611945666],[-105.271966962338,36.1693790597012],[-105.271213343605,36.1697978010426],[-105.270999432105,36.168514330137],[-105.271993582614,36.1681117670708],[-105.272009040678,36.1674161835853],[-105.269216833322,36.1666366600922],[-105.271142040164,36.1654957977629],[-105.274087873087,36.1648176411142],[-105.274112620849,36.1640752029669],[-105.273138550008,36.163689431508],[-105.274017175526,36.1635597982971],[-105.274063124817,36.1630357863722],[-105.27455808443,36.1627883074801],[-105.274459092713,36.1619716228393],[-105.27244927698,36.1620732094584],[-105.27109450304,36.1615503136446],[-105.271189574931,36.1612175616441],[-105.271902614998,36.1610036490564],[-105.271498558472,36.1605995944856],[-105.271569862229,36.1589358354487],[-105.270951894631,36.1598865542622],[-105.270500303321,36.159957858717],[-105.271094503154,36.1583416363441],[-105.271070735045,36.1574622217167],[-105.27128464697,36.1570343986992],[-105.272591884758,36.156701646551],[-105.273304923316,36.1558459985509],[-105.272473044928,36.1556796237761],[-105.272306670934,36.1545387595068],[-105.270975662126,36.1540396322307],[-105.270904359764,36.1536355763152],[-105.270087159031,36.1529866187204],[-105.269525815423,36.1532077525074],[-105.268622631227,36.1528274654246],[-105.266958875253,36.1531364496855],[-105.265687287854,36.1528750016727],[-105.26500395825,36.1535286211383],[-105.263637299189,36.1530532617292],[-105.26326176567,36.1516402568863],[-105.262680637613,36.1512112439147],[-105.262633102039,36.1503080608563],[-105.261991366288,36.1491434301925],[-105.261016879298,36.148977054746],[-105.260660359935,36.1485967667629],[-105.262043679178,36.1482877797195],[-105.261686032114,36.1479276220484],[-105.260247104441,36.1477146531299],[-105.259363829335,36.1471406529615],[-105.256049370797,36.1480738709081],[-105.254718364464,36.1476698155146],[-105.254195468133,36.1459109848958],[-105.254528221247,36.1449602660284],[-105.253932076167,36.1438424981927],[-105.253458661028,36.143819403823],[-105.253584012557,36.1434015663286],[-105.252911998563,36.1429162213772],[-105.25169983126,36.1426785415863],[-105.249893464604,36.142963756512],[-105.252745622279,36.1438669403297],[-105.251390848801,36.1445086758021],[-105.249204193631,36.1445086755574],[-105.248419851384,36.1442234596225],[-105.248514922616,36.1434391162367],[-105.249132888432,36.1431301336454],[-105.249323033848,36.1425834692523],[-105.245876674919,36.1426547739979],[-105.243072054227,36.1435341882219],[-105.241265688819,36.1427260773577],[-105.238508602061,36.1398739201355],[-105.238746282554,36.138946968657],[-105.240077288854,36.1372119064429],[-105.240742793261,36.135072789368],[-105.240790327474,36.1340983011395],[-105.240005985555,36.1312699134209],[-105.240742792375,36.1314125205394],[-105.241123080052,36.1311035369102],[-105.240932936797,36.1303904971575],[-105.24228770898,36.129249634751],[-105.243167125123,36.1288218110331],[-105.24392770101,36.1288455790235],[-105.243856398021,36.1282038441242],[-105.243452341281,36.1280137002586],[-105.243903932123,36.1274908043349],[-105.243547413784,36.1270154451401],[-105.244117844026,36.1264687819194],[-105.244783347823,36.1264212452996],[-105.244569436104,36.1259458851765],[-105.243903932831,36.1261360305259],[-105.244141612299,36.1255893661814],[-105.242050030859,36.1259458859194],[-105.244331757136,36.1245911110003],[-105.244569435851,36.1232838720579],[-105.24231147792,36.121810257578],[-105.240814096385,36.1214062019526],[-105.237248899528,36.119362157085],[-105.237607973338,36.1179555260009],[-105.238137063261,36.1173752616887],[-105.24436972562,36.11519907433],[-105.24454805237,36.1147654353006],[-105.246216962822,36.1137794070035],[-105.246431603562,36.1124381632863],[-105.246998947904,36.1121807249941],[-105.247653627221,36.1106173620839],[-105.246883532357,36.1087159609431],[-105.24583806968,36.1078490827067],[-105.243199523009,36.1076892148826],[-105.243038390932,36.1073115200951],[-105.244565151603,36.105892159338],[-105.24355696775,36.1054320974668],[-105.244705221016,36.1054019469861],[-105.246849529729,36.1059405452209],[-105.247300816636,36.1057741438777],[-105.247420716097,36.1052176545708],[-105.246377478404,36.1053691196899],[-105.244105100699,36.1048776504549],[-105.24422417471,36.1041606808133],[-105.242865715809,36.1040412504366],[-105.243512086088,36.1023324779996],[-105.243362545602,36.1001935808147],[-105.244102772427,36.0982830262639],[-105.243817008674,36.098196432746],[-105.243600839475,36.0973690170625],[-105.242827638596,36.0981349400511],[-105.242449726675,36.0980331652851],[-105.242293027994,36.0975988651587],[-105.243082474716,36.0971644722069],[-105.243415111949,36.0964493238833],[-105.242990666519,36.0962439224067],[-105.242248969115,36.0964470483995],[-105.242218377762,36.0960757450305],[-105.242829911315,36.0956405609285],[-105.242425984747,36.0952057066811],[-105.239984688505,36.094706152698],[-105.239618973486,36.0930054265768],[-105.240084346112,36.0921680388628],[-105.241023070381,36.0918134787545],[-105.242909342268,36.0917429560565],[-105.244058294208,36.0920397661761],[-105.245169427312,36.0916629771267],[-105.245868309168,36.0913268451914],[-105.246024029843,36.0905579075738],[-105.248515989559,36.0909836742087],[-105.248517141523,36.0900055441113],[-105.252121905027,36.0902232675484],[-105.252634053001,36.0898479456381],[-105.252880669316,36.0894691376491],[-105.251983763954,36.0891929070879],[-105.251336841603,36.0882399555643],[-105.249925671416,36.0878201683077],[-105.249138902515,36.0870041863606],[-105.250422304183,36.0846639191716],[-105.250067023364,36.084135213143],[-105.250329133637,36.0836156988985],[-105.252922186913,36.0842379151882],[-105.254100447071,36.0840744449738],[-105.253903865732,36.083614894836],[-105.25139782135,36.0835200114488],[-105.251595979178,36.0829161974266],[-105.252868218085,36.0825264736717],[-105.252257890967,36.0814850272462],[-105.250156070672,36.0816058842799],[-105.251753574977,36.0811034338205],[-105.251936416403,36.0806930247026],[-105.251645029625,36.0798502198028],[-105.252229132924,36.07902868953],[-105.253121322986,36.0790144587836],[-105.253331776304,36.0796144203607],[-105.254326793519,36.0800871652348],[-105.255343006223,36.0799123357824],[-105.255887458231,36.0796341759483],[-105.255591118332,36.0793321298961],[-105.257203537771,36.0786932470526],[-105.257112268138,36.0782369017372],[-105.25595619503,36.0783890167965],[-105.255788869049,36.0779630952682],[-105.256442963431,36.0778870368098],[-105.257051423063,36.0768830771716],[-105.258435671185,36.0776588645846],[-105.258192286394,36.0779478830086],[-105.257675095907,36.0778870367396],[-105.257827210608,36.0791039578914],[-105.257074432196,36.0796010750272],[-105.257275130585,36.0800699607999],[-105.258320922726,36.0802386120801],[-105.259522957044,36.0790778478073],[-105.259020178488,36.0773734166947],[-105.257214780788,36.0764645530846],[-105.259348235559,36.0749863569706],[-105.258754159822,36.0744667510304],[-105.260234009057,36.0743153625297],[-105.261320916884,36.0737568271843],[-105.261550392927,36.0730397567186],[-105.262644479214,36.0729051168724],[-105.270227875047,36.0663835536105],[-105.271616177948,36.0659296873685],[-105.274886493977,36.0634129100832],[-105.275318820842,36.0653982122528],[-105.277437108231,36.0679416467889],[-105.280092440752,36.0700081536273],[-105.281195884531,36.0704238908997],[-105.281576173297,36.0709705541703],[-105.281171576046,36.0713508628523],[-105.281568188349,36.0719083680342],[-105.283367033686,36.072082449774],[-105.282148462405,36.0746936777117],[-105.284005334663,36.0749838149666],[-105.283889280408,36.0766666071332],[-105.284237443907,36.0782333428525],[-105.286674592017,36.0793358604713],[-105.289053709923,36.0781753153805],[-105.290072624926,36.0798321983125],[-105.294631304174,36.0796845776646],[-105.294828244944,36.0794102667323],[-105.293131355329,36.0786760699773],[-105.290172762555,36.0766278155847],[-105.286986583309,36.073669222903],[-105.28459695108,36.0694589173402],[-105.284369366679,36.0655899874582],[-105.288076874189,36.0642453773467],[-105.287739743373,36.0638411561262],[-105.287995707507,36.0634146406869],[-105.287759467755,36.0631559023554],[-105.285274485763,36.0627857343979],[-105.285777285383,36.0622359459977],[-105.285638490154,36.0614765183492],[-105.284812262887,36.0613599433177],[-105.284592315912,36.0610185867275],[-105.285746491338,36.0600597080569],[-105.285470955363,36.0593346666594],[-105.28563627899,36.0586182092291],[-105.287264792225,36.0574431481324],[-105.28765824814,36.0568141731803],[-105.287074664517,36.0550181877562],[-105.287369728447,36.0547720988634],[-105.288365510236,36.0550666684376],[-105.288262361141,36.056817500487],[-105.288754100952,36.0575891841586],[-105.293412624824,36.0553787611166],[-105.292675817357,36.0544518103174],[-105.292675816836,36.0535723956628],[-105.292057851243,36.0530495005939],[-105.289585980879,36.0526216766696],[-105.288468885152,36.0525503723211],[-105.285331512121,36.053168340327],[-105.28233674699,36.0526692121675],[-105.280150093322,36.0514332788863],[-105.27962719695,36.050387487914],[-105.279746037478,36.0496031448164],[-105.279365750557,36.0492703923403],[-105.279555893087,36.0485811219387],[-105.278224887058,36.0465608424397],[-105.277987206729,36.0454437483339],[-105.278462566239,36.0449446208351],[-105.281647476435,36.0469411303069],[-105.282408049619,36.0462993941203],[-105.278961693823,36.043993901832],[-105.277701990576,36.0435185425875],[-105.276870111223,36.0427341988161],[-105.278153582659,36.0428055035087],[-105.278486334418,36.0423301431698],[-105.276775039487,36.0420449267463],[-105.274873600496,36.0391214676992],[-105.274208095784,36.0371011893214],[-105.275277656196,36.0370061160916],[-105.278391261396,36.0377666919333],[-105.279032996764,36.0373626369379],[-105.277179094471,36.0361742370248],[-105.277084022767,36.0358414848627],[-105.277749524816,36.0356751109759],[-105.278581405877,36.0348194631857],[-105.27862894091,36.0341064226694],[-105.278106045409,36.0334171522377],[-105.278438797097,36.0328704885149],[-105.280200873089,36.032709246636],[-105.279840414,36.0316347140046],[-105.2818666242,36.030600015037],[-105.281438780538,36.0300403105778],[-105.281491194886,36.0293233783412],[-105.282173774253,36.0285745209982],[-105.282054024437,36.0279040950778],[-105.282926984153,36.0246735794505],[-105.280968311339,36.0231709904145],[-105.279004639519,36.0193158115411],[-105.280194054763,36.0154111643305],[-105.28097605834,36.0146240464561],[-105.281321316936,36.0136353308644],[-105.284397119692,36.0106756797523],[-105.286130254712,36.0114650349735],[-105.286494322508,36.0110535902515],[-105.285901831525,36.0099772114634],[-105.286648682219,36.0093882254654],[-105.287624240435,36.0097149423643],[-105.288230301964,36.0088973244511],[-105.287851951523,36.0085810140922],[-105.290013800403,36.00724860876],[-105.290085104503,36.0065355708294],[-105.291891469954,36.0059413704197],[-105.296122170346,36.0053709394191],[-105.297904767507,36.0058225307874],[-105.299188238864,36.0055373145515],[-105.298784183851,36.0045390597514],[-105.297405640824,36.0035170367318],[-105.299307078674,36.0017582066238],[-105.303081434538,36.0022554325714],[-105.304179514936,36.0011164707952],[-105.30474994506,36.0014016863602],[-105.304845017355,36.0024237093389],[-105.304001382389,36.003039697082],[-105.304602585094,36.0036092553451],[-105.305900161983,36.0062741786596],[-105.30686529673,36.00653556998],[-105.308220069923,36.0063691927627],[-105.310409766985,36.0049752380296],[-105.310810781051,36.0031129810579],[-105.311267437504,36.0028846530971],[-105.310953388665,36.0027326931725],[-105.3111672993,36.0023999413193],[-105.310573101285,36.0005698069351],[-105.312498307004,35.9995240157142],[-105.312949899011,35.9989773527787],[-105.310264115424,35.9997379282505],[-105.307887318,35.9989773529343],[-105.308529054395,35.9986921367683],[-105.311286140341,35.9986921366858],[-105.313710472495,35.9976938814019],[-105.318250156834,35.9971234498367],[-105.319272180617,35.9963866427991],[-105.320722026033,35.9961251945666],[-105.32461997594,35.9963153384316],[-105.325261711315,35.9971472180035],[-105.325641999147,36.0001895185119],[-105.326378806538,36.000688646836],[-105.326592717749,36.0022335635174],[-105.327210685804,36.0029466037713],[-105.327733579545,36.0051094893253],[-105.326212430682,36.0056561535307],[-105.327163149623,36.0059651363163],[-105.327567204315,36.0064880326252],[-105.326897406462,36.0079456112899],[-105.327106976539,36.0082382744949],[-105.327876189001,36.0080804861883],[-105.328375316787,36.0085796143155],[-105.328478127749,36.0093164220579],[-105.328974586929,36.0094586313172],[-105.329373571816,36.0089599009717],[-105.328541692098,36.0070109271093],[-105.328711071245,36.0065219091586]]],[[[-105.281091555811,36.1577397150265],[-105.276042963851,36.159397831455],[-105.27572123987,36.1600412792412],[-105.276141955088,36.1605609882761],[-105.277280364333,36.1604867434349],[-105.280274872693,36.1588286265267],[-105.280522350965,36.158407910351],[-105.281116303588,36.1586553915437],[-105.281660759405,36.1584574064034],[-105.28210622352,36.1577892105667],[-105.284207306353,36.1578971231346],[-105.284261963308,36.1575810607529],[-105.283168634445,36.1575335248602],[-105.282241684412,36.1564877329065],[-105.281053286794,36.156226285678],[-105.280506621187,36.1554419431033],[-105.280020368795,36.1555027243258],[-105.281141051903,36.1570962673131],[-105.281091555811,36.1577397150265]]],[[[-105.286290197521,36.1647778598734],[-105.287066584493,36.1651868123392],[-105.288254983863,36.1647352208037],[-105.289978569202,36.1652067750339],[-105.290546962953,36.164364424378],[-105.290346565633,36.1640697178425],[-105.292580754577,36.1627624782055],[-105.290590424507,36.162473374515],[-105.28999004627,36.1627862463925],[-105.288088607928,36.1629288551669],[-105.28690817212,36.1623323612574],[-105.286852672804,36.1628689596961],[-105.287922231904,36.1631665350131],[-105.287423103475,36.1639271100115],[-105.286852672863,36.1639984142032],[-105.285649165536,36.1623459105647],[-105.285120615611,36.162483788261],[-105.284759821283,36.1621781565102],[-105.285024598142,36.1639283111106],[-105.286163401928,36.1642360935164],[-105.286290197521,36.1647778598734]]],[[[-105.284594714486,36.157676132262],[-105.285125479685,36.1591750983204],[-105.284879929182,36.1604332173086],[-105.284532729832,36.1605253318691],[-105.284620928008,36.1611721173252],[-105.286058612465,36.1617657711954],[-105.286379250115,36.161637936172],[-105.286282241955,36.1612175601906],[-105.289153165066,36.1601732110979],[-105.289523138032,36.1588319818553],[-105.289348309845,36.1579138120711],[-105.287827160243,36.1569393251662],[-105.288397590713,36.1565115014343],[-105.288231213634,36.1560836781815],[-105.287134182746,36.1558551291455],[-105.286377312432,36.1561312146216],[-105.286282240559,36.1565590373927],[-105.285711808375,36.1566541095642],[-105.284594714486,36.157676132262]]],[[[-105.344823876179,36.0080067977807],[-105.347395011043,36.0100631516791],[-105.349151426952,36.0104505922669],[-105.349867376298,36.0102759610877],[-105.349931657672,36.0097481995431],[-105.351701076709,36.0089412819544],[-105.352091365788,36.0080984279324],[-105.352789131335,36.008568359915],[-105.351050509168,36.0100525122599],[-105.351076313715,36.0104149489369],[-105.35192938236,36.0104810507979],[-105.351765868847,36.0108314366208],[-105.351987191046,36.0109987522071],[-105.353692657093,36.0101053053889],[-105.355082606775,36.0099427437467],[-105.355761815401,36.0099697406031],[-105.355874997529,36.0102749276469],[-105.355443596655,36.0104165227099],[-105.356207618829,36.0106711942057],[-105.359701511573,36.0108138018123],[-105.362233017553,36.0094434402829],[-105.362165602952,36.0076342052042],[-105.362291710944,36.0073511360242],[-105.362927184458,36.0072979921583],[-105.361649094538,36.0044180319091],[-105.359891655033,36.0061077422334],[-105.360248175202,36.0066068694675],[-105.359487600097,36.0069871574032],[-105.359796583756,36.0076288936711],[-105.359107311635,36.007723965226],[-105.358988471832,36.0073436768511],[-105.357277177692,36.0078665736444],[-105.355565883442,36.00751005428],[-105.354876611748,36.0072248378397],[-105.354352826505,36.0063222502916],[-105.353251352093,36.0076410434236],[-105.353555578116,36.0079899262776],[-105.353223726687,36.0080510317791],[-105.352875272472,36.0076570112723],[-105.353131218987,36.0066576022058],[-105.352856332362,36.0064642631412],[-105.351033722019,36.0072726095174],[-105.350978663598,36.0082943970921],[-105.350313160949,36.0087222211967],[-105.347698683273,36.0081280219777],[-105.347016805104,36.0067563944204],[-105.346768321656,36.0067633970999],[-105.346774015872,36.0072067430253],[-105.344823876179,36.0080067977807]]],[[[-105.567183143504,35.7844410631231],[-105.566961434792,35.7846775522282],[-105.566627418861,35.7846205668385],[-105.564957068374,35.784742491787],[-105.564247420793,35.7842756181201],[-105.563351023894,35.7842382691521],[-105.562209774513,35.7832685515934],[-105.560125509373,35.7834515689792],[-105.557267507611,35.7827277890806],[-105.556636434527,35.7820942375237],[-105.555867073219,35.7819125786836],[-105.554866792071,35.7821942957416],[-105.55423137725,35.781936159136],[-105.55461478494,35.7813627159435],[-105.552821552974,35.7820354417101],[-105.552347335331,35.781848717344],[-105.551337999057,35.7824581283773],[-105.550423881728,35.7821343790785],[-105.549452634574,35.7824771721391],[-105.548824179543,35.781962982508],[-105.548081458866,35.782496216968],[-105.546122456177,35.7823481089493],[-105.545717672816,35.7830719727283],[-105.545136468373,35.7831711401968],[-105.544817650144,35.7837286420482],[-105.545641474817,35.7838522155856],[-105.546460656771,35.7835345871266],[-105.546716631632,35.7838406738489],[-105.547516553513,35.7835457644025],[-105.550530790458,35.7842495825952],[-105.551030670482,35.7846528794276],[-105.551780845282,35.7845259175563],[-105.552404563081,35.7849737832065],[-105.553633287289,35.7848639545933],[-105.556428407328,35.7863736446191],[-105.557247263771,35.7857753867099],[-105.560931246077,35.7851604455694],[-105.56167695796,35.7856896602359],[-105.563403134589,35.7861765298568],[-105.563625651623,35.7858104565056],[-105.564342289648,35.7858374986606],[-105.56518584509,35.7865998454026],[-105.565789087045,35.7863242725189],[-105.568354508919,35.7865981063738],[-105.56844984159,35.7876217684544],[-105.567206693875,35.7872731780392],[-105.565805957666,35.7877039948818],[-105.566229868037,35.7880176620963],[-105.567232746957,35.787672051106],[-105.566929707734,35.7881568580819],[-105.569152798795,35.7883906281777],[-105.570009526818,35.7893571950928],[-105.568217781227,35.7898805400846],[-105.56821778684,35.7903237436652],[-105.566577139665,35.7907523805351],[-105.565357405869,35.7904285365076],[-105.564140177483,35.7915036970769],[-105.564282663251,35.7930710343101],[-105.564977276348,35.7932491406849],[-105.565600650617,35.7938547031286],[-105.56570751412,35.7952083117184],[-105.566152781766,35.7961700879548],[-105.566074404843,35.8005581977067],[-105.564753286279,35.8011179941826],[-105.562761212219,35.8009953429839],[-105.56246815696,35.801675339533],[-105.562052179709,35.8012650270693],[-105.56101331497,35.8021748437908],[-105.56133599635,35.8026447401721],[-105.560605401145,35.8027180203236],[-105.560502967029,35.8030568588128],[-105.560996980669,35.8034331904461],[-105.561590643389,35.8032492023372],[-105.561710155416,35.8041040440849],[-105.561390257264,35.8043935585809],[-105.560308866682,35.8044873984274],[-105.559373488743,35.8056397870889],[-105.559060109418,35.8056397868855],[-105.558595311105,35.804856470903],[-105.558576694551,35.8055075659689],[-105.557451341049,35.8054202697056],[-105.557286133353,35.805242353611],[-105.557718960299,35.8048952163677],[-105.557217815502,35.8046792999642],[-105.557150962826,35.8053676106049],[-105.556293735811,35.8054255749778],[-105.556591767043,35.805910968616],[-105.55593270689,35.806174592453],[-105.555985430234,35.8065436661973],[-105.555299723062,35.8066248184149],[-105.554857163538,35.8062187488242],[-105.554185622842,35.8070252702956],[-105.554516248722,35.8076865247278],[-105.555838755704,35.8076865239161],[-105.557784482558,35.809186517347],[-105.559843560272,35.8078595679929],[-105.560287516847,35.8079640294174],[-105.5602352868,35.8084340989384],[-105.559625799034,35.8090024453187],[-105.559659973817,35.8090290243601],[-105.559575370004,35.809069736375],[-105.559256286762,35.8094541356886],[-105.559256287223,35.8096125430746],[-105.558273224733,35.8096557364062],[-105.5565279382,35.8108823269919],[-105.556631407734,35.811672368257],[-105.556004069702,35.8117694616557],[-105.556167805469,35.8124225341883],[-105.555150809105,35.8131510271525],[-105.556066462981,35.8134287994655],[-105.554112702276,35.8138792824328],[-105.554646660981,35.8144927965675],[-105.55443774276,35.8147800617731],[-105.553779769868,35.8147951005546],[-105.553737657135,35.8152116161162],[-105.552111210748,35.8150030988222],[-105.551152023758,35.8153784314815],[-105.547847747785,35.8145781720494],[-105.547551758512,35.8151567940401],[-105.546685514142,35.8150803311547],[-105.545981928416,35.8141955364426],[-105.545365347743,35.8148279490455],[-105.545085767389,35.8144931169478],[-105.544236663934,35.8144321411569],[-105.543239562101,35.8148223797032],[-105.542975767805,35.8143916230062],[-105.542461826695,35.8144945647682],[-105.541621666517,35.8138904446288],[-105.540492931028,35.8137127975176],[-105.539750052811,35.8140763898008],[-105.540414282885,35.8145320156451],[-105.539883487207,35.8147478730495],[-105.540425737997,35.8151377899416],[-105.540311471017,35.8153282312717],[-105.53923903819,35.8148149801178],[-105.537958384306,35.8146764109484],[-105.538494701831,35.8155374451951],[-105.538180810834,35.8158578232784],[-105.538927366463,35.8170048790876],[-105.538769443058,35.8179841992052],[-105.539886536942,35.8184120235174],[-105.539767696622,35.8197667974718],[-105.54014798508,35.8200282453905],[-105.539111696605,35.8207007076551],[-105.539601320848,35.8214067856561],[-105.540884792819,35.8211691097728],[-105.542358407348,35.8204085327765],[-105.542928839209,35.8196954934849],[-105.544806508117,35.8193627423082],[-105.545376939921,35.8185783984803],[-105.55004800717,35.8188210109622],[-105.549617415685,35.8181268512058],[-105.548127490495,35.8177285805222],[-105.548144330506,35.8169999757737],[-105.549777261479,35.8171171577649],[-105.550675924249,35.8180284575531],[-105.552011992533,35.8185784505875],[-105.552378662329,35.819253252935],[-105.554289932188,35.8195528841016],[-105.556261925828,35.8193244474424],[-105.557168487654,35.8186258697281],[-105.55665787874,35.8179127758151],[-105.55614383441,35.8181268059909],[-105.555478329989,35.8178178220873],[-105.55541701605,35.8173273003754],[-105.554373342313,35.8170552161582],[-105.554160149718,35.8166246414714],[-105.554391249241,35.8161738236598],[-105.555510082926,35.8158525345575],[-105.555902117617,35.8152558371204],[-105.556393691731,35.8155531106436],[-105.558622330984,35.8153107707598],[-105.559752383928,35.8140168743024],[-105.559356438785,35.8132936732024],[-105.560119139328,35.8130854484941],[-105.560529949438,35.8118643210824],[-105.561389727514,35.81218522279],[-105.561388448913,35.8128268128256],[-105.562428954285,35.8131870430514],[-105.56245506866,35.8135265388794],[-105.562145510157,35.8140913661351],[-105.561593975243,35.8135671358349],[-105.561078539092,35.8136542506749],[-105.561652142193,35.8144440906395],[-105.56095921092,35.8144132976966],[-105.560792120711,35.8147168339133],[-105.561983937557,35.8155293263283],[-105.56159004375,35.8156859733613],[-105.561764524819,35.8159718299171],[-105.560853075962,35.8158599362181],[-105.560075923106,35.8167229106908],[-105.561070450333,35.816724119714],[-105.561910072948,35.817139858592],[-105.56276797722,35.8181990062158],[-105.562622884043,35.8185964849333],[-105.563921346213,35.8187270588826],[-105.564179148393,35.8183626895806],[-105.563855760576,35.8179307598078],[-105.564772340436,35.8178266596263],[-105.565116115589,35.817971948337],[-105.56527219436,35.8186988156806],[-105.565875469831,35.8188549549926],[-105.56420322101,35.8195837720373],[-105.563391684032,35.8205739986934],[-105.563425120548,35.8214555195678],[-105.562621177289,35.8219258825384],[-105.562568650595,35.8226737782848],[-105.563702635852,35.8229117137427],[-105.563937756327,35.8236883661279],[-105.565128643343,35.8237131344499],[-105.565846178678,35.8233487254153],[-105.56643193251,35.8241676821361],[-105.565904955504,35.8243041071401],[-105.565849645889,35.8247181573618],[-105.567318113254,35.8244228418029],[-105.56756786516,35.8247142206397],[-105.568587718952,35.8243699410177],[-105.569079593599,35.8248605838469],[-105.571056087501,35.8253143676478],[-105.570149480144,35.8254637960308],[-105.571102305332,35.8261374608972],[-105.572487134597,35.8256830232801],[-105.573133428935,35.8267847833935],[-105.577447777524,35.8248164481555],[-105.577020471513,35.8264906300924],[-105.575282006479,35.8274193141005],[-105.575094764298,35.8280726303414],[-105.575791861751,35.828284936209],[-105.575329799715,35.829091118107],[-105.577231218301,35.8294865679217],[-105.578107354088,35.8306624350457],[-105.579582952411,35.8312157841666],[-105.57993398688,35.8323821997178],[-105.5792601654,35.8327374945134],[-105.57972463644,35.8332943636912],[-105.579168714558,35.8336090254705],[-105.580292871808,35.8342962490396],[-105.580248009715,35.8347747615746],[-105.578437493619,35.8355154247042],[-105.578573217193,35.8360308580136],[-105.578121166768,35.8361389774037],[-105.578563868042,35.8367081523308],[-105.579695226469,35.8367342980412],[-105.5795865982,35.8361921985001],[-105.580218103932,35.8361158625556],[-105.581010640551,35.8354476691712],[-105.581652836627,35.836573134463],[-105.58131015042,35.8379702407167],[-105.580970655475,35.8382575070277],[-105.580136234209,35.8380812685337],[-105.579873822233,35.8386492338392],[-105.579455982183,35.8386492341959],[-105.579255363268,35.8380613825483],[-105.578807020931,35.8379557045483],[-105.578750874531,35.8382313916343],[-105.577079510721,35.8385186577233],[-105.574911959541,35.8378657813032],[-105.57464425797,35.8379782015506],[-105.575202581692,35.8386719794234],[-105.57449103925,35.8393049904947],[-105.573359254639,35.8393108256791],[-105.573448196311,35.8401807686681],[-105.573036933849,35.8402498404524],[-105.572887454821,35.8406759147046],[-105.571673196805,35.8407107748063],[-105.57207468968,35.8412461914729],[-105.572188553582,35.841591357771],[-105.573471013089,35.8417357439538],[-105.57402171238,35.8420546131617],[-105.57442449865,35.8428688600151],[-105.575796336371,35.842757230776],[-105.576119351952,35.8424425204499],[-105.575537615029,35.8421031718653],[-105.575537614546,35.841666867695],[-105.574924795601,35.8411510064252],[-105.57393233799,35.8411362532225],[-105.573602073326,35.8406789640499],[-105.574248278877,35.8397648735203],[-105.574765600421,35.8396318481035],[-105.575260604064,35.8403798838917],[-105.576313265228,35.8403579550334],[-105.576555657689,35.841036650495],[-105.578397830961,35.840406433406],[-105.579270439419,35.8409396926727],[-105.579803700105,35.840794260066],[-105.581349802855,35.8413910327716],[-105.581198569951,35.8408232995126],[-105.581667822367,35.840119422661],[-105.582709943992,35.840584805652],[-105.582984890363,35.8401715933916],[-105.582540200131,35.8398683378523],[-105.582969328412,35.8399188528605],[-105.583492924059,35.8394103523854],[-105.584120972764,35.8394253054591],[-105.584432118196,35.8401935116902],[-105.58500856344,35.8402969744379],[-105.587583673036,35.8394293906498],[-105.588548718064,35.8396911660642],[-105.588674153498,35.8393953576452],[-105.588304638154,35.8388189127971],[-105.589738355986,35.8387745727758],[-105.590177148987,35.8377505112668],[-105.591463150878,35.8374364869141],[-105.591283708163,35.8381692088881],[-105.59085449478,35.8381678496388],[-105.591149126168,35.8384832332459],[-105.590969684639,35.8390066068047],[-105.590504457002,35.8388694219288],[-105.590216105301,35.8393618761157],[-105.591465009276,35.8395051676169],[-105.591807642775,35.8384641798497],[-105.592428427809,35.8382868123547],[-105.592251060691,35.8380059796287],[-105.592650136144,35.8376660262832],[-105.5932117994,35.8378877355106],[-105.593108335959,35.8381242255969],[-105.594882008172,35.8384641783529],[-105.595295865212,35.8392327699802],[-105.593811498354,35.8397606012553],[-105.594376480913,35.8396769010239],[-105.595366527061,35.840364432369],[-105.596113694445,35.8393505370345],[-105.59668192961,35.8393804443122],[-105.596607160254,35.840427189994],[-105.595696543616,35.8410519633908],[-105.597743629719,35.8418776808146],[-105.597773537254,35.8423412398701],[-105.598790375477,35.8427748918581],[-105.599657679571,35.8438964061919],[-105.599687586651,35.8443300593164],[-105.598885702857,35.8450777342325],[-105.597963399785,35.8449308220096],[-105.596835476013,35.8460823550959],[-105.597063244675,35.8468067347368],[-105.597618958241,35.8464582322032],[-105.598712285419,35.8466246080528],[-105.599544165343,35.8469098232229],[-105.60058995563,35.8479793814198],[-105.600589955496,35.8482883657379],[-105.600194663178,35.8483555491666],[-105.600352275791,35.8489538697928],[-105.599969806148,35.8493068628488],[-105.600067060754,35.8499283569387],[-105.598991019557,35.8499339295295],[-105.59928663241,35.8503921289517],[-105.598946678309,35.850968573238],[-105.597793789401,35.8513233072183],[-105.597856638727,35.8517109553885],[-105.598450838128,35.8522100820254],[-105.599354020718,35.8523051548911],[-105.599995755812,35.8532321050941],[-105.601421835749,35.8533747124775],[-105.601706251221,35.8556855183761],[-105.60232387474,35.8565202874055],[-105.603014185956,35.8568339708732],[-105.59939174162,35.8596558706808],[-105.597930390309,35.8613063209739],[-105.595381594852,35.8650031460923],[-105.593823000813,35.8664724933555],[-105.592933191972,35.8684477337122],[-105.593562005423,35.8690503001884],[-105.596676715382,35.8703781525173],[-105.596596937822,35.8711769268762],[-105.595678730699,35.8720214900739],[-105.594671731172,35.8737201010248],[-105.595028251484,35.8742192283732],[-105.594909411582,35.876572258238],[-105.594338981201,35.8774754408774],[-105.593143060525,35.8778749057935],[-105.594315212661,35.8785212331742],[-105.594410284665,35.8789965916431],[-105.593887388697,35.8822528035144],[-105.59186711018,35.8824667157341],[-105.591201606912,35.8848197458556],[-105.589323936968,35.8847484434871],[-105.588943650053,35.8844869937623],[-105.588515825967,35.8847959789925],[-105.589133794553,35.8860081450914],[-105.589727993117,35.8862458246881],[-105.589727993413,35.8867687200415],[-105.588991185991,35.8874579923812],[-105.587874091727,35.8873866879606],[-105.587504907036,35.8876311320317],[-105.587612643212,35.8881710309356],[-105.588610898292,35.8884800138775],[-105.588444521429,35.8891455183695],[-105.586162797709,35.8888365341405],[-105.585711204005,35.8885275503097],[-105.583619622532,35.8885988546773],[-105.583286869902,35.8893831975466],[-105.582418978198,35.8892873158243],[-105.582621367936,35.8899536292111],[-105.57964253365,35.8913277291628],[-105.578397982524,35.8929671502738],[-105.578057915962,35.894208098088],[-105.577178501615,35.8943744742646],[-105.577796468313,35.8956104083016],[-105.577035893001,35.8961570718776],[-105.576821982315,35.8972741658578],[-105.576845749616,35.8976544538121],[-105.577487485854,35.8977495254806],[-105.578390668531,35.898581406075],[-105.57808168515,35.8998648757037],[-105.576961771032,35.9005543340849],[-105.577405181307,35.9012396015618],[-105.576961771426,35.9018039402838],[-105.577910777515,35.9022948034595],[-105.578723419517,35.9022416737181],[-105.580338267839,35.903227356821],[-105.582657693043,35.9014845581108],[-105.583385281273,35.901790514339],[-105.585934215245,35.8991713213239],[-105.587786662081,35.8979883752657],[-105.593316178438,35.8968904396681],[-105.593200701378,35.8979584478228],[-105.587717558735,35.9025139881843],[-105.586543488876,35.904020384224],[-105.58768225667,35.9059220078866],[-105.588321444599,35.9050437324721],[-105.588449324207,35.9056668402234],[-105.588964609829,35.9049852867917],[-105.591803497716,35.9038103753046],[-105.589120255435,35.9069659034978],[-105.590103876706,35.9082574668851],[-105.59069240552,35.9083826427877],[-105.590138945545,35.908434742529],[-105.590211120733,35.9087995997836],[-105.589621658591,35.9093386893567],[-105.588446500534,35.9127543047681],[-105.588889127741,35.9151463822425],[-105.587896724032,35.9156513586804],[-105.588423950244,35.916268197001],[-105.588589002228,35.9177478193504],[-105.589203727811,35.9179243842766],[-105.588961576784,35.9193250511175],[-105.590377891253,35.9212981389474],[-105.590805134974,35.922890693422],[-105.593003716202,35.9272265049066],[-105.592618564628,35.9269801430008],[-105.592038848924,35.9295307358325],[-105.59136695059,35.9309010688297],[-105.58858487133,35.9344532609841],[-105.585821818898,35.9364947821848],[-105.584907267049,35.9367544222876],[-105.582387641164,35.9365429289723],[-105.58085333127,35.9378422414635],[-105.579883362141,35.9375165886852],[-105.579426307487,35.9368945946307],[-105.577417000814,35.9369016483758],[-105.578562812304,35.937898078674],[-105.579099685314,35.9388830160539],[-105.578705209614,35.9414453333304],[-105.579257702637,35.9417708512838],[-105.578561386429,35.9419795103161],[-105.577711857579,35.9434442092234],[-105.578141779454,35.9441236843565],[-105.57890690783,35.9440712522322],[-105.578465598949,35.9444713193726],[-105.578615000927,35.9448715960647],[-105.578032681309,35.9475618317179],[-105.575161782444,35.9476634920077],[-105.572975054281,35.9482894073613],[-105.572015797766,35.9493319451885],[-105.570407494939,35.9495154883255],[-105.567642706037,35.9513540035999],[-105.567341258085,35.9527126974113],[-105.566692363921,35.9528464157139],[-105.562893053892,35.9516563459443],[-105.561668957291,35.9525237573157],[-105.561715297831,35.951747838313],[-105.558945306539,35.9535921348728],[-105.554408390348,35.9534436020198],[-105.553632072889,35.952499691848],[-105.554517020621,35.9504796660436],[-105.55352462186,35.950336565746],[-105.553007940741,35.9495017328831],[-105.553067766303,35.9483946700837],[-105.552822040856,35.9480765079025],[-105.548225363024,35.9505414671538],[-105.548848265064,35.9508659566518],[-105.549530547644,35.9520293194232],[-105.55213415372,35.9530504699954],[-105.552190510967,35.9546966959286],[-105.55113593909,35.9585976296804],[-105.551286892554,35.9601742936202],[-105.552088225492,35.9615838417366],[-105.550704441782,35.9625998863707],[-105.551202919016,35.9634600398104],[-105.551035387508,35.9641922432408],[-105.548691224399,35.9639012383676],[-105.547005174126,35.9663331396447],[-105.545525910566,35.9665791239435],[-105.547311919438,35.9695787786897],[-105.546080533421,35.9705623537872],[-105.544271852222,35.9713292414925],[-105.543241983878,35.9714903731999],[-105.540845351094,35.9702646213005],[-105.538453377917,35.9706915327992],[-105.536733318862,35.9705339302023],[-105.53525614239,35.9697605206153],[-105.534898351492,35.9706838992247],[-105.534306625517,35.9710224612466],[-105.531135867432,35.9708946037132],[-105.528730129444,35.9692724214541],[-105.528247413735,35.9670451355301],[-105.527728961389,35.9663687772312],[-105.526611261631,35.9660978807862],[-105.524288918284,35.9666919818027],[-105.523397106795,35.9672154733708],[-105.522760348559,35.9667553377347],[-105.521474049491,35.9648171925799],[-105.52400775121,35.9622842664638],[-105.5223165597,35.9612763637506],[-105.522410581194,35.9602973529698],[-105.526244869582,35.9578780118845],[-105.525807355706,35.9565064694161],[-105.524266462187,35.9566972743798],[-105.523114703416,35.9555184555387],[-105.523418298106,35.95471532127],[-105.524957560095,35.9538424845896],[-105.524034446451,35.9501417277399],[-105.522702301843,35.9504906674193],[-105.518970728102,35.9506570445973],[-105.518804351025,35.9509897961747],[-105.517829863559,35.9513225476116],[-105.51639993157,35.951441387402],[-105.516829122226,35.9567287663169],[-105.517519457543,35.9581467090901],[-105.517159817089,35.9600095371278],[-105.515828553268,35.9587739873222],[-105.512693009669,35.9579216764649],[-105.512294484432,35.955918248079],[-105.510623634055,35.9557408004314],[-105.509760127179,35.9552264274586],[-105.508949133239,35.9539668657999],[-105.506373699576,35.9543886178141],[-105.505565588372,35.9536755793447],[-105.503117485844,35.9538894899931],[-105.502380678821,35.954222242108],[-105.501596335609,35.953865721295],[-105.500954601207,35.9523921079226],[-105.499908811334,35.9534616664415],[-105.498292587932,35.954150937706],[-105.49841142761,35.9551254253349],[-105.496771436736,35.955244264475],[-105.495369126201,35.9547689060048],[-105.4947511596,35.9535805066194],[-105.493800440369,35.9532002188244],[-105.494489710515,35.9521306597918],[-105.49558303786,35.9514651568034],[-105.497246796747,35.9513938531906],[-105.497246796426,35.9521781960409],[-105.498316355244,35.9525584843511],[-105.498672874637,35.9516077643334],[-105.500451477046,35.9500077943127],[-105.500375649456,35.9494769983223],[-105.501861881216,35.9486580554018],[-105.501770887195,35.9481272578025],[-105.502316849374,35.9476419582336],[-105.502225856437,35.9473993086782],[-105.503150958929,35.9475509633244],[-105.503181290309,35.9468230155298],[-105.503985068735,35.9464893704116],[-105.504440036269,35.9457310895807],[-105.505759447047,35.9461102303175],[-105.505713950811,35.9457159233571],[-105.505956599812,35.9457310888592],[-105.506682482974,35.9461038084906],[-105.506578388865,35.9456400949501],[-105.505820108388,35.9452761204713],[-105.505622955363,35.9444875082922],[-105.505334808227,35.9444571759364],[-105.50418222106,35.9453974451194],[-105.502771817902,35.9457310897828],[-105.50213486265,35.9463073821854],[-105.501391746502,35.9463225492457],[-105.499526374534,35.9483244106541],[-105.49840411765,35.9484457356417],[-105.497912299391,35.9490883595113],[-105.496581292796,35.9497538620983],[-105.495297821794,35.9499440060463],[-105.494133190824,35.9496825582768],[-105.492565351611,35.9477177866432],[-105.492041608506,35.9480663363694],[-105.4915900164,35.9490170554546],[-105.490948281548,35.9490170566496],[-105.490088711779,35.9474600615993],[-105.489877771276,35.9479053787616],[-105.488049625376,35.9477881900813],[-105.487913222444,35.948020100395],[-105.488841659708,35.9498189476329],[-105.487484514749,35.9519780526367],[-105.488476413167,35.9521781969426],[-105.488714092829,35.9529387711932],[-105.488024820574,35.9534616678552],[-105.487026566883,35.9533903632765],[-105.486574975025,35.9540320984776],[-105.48695526148,35.9541509393139],[-105.486979029856,35.9545549955686],[-105.486246678859,35.9548208986141],[-105.485986716816,35.955637923086],[-105.484724042939,35.9568634599874],[-105.483275681437,35.9577547588176],[-105.481827321664,35.9579033077983],[-105.483164270081,35.9590545701128],[-105.482575281094,35.9602137735326],[-105.480523905425,35.9616281992527],[-105.480894428429,35.9619706032896],[-105.482700794797,35.9622558190577],[-105.483960498198,35.9633966819619],[-105.484340785935,35.962945090236],[-105.484530928368,35.9633016101868],[-105.485339040316,35.9635392891966],[-105.485220200518,35.9639671134504],[-105.485576719947,35.9643236314165],[-105.484851783922,35.9643920242568],[-105.482463118002,35.9669601807915],[-105.482463114989,35.967461006554],[-105.481514279646,35.9677265444932],[-105.482443494588,35.9698106938176],[-105.481566327155,35.969785492566],[-105.481712340959,35.9702147859966],[-105.481466091193,35.9704752795585],[-105.478782057401,35.9709885996463],[-105.4792306697,35.9717630102759],[-105.478425610704,35.9721350682174],[-105.477573251573,35.9716204898855],[-105.477340779564,35.9709808601725],[-105.4758179625,35.972130821931],[-105.475562847639,35.9717797879833],[-105.476033140704,35.971584965114],[-105.475617938113,35.9713114185824],[-105.476318341242,35.9713740020209],[-105.47734431567,35.9704270792117],[-105.477186624869,35.9699566440362],[-105.478460592064,35.9693160580261],[-105.478107890358,35.9689534588095],[-105.478521968065,35.9688364986265],[-105.47863647042,35.9678412930513],[-105.479500342071,35.9676773802932],[-105.479557294179,35.9669369963361],[-105.481227179377,35.9646326171699],[-105.479376248709,35.9649965643913],[-105.476479527519,35.9643280890754],[-105.476307208247,35.9654407276453],[-105.476013964642,35.9651826732408],[-105.475531704392,35.9653825644823],[-105.474398798735,35.9650909526943],[-105.474222977404,35.9653546856353],[-105.474762289764,35.9660586956593],[-105.474361322311,35.966599175155],[-105.473954179331,35.966556337289],[-105.47347139189,35.9675219119602],[-105.472728642426,35.968078973538],[-105.468012184155,35.9694901980147],[-105.467848219861,35.9702551816852],[-105.468344936565,35.9700992516445],[-105.469937391483,35.971073739718],[-105.46982647696,35.9718939459746],[-105.470602895161,35.9731890891406],[-105.469563858986,35.9732920567458],[-105.470103767524,35.9740922713247],[-105.469818551102,35.9748528463372],[-105.468915367588,35.9751855998792],[-105.467414381941,35.9749682552584],[-105.466600848484,35.9752453837681],[-105.467132769946,35.9755896550074],[-105.466785947996,35.9756667264561],[-105.466642301876,35.9763954371617],[-105.467339217229,35.9760992387411],[-105.467091392613,35.9764480601045],[-105.467547083097,35.9776006091027],[-105.466368298466,35.9781877670462],[-105.466609874903,35.9784655800621],[-105.464694669021,35.9785232447242],[-105.464308776292,35.9794623942362],[-105.464636464378,35.979717111912],[-105.464437620095,35.9801191588911],[-105.463894576377,35.9802421392342],[-105.464052290346,35.9810691251477],[-105.463214027497,35.9811603259705],[-105.463499767421,35.9799932073994],[-105.462848136269,35.9797056205798],[-105.462024103367,35.9803956743247],[-105.460473567474,35.9803403251542],[-105.459899352072,35.9801336087127],[-105.459964433973,35.9798570160533],[-105.458939123,35.978602597654],[-105.458360454633,35.978502837224],[-105.457815722225,35.9790835475629],[-105.457506739461,35.9784418121752],[-105.457878116663,35.9777448729385],[-105.456625564509,35.9782681382565],[-105.45681122292,35.9789526165323],[-105.45745920189,35.9789647075541],[-105.457500006926,35.9797489828143],[-105.456437445703,35.9801139626079],[-105.456365877207,35.9804145549044],[-105.457055148557,35.9806522343407],[-105.456579787414,35.9812939700581],[-105.4568840542,35.9817994774464],[-105.457272448208,35.9817643163042],[-105.457506738237,35.9809136815127],[-105.457910793913,35.9807948425774],[-105.458052451416,35.9814572118652],[-105.459125115182,35.9817707244344],[-105.459408177543,35.9815078819091],[-105.460310472256,35.9815301622122],[-105.460262471498,35.9812271061569],[-105.460506177715,35.9814386231001],[-105.461206050524,35.9809255782152],[-105.463083206852,35.9814033969407],[-105.46273732645,35.9820758023667],[-105.463234821913,35.983171639011],[-105.461452224605,35.9844075744509],[-105.465451372138,35.9842289419538],[-105.466324659849,35.9832429438532],[-105.466990162276,35.9831954076585],[-105.467806788693,35.9837411057408],[-105.468321169663,35.983433087578],[-105.468939136328,35.9835519265741],[-105.469224352509,35.9829814958473],[-105.46979478391,35.9831003342254],[-105.469913624051,35.9835756943114],[-105.470198840092,35.9832429423301],[-105.471719990924,35.9830765662943],[-105.472718246604,35.9835756943214],[-105.473074766597,35.9840272862863],[-105.472005205908,35.984573949629],[-105.470816806652,35.9844313411027],[-105.467774506584,35.9850017735825],[-105.467140257375,35.9848521920163],[-105.465445243673,35.9853107571994],[-105.465001697089,35.9859357589203],[-105.465976537792,35.987312346468],[-105.466324659852,35.9871646590646],[-105.466393654501,35.9874492662635],[-105.467964650498,35.9878539308111],[-105.4679976319,35.9885465310796],[-105.468593778614,35.9889570046652],[-105.469057977103,35.9888521843891],[-105.46924906505,35.9894949302546],[-105.469984928255,35.9898742071275],[-105.469723480863,35.9902782646077],[-105.471491773831,35.9908261121558],[-105.471234464217,35.9911114537258],[-105.472100279399,35.9916330380176],[-105.471529848471,35.9917518781598],[-105.471482311561,35.9923460768806],[-105.472349214149,35.9922160633265],[-105.473231536409,35.9909345209265],[-105.4738207423,35.9913564989318],[-105.475308955324,35.9906823192972],[-105.474976204349,35.9901831918346],[-105.47426316423,35.9902307277911],[-105.474239396719,35.9899217444001],[-105.474786061106,35.989826671936],[-105.4749286668,35.9894226168988],[-105.476021994096,35.9897553680211],[-105.476069530602,35.9903971043599],[-105.476378514123,35.9904921744726],[-105.476925178517,35.9899692796548],[-105.477638217149,35.9899692802593],[-105.47730546618,35.9892324731177],[-105.477709521137,35.9882817540229],[-105.478470096808,35.9895414571325],[-105.479206904395,35.9898742075569],[-105.479991247831,35.9909675342106],[-105.482629492898,35.9909437667524],[-105.484055572032,35.9917281088617],[-105.484768609845,35.9914904297627],[-105.484744843283,35.9922034691248],[-105.486004546315,35.9928689727685],[-105.485743096862,35.9938909951253],[-105.486408602104,35.9946040347373],[-105.486361065632,35.9952933063198],[-105.486836425653,35.9959825765401],[-105.486646282264,35.9967193848671],[-105.485779714066,35.996489914949],[-105.485920779351,35.9967955579421],[-105.484680447005,35.9973240331701],[-105.484529211583,35.9981112543515],[-105.483514030035,35.9979420559434],[-105.483304665366,35.9980598252684],[-105.483476263334,35.9984602227329],[-105.48243554993,35.9986036398706],[-105.48312913127,35.9990160652548],[-105.48299404686,35.9996335879572],[-105.483823352716,35.9999932933708],[-105.484827213085,35.9990587680741],[-105.486089276188,35.9986430267328],[-105.486474197776,35.9987695707212],[-105.486618894788,35.9994393245745],[-105.487205630865,35.9999954231689],[-105.488499998307,35.9994560136562],[-105.489765411106,36.0005507804136],[-105.490133131299,36.0018867099752],[-105.491621803648,36.0027581503562],[-105.492301620613,36.002557421329],[-105.49160038102,36.0017624216388],[-105.492859614315,36.0017245611925],[-105.493152990352,36.0009538670668],[-105.493991182557,36.0008256435189],[-105.49417656758,36.0016652327838],[-105.493222327829,36.0027972668897],[-105.493616143082,36.0045174669333],[-105.496286660048,36.0047252997875],[-105.497414012552,36.0044668732396],[-105.497445060531,36.0052556983356],[-105.498256199883,36.0055674251002],[-105.497547045812,36.0062870587619],[-105.496205681593,36.0068762595177],[-105.496347903005,36.0071053565583],[-105.498528474824,36.0067465047021],[-105.499786173012,36.0068460401982],[-105.50084130893,36.0073246161126],[-105.502299832538,36.0070731685681],[-105.50311749772,36.0075230709462],[-105.503258565654,36.0070564826523],[-105.505339232178,36.0077141774377],[-105.506118639406,36.006992695136],[-105.505595133359,36.0067871782981],[-105.505569175146,36.0064562977986],[-105.507316537058,36.0064941083553],[-105.507245048275,36.0072251820883],[-105.50804303204,36.0073218399196],[-105.508045655566,36.0077068829219],[-105.510178332166,36.0078444956993],[-105.512546729101,36.0085891075668],[-105.51357603526,36.0093653033978],[-105.514739812952,36.0090377656904],[-105.514408694895,36.0095449673166],[-105.515761763541,36.0102183344461],[-105.515826532144,36.0110010921427],[-105.516542588396,36.0112361371136],[-105.51696584038,36.0118140646802],[-105.517352965748,36.0117684199496],[-105.517039501811,36.011261339234],[-105.517391798164,36.0110190473236],[-105.518758255282,36.0114125537376],[-105.519339111097,36.0123338065193],[-105.519345099668,36.011865987971],[-105.519824559661,36.0117535294572],[-105.519830017988,36.012111965471],[-105.520791618343,36.0119596299385],[-105.52090246265,36.0122552134107],[-105.521841446004,36.0123012082371],[-105.522135909457,36.0129207589934],[-105.52160656274,36.013812781054],[-105.521011132213,36.0139362755793],[-105.52189880049,36.0168418781495],[-105.520660742808,36.0180480695683],[-105.521463335476,36.0181563920749],[-105.521399802868,36.0187286965652],[-105.522351680478,36.0198935224014],[-105.521892635173,36.0207811851453],[-105.522713802369,36.0214170010871],[-105.522521012487,36.022094752603],[-105.522737520987,36.0225089440793],[-105.523385766188,36.0228654574613],[-105.525329002279,36.0225520143848],[-105.525497193854,36.0229232168583],[-105.525157327896,36.0228784951685],[-105.524811363993,36.0232948930076],[-105.528206739146,36.0234841876465],[-105.528668559192,36.0236027154455],[-105.528795808958,36.024100092906],[-105.530688348101,36.0241713946977],[-105.530226483092,36.0251721616034],[-105.528977052191,36.0257876171927],[-105.530926027574,36.0261441365373],[-105.530498204292,36.027118623931],[-105.533279059431,36.0286160060268],[-105.53370688126,36.0290675973922],[-105.53377818528,36.0298281721516],[-105.533302826043,36.0300183166319],[-105.531757907178,36.029210205844],[-105.531781675296,36.0301609244526],[-105.531044867497,36.0303510687247],[-105.527669815323,36.0297331011791],[-105.526433879985,36.030707588284],[-105.525673304127,36.0297568693615],[-105.524746352899,36.0298519408338],[-105.523248971583,36.0312067166796],[-105.521656517803,36.0311591805219],[-105.523011291223,36.0316345390205],[-105.521894197036,36.0323713459477],[-105.520515654848,36.0323951142138],[-105.519755077809,36.033155690199],[-105.520087830543,36.0337498902507],[-105.520919709907,36.0339400337818],[-105.523605492255,36.0336785855362],[-105.524556211104,36.0339400333559],[-105.524009545556,36.0349382890646],[-105.521133620119,36.035128431451],[-105.521323764464,36.0354849524348],[-105.523296507218,36.035556256301],[-105.523771867007,36.036031614787],[-105.522155644587,36.0363405993049],[-105.521870428376,36.0368872619608],[-105.522393325011,36.037220014771],[-105.523153900562,36.0374576939976],[-105.523415347929,36.0368634936805],[-105.525743588773,36.0364585108494],[-105.526182468812,36.0370023582194],[-105.528057791261,36.0378023987109],[-105.528027497242,36.0382672220025],[-105.528525463891,36.03857478734],[-105.52897705457,36.0395255065042],[-105.529619975316,36.0390295835101],[-105.529697584616,36.0385639558574],[-105.530420490706,36.038618128365],[-105.531411804958,36.0394608964797],[-105.532794451756,36.0391687372835],[-105.533335227952,36.0397363620667],[-105.535465712449,36.0407614425483],[-105.537676134612,36.0409753543659],[-105.538294102705,36.041569552938],[-105.540575827642,36.0414744816025],[-105.540789739091,36.0419973767049],[-105.538626853673,36.0419498399217],[-105.538341638324,36.0424252009876],[-105.537105703782,36.0425678077556],[-105.537319614504,36.0429005594957],[-105.538603085431,36.0429480947797],[-105.539531678913,36.043543073618],[-105.539163661619,36.0441049275849],[-105.536115278139,36.0445280485061],[-105.535574005213,36.046878720898],[-105.536122191733,36.0482684083615],[-105.53579444101,36.0504972945219],[-105.535967803793,36.0543945018821],[-105.533930183907,36.0573071926431],[-105.533581228001,36.0583788683736],[-105.53180878179,36.059858794194],[-105.531342138986,36.0611510375724],[-105.5294393143,36.0621777910017],[-105.53040011735,36.0624117257317],[-105.530988515948,36.0622305146569],[-105.531386518283,36.062362246048],[-105.531311491982,36.0628657997574],[-105.5318620979,36.0628173606817],[-105.531916641059,36.0632781245083],[-105.532899374249,36.0632321250828],[-105.534953368015,36.06378676675],[-105.53496326321,36.0643572747787],[-105.535964106377,36.0648991227265],[-105.535848858188,36.0651154870624],[-105.536941484212,36.0652104108331],[-105.537021296964,36.0656728051793],[-105.537383708067,36.0655369377717],[-105.537817319163,36.0660870672818],[-105.538613881267,36.065915645854],[-105.538492142815,36.0663892973606],[-105.538007138539,36.066676806589],[-105.538558490283,36.06670683053],[-105.53880158365,36.067247397196],[-105.538176366436,36.0674834263986],[-105.536941967276,36.0668472926064],[-105.535787431439,36.0668486397071],[-105.535636780982,36.0673173146445],[-105.534815208803,36.0673565988287],[-105.53415347933,36.0682983764551],[-105.53362286639,36.0681185889075],[-105.532264747305,36.0689378067041],[-105.531984081507,36.068557593899],[-105.530998064972,36.0687380006651],[-105.531023941362,36.0683379711229],[-105.530199731801,36.0682006561488],[-105.529984018914,36.0690919668306],[-105.529440111355,36.0692584422243],[-105.530256931691,36.0696234618466],[-105.530256931905,36.0700778334381],[-105.52949776532,36.0703994588465],[-105.529622887106,36.070644696217],[-105.531829213913,36.072562995009],[-105.531448927674,36.0728719788494],[-105.535180500619,36.0769838378162],[-105.535632092302,36.0768649976412],[-105.535560787809,36.0763421022734],[-105.535037892915,36.0758667429997],[-105.535109196263,36.0753913833123],[-105.536701651578,36.0761281897588],[-105.537699905259,36.0752963123429],[-105.538103960677,36.0760093509044],[-105.537010633687,36.0764609423255],[-105.537200778294,36.0772928215092],[-105.53907844842,36.0774116609879],[-105.54002916772,36.0785049880354],[-105.541193799155,36.0790041155273],[-105.541265102472,36.0795983150451],[-105.540647134712,36.0796933863271],[-105.540718438531,36.0803113551068],[-105.541954374382,36.0826881527908],[-105.541859303693,36.0833774224036],[-105.541098727048,36.0836864070435],[-105.535089461681,36.0884297450147],[-105.53314980899,36.0911453995707],[-105.53410452604,36.0914238350554],[-105.53486720523,36.0926621601124],[-105.535571566485,36.0926706768486],[-105.536352180642,36.0932376907234],[-105.538105182364,36.0936812522916],[-105.53892597662,36.0936365738877],[-105.53984398861,36.094703740736],[-105.540704337192,36.0950990984895],[-105.54138645277,36.0949531697338],[-105.542078433182,36.0954645354498],[-105.542184906228,36.0959705616731],[-105.541626928312,36.0973236792327],[-105.542089151466,36.0975384565816],[-105.542005028304,36.0979509814366],[-105.541152121874,36.0987846902948],[-105.541194751615,36.0993441816751],[-105.541641819888,36.0991430712417],[-105.541597596701,36.0997973842404],[-105.541841470596,36.0998613721253],[-105.541114092452,36.1002809874806],[-105.542989853233,36.1007315653732],[-105.542699005221,36.1011707587407],[-105.541782743164,36.101070529909],[-105.541306073361,36.1011982878615],[-105.541128699762,36.1016461913724],[-105.54009631568,36.1016579843347],[-105.539821353422,36.1020331473787],[-105.539577951002,36.1018161114245],[-105.539156501983,36.1030730995464],[-105.53790648451,36.1033574317655],[-105.537521982278,36.1026839414853],[-105.536014259491,36.1027971050414],[-105.536489764436,36.1020588673495],[-105.536619097631,36.1020644404885],[-105.537244386745,36.1018555222349],[-105.537254194323,36.1017349486706],[-105.536658743083,36.1016576670271],[-105.536659582034,36.1020247525056],[-105.536280049117,36.1018788679707],[-105.535849386611,36.1023989216628],[-105.535543447247,36.1021423087824],[-105.535737571908,36.1014559164286],[-105.535462813601,36.101243265828],[-105.534699976311,36.1012310698823],[-105.534559578605,36.1015681070961],[-105.533905559064,36.1017173149998],[-105.533241022326,36.1011660691567],[-105.532278570405,36.1010532141616],[-105.532903063525,36.1004452261316],[-105.532336361901,36.1007825133651],[-105.531261467317,36.1006609762195],[-105.531068568264,36.1010952328146],[-105.530169052252,36.10137104963],[-105.529712574937,36.1005650035314],[-105.529950995162,36.099423224661],[-105.529045542288,36.0985997407871],[-105.528130741427,36.0996446696692],[-105.528970356934,36.1004074229595],[-105.527892779314,36.1010819993421],[-105.527881045452,36.1014500068754],[-105.52826051021,36.1015957831619],[-105.528194444493,36.1024990437087],[-105.527476115538,36.1019796164072],[-105.526166023934,36.1018354062237],[-105.525999978481,36.1013650563124],[-105.523535864699,36.1009889601832],[-105.523342411414,36.1015582590371],[-105.524659292635,36.102222650534],[-105.523593700208,36.1030749636707],[-105.522806220291,36.1032181280939],[-105.52192033668,36.1024372279653],[-105.521656139305,36.1027102272538],[-105.521045349757,36.1023664422036],[-105.520725662678,36.1021061420274],[-105.520999250033,36.1018528410503],[-105.519152336295,36.1023514546024],[-105.518126470518,36.101996520214],[-105.516970180362,36.1009571464639],[-105.515965324439,36.101393607363],[-105.515444595509,36.1020543853567],[-105.514639738339,36.1019121858718],[-105.514524897281,36.1016394958495],[-105.513047070457,36.102089190504],[-105.512899645047,36.1013133389325],[-105.512057979605,36.1018468426411],[-105.511582715139,36.1016896477109],[-105.511427228095,36.1022321160405],[-105.51143953286,36.1019612532012],[-105.510960591568,36.1019231145562],[-105.509032461206,36.1025101902975],[-105.508495998489,36.102118774068],[-105.509433822096,36.1012668096201],[-105.509060457828,36.100415262111],[-105.509243562466,36.099811398757],[-105.508274627178,36.0999731799749],[-105.508386289764,36.100788656392],[-105.5072659284,36.1001290262064],[-105.507389641688,36.0996592269381],[-105.508236165756,36.0995643591539],[-105.508884331974,36.0986715228178],[-105.507636478839,36.0985977500449],[-105.506751531627,36.0980992363363],[-105.506166713656,36.0988833196594],[-105.505086941172,36.0988914002288],[-105.503245090252,36.0981222345201],[-105.502737005137,36.098210222821],[-105.502608214153,36.0972447795703],[-105.502251301072,36.0970149361333],[-105.500960118158,36.0973056309961],[-105.49963058144,36.0964931511538],[-105.498856824763,36.0967857831835],[-105.498937738643,36.09605885884],[-105.497655816562,36.0963854287518],[-105.497093192586,36.0981030557895],[-105.496511438214,36.0981886591704],[-105.496329118802,36.0987424226631],[-105.495557429504,36.0989586015206],[-105.495939318425,36.0997293246194],[-105.497823608898,36.0997865266501],[-105.497897777058,36.1006272137249],[-105.497026268474,36.1009177418077],[-105.497032885049,36.1015257008306],[-105.496308478258,36.1013370138013],[-105.495890659469,36.101840844515],[-105.494631351021,36.101948324538],[-105.494602649949,36.1023092751926],[-105.4940905689,36.1025672846758],[-105.493613056968,36.1018416038026],[-105.493519939983,36.1021931367227],[-105.492916238831,36.1020391580699],[-105.492684712023,36.101594528786],[-105.492307352848,36.101873585458],[-105.491209123485,36.1018642166622],[-105.49132258818,36.1023239383925],[-105.492765708327,36.1026804879439],[-105.493379365267,36.1035835983564],[-105.492463152216,36.1048004325965],[-105.490429954986,36.1045721418391],[-105.489472431003,36.1052694482974],[-105.488968729937,36.1052696783723],[-105.487116069155,36.1045787217514],[-105.486575940193,36.1040864906774],[-105.487605257029,36.1028728416594],[-105.48874443847,36.1023084351086],[-105.489570071808,36.1014090842995],[-105.48998668019,36.1008179508043],[-105.490166835109,36.099320412391],[-105.492912807215,36.0956608691526],[-105.492417880186,36.0955825867401],[-105.491964882034,36.09592944393],[-105.489611644493,36.0990787680234],[-105.487340032351,36.0997327669506],[-105.486018557359,36.0964096234497],[-105.484532161493,36.0944541137841],[-105.484179983346,36.0944281620033],[-105.483957207323,36.0939421895514],[-105.483236432446,36.0938066513658],[-105.48267385151,36.0917481589098],[-105.482042093852,36.0914480003322],[-105.480726514073,36.0894987203762],[-105.480734506102,36.0886326001266],[-105.47871120857,36.0848285547891],[-105.478294164453,36.0830731602986],[-105.477460675702,36.0829361423109],[-105.476726009905,36.081968812646],[-105.477276879037,36.0816750001965],[-105.476782578044,36.0811432375559],[-105.475308964832,36.0812145404996],[-105.47307477362,36.0803826617596],[-105.47297970184,36.0795507823257],[-105.474358243894,36.0779107928379],[-105.473954190052,36.077720648332],[-105.475142587821,36.077173985632],[-105.474643460159,36.0768650007286],[-105.475237658099,36.0763658746721],[-105.475261427548,36.0753913867987],[-105.474477083208,36.0758667467224],[-105.472624694486,36.0785633707183],[-105.47145855075,36.0789090477043],[-105.470080008432,36.0785762967964],[-105.469557114116,36.0790754235704],[-105.46941450476,36.0785525287316],[-105.466847563816,36.0770789128463],[-105.466904604273,36.07648948247],[-105.466219364396,36.0758545172215],[-105.465350179546,36.0757241393454],[-105.464851052266,36.0750824046483],[-105.464019173061,36.0747496520012],[-105.46387656537,36.0739890770326],[-105.463139759101,36.0731096628178],[-105.459812241533,36.0706377928274],[-105.458362392758,36.0687601222503],[-105.458386161031,36.0674528832213],[-105.457720657806,36.0670725957331],[-105.45674617171,36.0674528829686],[-105.457007619609,36.0669537560446],[-105.4565797952,36.0660981096523],[-105.457649353822,36.0653137658187],[-105.457126460157,36.0652186946622],[-105.457075966854,36.0649450696019],[-105.456080669021,36.0654326065698],[-105.455034876195,36.0645056551683],[-105.455629076725,36.0626992892314],[-105.455438933311,36.062128856883],[-105.455756678599,36.0616883705798],[-105.456370043032,36.0618222499063],[-105.457340371418,36.0602274190879],[-105.459099201407,36.0600135084072],[-105.45909920071,36.0592767003415],[-105.459978615783,36.05915785978],[-105.460525279021,36.0587062682009],[-105.46064412043,36.0580645326965],[-105.459954848624,36.0578268531557],[-105.460399011801,36.0563547239767],[-105.458987787724,36.0559090754403],[-105.457093777774,36.0561690366796],[-105.456276753263,36.0559833497983],[-105.456276752961,36.0547949518451],[-105.458356450543,36.0543121640186],[-105.458653550923,36.0550177760444],[-105.461141762374,36.0553520129869],[-105.458133625926,36.0534951406941],[-105.457910800804,36.0516011289887],[-105.456091065762,36.0489272329749],[-105.455756827014,36.050227043546],[-105.454085642561,36.0524181527436],[-105.454797197048,36.052788042501],[-105.454987340261,36.0535723860689],[-105.454426297876,36.0537126456262],[-105.454609998421,36.056390781045],[-105.455011108228,36.0568048305077],[-105.454678357292,36.0576367097092],[-105.453870246466,36.057850621991],[-105.4530621332,36.0593717730811],[-105.452123487137,36.0601214068943],[-105.452142302785,36.0609160686129],[-105.451350299573,36.0612926566928],[-105.451505500177,36.0619772938933],[-105.451849968089,36.0618911783508],[-105.452515470626,36.0626992898125],[-105.451626036134,36.0633428498556],[-105.452182719751,36.0641966716647],[-105.451817936438,36.0651482858561],[-105.451422144297,36.0647908704029],[-105.450639587512,36.065133153712],[-105.450589842138,36.0655991769571],[-105.451364758963,36.0660658870615],[-105.451255769699,36.0653850710948],[-105.45306213392,36.0657653580041],[-105.452886296949,36.0660244871556],[-105.453680102471,36.0662407170848],[-105.453436880202,36.066483938591],[-105.453917782482,36.0673815790928],[-105.453656335156,36.0680233168449],[-105.454416910663,36.0677856358742],[-105.455272558167,36.0679757806038],[-105.455129948942,36.0684511386975],[-105.452705616128,36.068950267928],[-105.451921271571,36.068451139352],[-105.449972298217,36.0681421546473],[-105.44792825288,36.0685224443279],[-105.445907973,36.0684749068525],[-105.4441966802,36.067595492148],[-105.443911463616,36.067809404524],[-105.44271121221,36.0669181375748],[-105.442700954407,36.0672660909778],[-105.443291718115,36.0677277775708],[-105.443008281217,36.0683560671632],[-105.444648270881,36.0691166434472],[-105.444885950817,36.0687125876606],[-105.445551453623,36.0693780905188],[-105.445266236837,36.0698296821365],[-105.445907840719,36.0703104369297],[-105.446540411809,36.070363492845],[-105.44754796439,36.0696633058638],[-105.450851712799,36.0701386645119],[-105.45175489717,36.0706853294004],[-105.45244416845,36.0706377932946],[-105.453394887255,36.0699960578115],[-105.455438933012,36.0703763456662],[-105.456674867227,36.0717073508666],[-105.457363070103,36.0730412158449],[-105.456460957234,36.0743693653516],[-105.457411675376,36.0744644371746],[-105.457625588432,36.0740603806304],[-105.458314858299,36.0742267570317],[-105.458790217848,36.0748209566095],[-105.458440690447,36.0753228796365],[-105.459194272982,36.075367619644],[-105.459682046812,36.0759678986675],[-105.460136799289,36.0757208561113],[-105.461299153297,36.0763074970336],[-105.461513063273,36.0773061223503],[-105.46267650969,36.0780611801442],[-105.462599278362,36.0787408067972],[-105.46293909302,36.0788643761807],[-105.460745754651,36.0807796858137],[-105.459788099656,36.0808105784633],[-105.458660537857,36.081536542603],[-105.456822458153,36.0832665000392],[-105.456436305951,36.0826641039022],[-105.454713846049,36.0826862234727],[-105.454222948687,36.0829706434782],[-105.45327202731,36.0827981691614],[-105.453073570304,36.0831942144099],[-105.452465180685,36.0830374338446],[-105.452345070006,36.0832597662496],[-105.450891174067,36.083112039715],[-105.450134318247,36.0827104425491],[-105.450103426303,36.08240152171],[-105.450458686348,36.0823551831098],[-105.45217319632,36.0824633049561],[-105.45230115313,36.0821647402915],[-105.451833382872,36.0815828801035],[-105.452219713848,36.0808358071745],[-105.451864005139,36.080731698051],[-105.450209978969,36.0811907751235],[-105.449797851396,36.0805784382708],[-105.449304588364,36.0806860602182],[-105.449924763534,36.0813571506313],[-105.449284786137,36.0818300187617],[-105.448379844728,36.0812145423155],[-105.446906230152,36.0812145431438],[-105.446145653921,36.0819275817057],[-105.446030980353,36.0826178936418],[-105.446421713389,36.0829212320202],[-105.447463496877,36.0829075972978],[-105.447665063951,36.0832110697221],[-105.447396534718,36.0833497165945],[-105.448065513327,36.0835619054525],[-105.448306857817,36.0841169987036],[-105.446716087015,36.084114235881],[-105.446811159476,36.0847322030178],[-105.446104511779,36.0845474696253],[-105.445907975229,36.0847797386061],[-105.445745401741,36.0856088666995],[-105.446110621892,36.0858788127525],[-105.44514740067,36.086467264783],[-105.445741599508,36.0874417518829],[-105.444930004116,36.0873536494464],[-105.444445345225,36.0880509140155],[-105.444131597905,36.0879543764325],[-105.444307588815,36.0871584519515],[-105.442437851095,36.088653918686],[-105.442324322638,36.0893209030346],[-105.443519858101,36.0891848853683],[-105.443400651193,36.0887908685536],[-105.444690177262,36.0887491728056],[-105.444669271101,36.0893050627711],[-105.444028978283,36.0891429936535],[-105.44417986709,36.0900299390295],[-105.442919864046,36.0901691326029],[-105.440825177017,36.0913331998314],[-105.439953861847,36.0908964614771],[-105.440108588167,36.0915536130795],[-105.439446841795,36.0918600184938],[-105.439395550573,36.0922904198375],[-105.43987090981,36.0925043320248],[-105.438872655042,36.0927420114791],[-105.438668204975,36.0921208139102],[-105.438254686846,36.0920765081089],[-105.438274400881,36.0916822116849],[-105.437301548314,36.0918641572273],[-105.437273886651,36.0907575794953],[-105.435545138517,36.0906979665116],[-105.435613154705,36.090323868574],[-105.435283689629,36.0902463746543],[-105.433959844378,36.0906135893254],[-105.436336170568,36.0914780065681],[-105.436674052102,36.0921537703205],[-105.43614309525,36.0923709814388],[-105.434403550783,36.0919623385313],[-105.434574436636,36.0923676484293],[-105.435295624097,36.0924881054782],[-105.435131752175,36.0927388924264],[-105.434140622031,36.09258826063],[-105.433076321914,36.0918896756717],[-105.433553840995,36.0925913920686],[-105.433032775902,36.0927331244659],[-105.43385393446,36.0927560997628],[-105.434327639992,36.0933346584178],[-105.434885717559,36.0933836697129],[-105.434629653794,36.093829769046],[-105.433553117354,36.0941352645963],[-105.435524858505,36.0945472898216],[-105.435835305406,36.095654688271],[-105.434428043668,36.0963309764276],[-105.433713387795,36.0961385813124],[-105.433653717916,36.0963983589681],[-105.432585554514,36.0959176644713],[-105.432067653223,36.0963920631721],[-105.432290839441,36.09683017867],[-105.430024106193,36.0962904889176],[-105.429739166096,36.0969720682869],[-105.429141762707,36.0972358094263],[-105.429749053378,36.0977882097809],[-105.430815650049,36.0974125751049],[-105.429748223111,36.0980937482869],[-105.430411760544,36.0985698201134],[-105.430863027204,36.1001308610336],[-105.433162395845,36.1006500470228],[-105.432861723284,36.101101170082],[-105.432286710025,36.1012001459394],[-105.432539342481,36.1016896908596],[-105.432274230791,36.1018627259864],[-105.432720483923,36.1020387698499],[-105.432383336619,36.1023287980748],[-105.432569633782,36.1041129073203],[-105.432077812476,36.1045224714311],[-105.432370020982,36.1047185034361],[-105.432050719487,36.1061664689401],[-105.432796909631,36.1060268516542],[-105.432974762454,36.1055786234243],[-105.434008177595,36.1054577425977],[-105.434903402291,36.1059094714258],[-105.435836227751,36.1070490811894],[-105.435182792188,36.1068290984135],[-105.435013979355,36.1072087586932],[-105.434218787532,36.1074664594286],[-105.434308893937,36.1079262483622],[-105.43305957105,36.107859948523],[-105.433057978971,36.108308087022],[-105.432540479485,36.1086231204238],[-105.433102235349,36.1093685658066],[-105.43385317057,36.1094067865247],[-105.433274567345,36.1097857735859],[-105.433300717518,36.1101244033874],[-105.43435281533,36.1098335925263],[-105.434067914014,36.1101884822543],[-105.434444094256,36.1103694486821],[-105.434448871839,36.1108959986651],[-105.434103872946,36.1111114144023],[-105.435005514172,36.1115293782393],[-105.434336889434,36.1120061820784],[-105.434875092989,36.1126383036565],[-105.434623885434,36.1128944126032],[-105.434626820672,36.1142657765364],[-105.435123196648,36.1148610588577],[-105.436126845578,36.1149065314534],[-105.436017126456,36.1152857278073],[-105.436381404522,36.1152978817527],[-105.436383583211,36.1158179791052],[-105.436894377336,36.1159304228745],[-105.436677872573,36.1167236859286],[-105.436974441226,36.1173923566194],[-105.437813239207,36.118476095538],[-105.437358216209,36.1190019079068],[-105.435714282179,36.1191098169727],[-105.435465679415,36.1193816233168],[-105.435977629483,36.1194459481416],[-105.435812296198,36.1197553522569],[-105.434809216709,36.1200024810534],[-105.432776874101,36.1192049315283],[-105.432341942008,36.1194081161413],[-105.4323622854,36.1196935857371],[-105.431746412935,36.1197678737828],[-105.432223394215,36.1204769793131],[-105.431635860375,36.1204148095263],[-105.431457033148,36.1208951882347],[-105.430502487215,36.121595400385],[-105.431653066701,36.1217538516277],[-105.431795107454,36.1228959377351],[-105.431008746513,36.1233825826024],[-105.430632010562,36.1232262414961],[-105.430812470171,36.1228599247113],[-105.430444980123,36.122609058179],[-105.428283591557,36.1222653817588],[-105.427980226315,36.1230969176633],[-105.426550652926,36.1237181076762],[-105.42527608393,36.1247865068894],[-105.425310078877,36.1251857051235],[-105.424687244456,36.1256447492788],[-105.424240448842,36.126757531154],[-105.423102780496,36.1266584443663],[-105.422130050434,36.1275721649011],[-105.42206139966,36.1280653795525],[-105.422353284806,36.1282959058025],[-105.422637586989,36.1277430868102],[-105.423004051444,36.1277155243005],[-105.423139186195,36.128653482505],[-105.42180721808,36.1294477018822],[-105.42172079943,36.129823875065],[-105.420927833281,36.1298438237342],[-105.420785457321,36.1312900891662],[-105.421372813305,36.131444657288],[-105.421565888256,36.1319756158809],[-105.420890124586,36.132120420968],[-105.420476243308,36.1327672839209],[-105.419255051175,36.1326873545655],[-105.418066762837,36.1331871705741],[-105.41722003049,36.1326722131429],[-105.416768437651,36.1331951083861],[-105.416938127838,36.1338173050618],[-105.417499556057,36.1337866102301],[-105.417999687339,36.1345570796825],[-105.418349426914,36.1346042241182],[-105.420913490601,36.1335469479167],[-105.422383782691,36.1334767043132],[-105.422911400932,36.1339303439203],[-105.423835666356,36.1334532152813],[-105.425167526259,36.1341535140472],[-105.425324883261,36.1348098395556],[-105.425815917466,36.1352049582024],[-105.428436434003,36.1361961483577],[-105.430426514912,36.1388692672266],[-105.42958666291,36.1397490993435],[-105.428038482011,36.1403839576318],[-105.429590760676,36.141651661159],[-105.429419855907,36.1421509920677],[-105.429840878586,36.1422051471331],[-105.430282704892,36.143038818462],[-105.430673804707,36.143150729559],[-105.430161762376,36.1436352866405],[-105.43066494011,36.1450848356625],[-105.430246981955,36.1456462691509],[-105.428941608845,36.1456667703998],[-105.428712032407,36.1472512278372],[-105.426952602082,36.1473267371028],[-105.426898370769,36.1462559778918],[-105.426217928732,36.1468249185932],[-105.425500102911,36.1463059915657],[-105.425880057556,36.1472854542687],[-105.425577341368,36.1475550244461],[-105.425748390938,36.1480207994851],[-105.422459473245,36.1477255258176],[-105.422019482069,36.1480641865735],[-105.422139398332,36.1482955201697],[-105.421879211483,36.1478942201349],[-105.420584956685,36.1476023748349],[-105.420724445853,36.1473714602347],[-105.420224925317,36.1471873437885],[-105.420481422114,36.1469465875665],[-105.420131869768,36.1468569023159],[-105.419118271114,36.1474592867558],[-105.418633871458,36.1473929344693],[-105.418912192375,36.1477147440377],[-105.41843352102,36.1477250823645],[-105.418575651229,36.1479324676217],[-105.417188618665,36.1487425761176],[-105.417491522234,36.1488689260849],[-105.417321986011,36.1489894773863],[-105.416076929229,36.149070824794],[-105.415401958213,36.1495092521053],[-105.415853700327,36.1503445310665],[-105.415176009977,36.1510752059328],[-105.415638643971,36.1513591050011],[-105.415688342969,36.1523015523282],[-105.418242053727,36.1531602080263],[-105.418408430603,36.1539920877889],[-105.417967487859,36.154113727643],[-105.418073333599,36.15452443075],[-105.417719159303,36.1547592871525],[-105.418099001785,36.1570756825844],[-105.41901551369,36.1568307636196],[-105.419666574206,36.157338559472],[-105.41875443866,36.1577191534002],[-105.419145237657,36.158127715288],[-105.418574807247,36.15853177175],[-105.418455967307,36.1597201706086],[-105.419927819225,36.1598283139244],[-105.420167261469,36.1610274082922],[-105.421094213279,36.1610036406744],[-105.42185478883,36.161455232219],[-105.42147450207,36.1618830565068],[-105.42185478902,36.1622158085176],[-105.422829274559,36.162382182521],[-105.422402796887,36.1628532855074],[-105.421450732281,36.1626911674682],[-105.421284357902,36.1622633448171],[-105.419810742575,36.1624059518335],[-105.416868758987,36.1613782699138],[-105.416215858894,36.1614603447589],[-105.417251818961,36.1605427772221],[-105.416384288277,36.1603892613213],[-105.415722649892,36.1598152413598],[-105.414890771139,36.157771198115],[-105.412874702581,36.157576802888],[-105.413708245294,36.1592836573211],[-105.413950280237,36.1612116720355],[-105.412155170523,36.1603422922306],[-105.411985071272,36.1593604187967],[-105.411058121412,36.1591205455775],[-105.409939364043,36.157346520728],[-105.409059951152,36.1568667640351],[-105.407907205269,36.1567995971021],[-105.408085465831,36.1577878943846],[-105.407146632661,36.1578550587802],[-105.407740830398,36.1594478219542],[-105.408750967824,36.1595629598643],[-105.407538803502,36.1613763641497],[-105.404977993882,36.1624208962043],[-105.402620745285,36.1621795676945],[-105.401893161786,36.1616972521146],[-105.400667138136,36.1615958832298],[-105.400161388175,36.1621443257601],[-105.400332884832,36.1625604442759],[-105.399857523495,36.162560444054],[-105.399441584764,36.1613720462501],[-105.399233615863,36.1620850858465],[-105.394750806031,36.1618231401165],[-105.394256172522,36.1624661609882],[-105.393259270527,36.1624038531414],[-105.393650044435,36.1618176950598],[-105.391687283165,36.1616097251988],[-105.390350332471,36.1598568374374],[-105.392281480981,36.159381478045],[-105.39278655009,36.1589061180997],[-105.391390182958,36.1581930793971],[-105.394474077481,36.1581990205692],[-105.394450309121,36.1573196058355],[-105.395833746465,36.1568064467767],[-105.396137835258,36.1561549751568],[-105.3955911717,36.1557746875536],[-105.394497845821,36.1565114952205],[-105.394141324945,36.1561074403158],[-105.392881621165,36.1567491752383],[-105.392810319326,36.1573196062494],[-105.392192351855,36.1573196059501],[-105.391741151654,36.156810566577],[-105.392660134589,36.1561968252523],[-105.392598601719,36.1559240981723],[-105.391389043639,36.1556371875704],[-105.390721604134,36.1546789148998],[-105.38921675804,36.1537973237181],[-105.387133349292,36.153451512747],[-105.386389295146,36.1530077374779],[-105.38587608622,36.152055829184],[-105.386511733776,36.1508381652886],[-105.383841627918,36.1486820522797],[-105.383367691541,36.1478320394444],[-105.381748806949,36.1471101444605],[-105.380086784004,36.1453231851774],[-105.380138480547,36.1445201967638],[-105.380871851623,36.1432196782811],[-105.380456497657,36.1423674525578],[-105.381780252983,36.1415672863645],[-105.382662145391,36.1394862369768],[-105.385084467318,36.1387198964313],[-105.386180065999,36.138692346691],[-105.388957968265,36.1375063048301],[-105.39062366259,36.1356669794054],[-105.389245120388,36.1322681590528],[-105.389981928437,36.1309846879907],[-105.386844553212,36.129938899127],[-105.386488033236,36.1290119471718],[-105.385394707393,36.1284177467368],[-105.385727459626,36.1277047084879],[-105.384562826318,36.1264925409871],[-105.384610362867,36.125375447656],[-105.387391216922,36.1255418223545],[-105.394307698769,36.1274670275338],[-105.396280441467,36.1283702102778],[-105.396969712987,36.1282038353494],[-105.398372022842,36.1284890504503],[-105.39937027838,36.1280612274039],[-105.400017693007,36.1287493530579],[-105.400436706375,36.1284852216058],[-105.401509396936,36.1286791942742],[-105.402061904864,36.1279809606258],[-105.40169954005,36.1277997791233],[-105.40153316472,36.1271105080818],[-105.402032291655,36.1269441318063],[-105.402495287913,36.1276617744562],[-105.402697794984,36.1268490600922],[-105.403173155392,36.1264687725534],[-105.403600978776,36.1267777554612],[-105.403957497119,36.1264450045855],[-105.403749865561,36.1251449933787],[-105.403268225882,36.1248050149209],[-105.404076336809,36.124115741634],[-105.405288504024,36.1240206693794],[-105.405478647384,36.1234740069152],[-105.404123873226,36.1231412547347],[-105.403101849655,36.1223569115169],[-105.401539577585,36.1200264928856],[-105.400582444914,36.1193146117388],[-105.401129107627,36.1185540358245],[-105.401675770614,36.1183401242826],[-105.403125617324,36.1184827322408],[-105.403696048674,36.118720412576],[-105.404646768988,36.1203604022846],[-105.405549951133,36.1207169219914],[-105.404908215719,36.1186253407251],[-105.403475385729,36.1179000133541],[-105.399465349432,36.117294333488],[-105.396745401591,36.1154404318952],[-105.396559713961,36.1147348203127],[-105.397079638887,36.1144005827388],[-105.395852767272,36.1129112159785],[-105.398285733816,36.1124283538031],[-105.398899373692,36.1125065710105],[-105.399493573065,36.1131750460844],[-105.402018919421,36.1129522223926],[-105.402658454189,36.1134249202338],[-105.402931820562,36.1142493240737],[-105.403839242043,36.1143865360153],[-105.403978596152,36.1128839153697],[-105.404718070781,36.1123981309038],[-105.405811399239,36.1129685617717],[-105.406595742001,36.1129923293137],[-105.40669081393,36.1117801613774],[-105.405835167167,36.110330316623],[-105.407879211953,36.1077396070038],[-105.409400363258,36.1072404796084],[-105.408330804832,36.1070027995369],[-105.408901235035,36.1063135276667],[-105.405885221753,36.1021935826741],[-105.405835167047,36.1032949954888],[-105.405130620982,36.1037904512705],[-105.405636774195,36.1039365001388],[-105.406026088265,36.1036632007099],[-105.405977773514,36.1052439695102],[-105.40367228018,36.1050538252497],[-105.403410830828,36.1054341133613],[-105.404979518918,36.1067175838862],[-105.404926081315,36.1075595798064],[-105.404052228136,36.1075801574255],[-105.403329340836,36.1081300037711],[-105.402480479888,36.1079383235167],[-105.401533163236,36.109118150022],[-105.400653747064,36.1088804691414],[-105.4002972267,36.1083813418785],[-105.401628232705,36.1065987442087],[-105.401421775598,36.1060867726597],[-105.39863346882,36.1054341135503],[-105.400012010807,36.106432368186],[-105.399607956393,36.1076207671894],[-105.39845444043,36.1084759160032],[-105.400392298889,36.1090706145191],[-105.400725049834,36.1096172769383],[-105.400154619872,36.1101164044885],[-105.398634447982,36.1088176682548],[-105.398329682125,36.1091661465878],[-105.397210546549,36.1093189269662],[-105.398110572595,36.1096885817288],[-105.398562164731,36.1102590127922],[-105.398276948711,36.1105917646958],[-105.396256670692,36.1096410452661],[-105.393713497462,36.109545974046],[-105.392596403722,36.1086665593567],[-105.390670580604,36.1090537088316],[-105.390631106101,36.1096957583315],[-105.390338175767,36.109689048775],[-105.390142569978,36.1090755695501],[-105.389722969332,36.1090660639974],[-105.388481269245,36.1096794210449],[-105.388603382324,36.1103303176497],[-105.387676429989,36.1100213335591],[-105.386627554091,36.1085856727671],[-105.387147779921,36.1082444248827],[-105.38704643609,36.1076620690625],[-105.386277607229,36.1074453879604],[-105.386820783074,36.1070028001748],[-105.384919345393,36.1047210749483],[-105.384016162203,36.1042219476803],[-105.383326890356,36.1046022355692],[-105.383398194489,36.1050062905874],[-105.384729202001,36.105552953462],[-105.385466009669,36.1065987442516],[-105.384990650557,36.1082149683976],[-105.383849786808,36.10914191784],[-105.382851531285,36.1089755441961],[-105.380450964816,36.1075970012869],[-105.38118777349,36.1069552652833],[-105.381306611996,36.1060520823454],[-105.37952401443,36.1052202027977],[-105.379524015053,36.1046022360531],[-105.380141981273,36.104079339332],[-105.379524014949,36.1036752840173],[-105.379405174887,36.1026294931998],[-105.378834742627,36.1021779014953],[-105.378953582204,36.101298486485],[-105.379880533746,36.1009419669265],[-105.379428942268,36.1004190715979],[-105.378882279207,36.1004428394423],[-105.377951520667,36.0948871680714],[-105.378715986909,36.0949771054381],[-105.379255824896,36.0942861184957],[-105.379381405794,36.0935025891967],[-105.379048652948,36.0927420155591],[-105.379595317408,36.0922191191925],[-105.378906045332,36.0898898598382],[-105.3783356133,36.0895333383205],[-105.378145469165,36.0886776918872],[-105.379119956633,36.0894620342203],[-105.380902555053,36.0891292820634],[-105.380997627365,36.0895333380067],[-105.382186027009,36.0903652172704],[-105.382685154316,36.0916724565344],[-105.384990647271,36.0923854948351],[-105.385798758714,36.0929321584051],[-105.386226582684,36.0935976620859],[-105.386474931869,36.0955799003876],[-105.386910321156,36.0958005476051],[-105.387119832484,36.0945390036729],[-105.388603379936,36.0947622928413],[-105.388745988055,36.0935738939029],[-105.389673066544,36.0927904496471],[-105.388745988307,36.0926944786759],[-105.388555844547,36.0923617274724],[-105.38891236426,36.0918388317297],[-105.38993438683,36.0913872396593],[-105.390100762452,36.091006951448],[-105.391048350802,36.0914748400628],[-105.392516729159,36.091566390701],[-105.393242540316,36.0911538399471],[-105.393143064415,36.0901513055263],[-105.392216112945,36.0898898570371],[-105.391740754126,36.0892243531045],[-105.390813801687,36.0889153707827],[-105.390243369297,36.0892243547065],[-105.388621483454,36.0886525470705],[-105.387792569613,36.0890536137952],[-105.387176074263,36.0874472353959],[-105.386078318819,36.0862319005195],[-105.384189351333,36.0856026020027],[-105.384192017978,36.0848738887864],[-105.383621879775,36.0847937979939],[-105.3834302965,36.08520264088],[-105.383998279984,36.0857652328834],[-105.383264153572,36.0858583670259],[-105.382492133405,36.0853199639481],[-105.380776287653,36.0852476751357],[-105.379170092265,36.0847323935243],[-105.379402202243,36.0833397386276],[-105.379922903123,36.0830784478682],[-105.379836847789,36.0828011921237],[-105.381094213742,36.0824906665064],[-105.381816136495,36.0810140043115],[-105.384740711677,36.0799161272999],[-105.386532593865,36.0774116707725],[-105.387015381234,36.0749977351479],[-105.386852124029,36.0742980650684],[-105.386250349066,36.0742980647271],[-105.386250349482,36.0738475358512],[-105.385715569581,36.0738093361641],[-105.385975532037,36.0719153250275],[-105.385826982187,36.0700955903796],[-105.387386755099,36.0676445185658],[-105.38693201742,36.0668574770631],[-105.386346905502,36.0674216930351],[-105.384787131391,36.0669760428359],[-105.384325141,36.0665497044646],[-105.385232781255,36.0658619196406],[-105.385232781012,36.0640421835958],[-105.385047093762,36.0632994339978],[-105.384230069144,36.0628166473732],[-105.384158765898,36.0619624856577],[-105.384452894728,36.0618882118929],[-105.384712856821,36.060699812585],[-105.385381332144,36.0602912993798],[-105.387015379758,36.0617396608546],[-105.387810650992,36.063053614778],[-105.388460771956,36.0629607397384],[-105.389380871877,36.0641044867221],[-105.3901405872,36.0640013823546],[-105.389791777695,36.0632459556822],[-105.390100760209,36.0631033477387],[-105.390790032274,36.0634836361444],[-105.391122783121,36.0638876905128],[-105.390997470474,36.0642671986112],[-105.391713669496,36.0647717926264],[-105.392214625839,36.0643021443744],[-105.392877596995,36.0645058216959],[-105.393285670028,36.0641966748086],[-105.392049735014,36.0626755248975],[-105.392049734137,36.0618198780858],[-105.390717520726,36.0621017507109],[-105.390501764795,36.0614236677152],[-105.389726413873,36.061368286144],[-105.390311330322,36.0608251508895],[-105.390267136818,36.0602274235057],[-105.390676268708,36.0601865097403],[-105.391582237209,36.0589148553596],[-105.391937532598,36.0573537728199],[-105.391294467818,36.0555840822046],[-105.391690651925,36.0550915987971],[-105.390742495321,36.0535486213539],[-105.390885103035,36.0521463112302],[-105.39250132591,36.0524790620326],[-105.393143060719,36.0513381995934],[-105.394085626508,36.050873866483],[-105.39385609909,36.0500309606097],[-105.395187107569,36.0490327045798],[-105.39651122713,36.0490362332889],[-105.397540136741,36.0464657636303],[-105.398276942763,36.0464895326975],[-105.398957088974,36.0478049162492],[-105.400381219123,36.0470884197101],[-105.398538392595,36.0457764925879],[-105.39677601364,36.0458235301262],[-105.395852608474,36.0465370678393],[-105.394625346043,36.0455422059743],[-105.392368621402,36.0445589297525],[-105.391217510908,36.0418034451489],[-105.391714551695,36.0418766635738],[-105.392109894014,36.0401984030285],[-105.394777788249,36.039588577712],[-105.393759578362,36.0385392114946],[-105.391812258945,36.0372802683781],[-105.388343484273,36.0361207945612],[-105.387644579962,36.0353524840434],[-105.387488907125,36.0343566235898],[-105.386650184374,36.0343002781471],[-105.386507625871,36.0340397312474],[-105.386598365867,36.033677035697],[-105.386688368198,36.0342213665815],[-105.387519614639,36.0341191799292],[-105.387184840953,36.033462687223],[-105.385653402607,36.033061440987],[-105.385557801612,36.0324789433407],[-105.38676911238,36.0321002958346],[-105.385673970647,36.0299765709614],[-105.386623216397,36.029765696556],[-105.386295544862,36.0285167634019],[-105.385325480995,36.0273418998913],[-105.385052187755,36.0265391732],[-105.38525737439,36.0263591043518],[-105.384022554814,36.0258052510631],[-105.383918730081,36.0250786927613],[-105.384263992855,36.0241026269606],[-105.383929946559,36.022841521497],[-105.384698167334,36.0217807532296],[-105.384815586685,36.0207403107417],[-105.385667299042,36.0200814697363],[-105.387723379894,36.0193450909739],[-105.38851919061,36.0194391637299],[-105.391054801539,36.0180808008262],[-105.39269672593,36.0192804937806],[-105.393814143064,36.0195364556312],[-105.394480191642,36.0191017809036],[-105.395251753623,36.0194033154804],[-105.395252158961,36.0190159941354],[-105.394318265239,36.0189475626366],[-105.394078987161,36.0185270221563],[-105.39506564216,36.0172662739635],[-105.394594115783,36.0168829250371],[-105.39486284093,36.0168147814494],[-105.39497396244,36.0156748097531],[-105.396181336213,36.01599540467],[-105.396047346654,36.0152598351697],[-105.396396606855,36.015049636135],[-105.396058317085,36.0138822490899],[-105.395705001248,36.01369027666],[-105.394512650011,36.0140337002698],[-105.393425048717,36.0134773193981],[-105.39391966592,36.0125178582335],[-105.395126831735,36.0117871478478],[-105.394682397894,36.0106747843138],[-105.39518969938,36.0096168216841],[-105.395958349393,36.0090367484724],[-105.39750327166,36.0090354270013],[-105.398007945474,36.0094107103224],[-105.399315330839,36.008279060119],[-105.400898132819,36.0090137853569],[-105.401236793203,36.0087429226818],[-105.401097106205,36.008041565257],[-105.401942236897,36.0074748443648],[-105.402399184198,36.007406709382],[-105.403037387849,36.0079557362088],[-105.403533168338,36.0074903428369],[-105.405440198896,36.00752281545],[-105.406127244273,36.0072563939903],[-105.406259485932,36.0077779114786],[-105.406969263585,36.0075798873016],[-105.408158541399,36.0080938644339],[-105.408190679825,36.0084808673237],[-105.408606255578,36.0083983673092],[-105.408643586179,36.0080768877753],[-105.41046041387,36.0081822943995],[-105.412003506562,36.0078692250513],[-105.416019302506,36.0091019634825],[-105.416641073242,36.009625023189],[-105.417084824722,36.0093141496112],[-105.417123297343,36.0085867255211],[-105.416846861821,36.0078374255209],[-105.416425252196,36.0076491683363],[-105.415672808935,36.0080928232871],[-105.415510451392,36.0085924677195],[-105.41451358093,36.0082841790989],[-105.413518700931,36.0073764278334],[-105.412696127682,36.007334365427],[-105.412122263782,36.0077528722023],[-105.4114645054,36.007155012948],[-105.410270502264,36.0073383688421],[-105.408268485573,36.0068132413207],[-105.407566501066,36.0071675862873],[-105.405905039397,36.0072351447221],[-105.404854954518,36.0069492383628],[-105.404575752311,36.0061056408267],[-105.401685001772,36.0054923371001],[-105.40021605016,36.0041788439905],[-105.399718270785,36.0044313568497],[-105.401053942155,36.0030052615643],[-105.400163130975,36.0034129599869],[-105.396470126967,36.001356721599],[-105.395455233921,36.0014996184741],[-105.394863973698,36.0020472070227],[-105.394346978247,36.0020487580629],[-105.393915729139,36.0016067390291],[-105.393157334502,36.002034761118],[-105.391200160106,36.0006224104377],[-105.391054734276,35.9991816871331],[-105.391407232767,35.9984310643898],[-105.390879381494,35.9978177715513],[-105.391192280801,35.9974148235087],[-105.390178488568,35.9966297734921],[-105.390235636941,35.9957660316113],[-105.390758521333,35.9956861374848],[-105.391124219404,35.994406180947],[-105.390746866701,35.9936912046297],[-105.391079291731,35.9932695094233],[-105.390857926398,35.9928058655937],[-105.385433410175,35.9914136314295],[-105.384523748891,35.9906543060941],[-105.383960638139,35.9891900543506],[-105.383120977739,35.9885658559519],[-105.382569060064,35.9886243433964],[-105.38216161571,35.987781248751],[-105.383529039366,35.9852611869062],[-105.386405458256,35.9831748056447],[-105.386374276613,35.982087001561],[-105.38570367881,35.9819357084094],[-105.38629439767,35.9805930385337],[-105.386604368083,35.9807561820393],[-105.38671513817,35.9797572254611],[-105.387652011028,35.9788837069165],[-105.38841149829,35.9788703622582],[-105.389268874104,35.9774910972281],[-105.389910608899,35.9771108104044],[-105.392715231424,35.9767780574904],[-105.397106756554,35.9752869001613],[-105.399318815232,35.9761310859817],[-105.402148681653,35.9761776157548],[-105.405182220066,35.9750659816308],[-105.404573078124,35.9746749287615],[-105.402695443345,35.9742274035025],[-105.402407592501,35.974505925916],[-105.402633665414,35.9752669004638],[-105.399944478178,35.9740529030776],[-105.39915635246,35.9734030048882],[-105.397136075824,35.9735456132913],[-105.397160538564,35.9732569246801],[-105.396744609684,35.973173561796],[-105.396161587006,35.9734505411868],[-105.396137818858,35.9738070612646],[-105.395567386941,35.9739259002753],[-105.394854347567,35.9738070603762],[-105.394354401468,35.9733452862523],[-105.39296381647,35.9731521850479],[-105.391239841023,35.9736080905802],[-105.39082351697,35.9739612159986],[-105.390849922531,35.975362390301],[-105.387091585388,35.9776044891738],[-105.385014404755,35.9809612214727],[-105.383612095092,35.9820545492688],[-105.382803984604,35.9831954121947],[-105.380783705612,35.9840035237704],[-105.378578368089,35.9839786890911],[-105.377732810675,35.9843648277541],[-105.376358387138,35.9852296234128],[-105.374802554495,35.986884300957],[-105.37280748842,35.9873222011464],[-105.37231049722,35.9885165098199],[-105.371371268136,35.9885993621219],[-105.37068677541,35.988061326226],[-105.370012130698,35.9882414756036],[-105.36977534025,35.9886994400267],[-105.370258676333,35.9893547777423],[-105.36965583731,35.989466322369],[-105.367156067901,35.9883540545763],[-105.366414782207,35.9868131501235],[-105.366555977934,35.9863575443868],[-105.366126913466,35.9859393541765],[-105.36631928876,35.9853477993326],[-105.366054362577,35.9848515292098],[-105.366809329798,35.9842567293209],[-105.366199487327,35.9839529843522],[-105.366818118026,35.9824296971174],[-105.365812814706,35.9819462225291],[-105.369690215574,35.9822219873261],[-105.369912854546,35.9812371419433],[-105.369876061582,35.9788165258477],[-105.369531162953,35.9779727500044],[-105.36777787173,35.9777410731196],[-105.367137489925,35.9772664508259],[-105.367554309726,35.9763008632189],[-105.367423578849,35.9751638966528],[-105.366503570178,35.9745618849805],[-105.365503162077,35.9745863943317],[-105.365637539839,35.9740835120081],[-105.364559613395,35.9733235961452],[-105.363284725476,35.9730224348215],[-105.361692414184,35.973257379279],[-105.357834340718,35.9716829186051],[-105.357183872426,35.9717307828166],[-105.35702260435,35.970972138229],[-105.356196818376,35.9708883593853],[-105.35560312812,35.9703277782666],[-105.349521217513,35.9680297119725],[-105.348843121753,35.9676311942574],[-105.349016543433,35.9673909263476],[-105.348736838731,35.9671401406191],[-105.348129738003,35.9672079920178],[-105.348065784175,35.9677006806046],[-105.346962892393,35.968778551263],[-105.343778473212,35.9658235388812],[-105.343193162258,35.9648480216599],[-105.34059353973,35.9639195858481],[-105.338996628391,35.9641424115135],[-105.339219452588,35.9631396995071],[-105.337652021106,35.9620506506087],[-105.337716393979,35.9609573976917],[-105.338273287651,35.9597200599694],[-105.338147032843,35.959207321236],[-105.338736665066,35.9586832035312],[-105.340073613434,35.9586460653686],[-105.341075697584,35.9582052084084],[-105.341953489547,35.9573283167381],[-105.342698039543,35.9576038160658],[-105.343635338674,35.9572039163079],[-105.344444188977,35.9561943157061],[-105.345121373139,35.9563578997466],[-105.346158957501,35.9556582835179],[-105.347698590928,35.9561934815087],[-105.348316106295,35.9558163006502],[-105.34947678091,35.956076744341],[-105.349948153903,35.9564274855067],[-105.349680880695,35.9572140052638],[-105.35028536698,35.9578168579824],[-105.351059530324,35.9575565881521],[-105.350988047845,35.9571073409564],[-105.351915947614,35.9563217230706],[-105.353023535415,35.9544599529405],[-105.352502061363,35.9531590785969],[-105.351769732448,35.9531239263497],[-105.350490514322,35.9516941745952],[-105.351100467702,35.9504871726874],[-105.352070277949,35.9500170676585],[-105.35338829241,35.9487402505393],[-105.355042002843,35.9480642756424],[-105.356791956393,35.9478219197146],[-105.357746263412,35.9469803370747],[-105.358709285128,35.9469318556813],[-105.359872745821,35.9473739161246],[-105.360543877386,35.9480966362564],[-105.361743645226,35.948525953296],[-105.362287189417,35.948293659348],[-105.362636280947,35.9463871235529],[-105.363123800318,35.9461739943817],[-105.363532950439,35.9466445597833],[-105.363647540272,35.9458942147415],[-105.364137348391,35.9456355087056],[-105.365926129831,35.9462417662779],[-105.367275026011,35.946014446256],[-105.369444200064,35.9481814631684],[-105.371160337012,35.9467500882102],[-105.372537872969,35.9472058630283],[-105.372833488608,35.9493657587818],[-105.373318176766,35.9495641793919],[-105.374101836924,35.9507642647796],[-105.373989293128,35.9517169306657],[-105.372880338128,35.9526083563642],[-105.372360892815,35.9520864628524],[-105.372081775786,35.9529471433611],[-105.371295201128,35.9534422814465],[-105.371272057186,35.9544784585437],[-105.371600009261,35.9546688351905],[-105.370882740188,35.9558149475472],[-105.371770553609,35.9568011325469],[-105.373396904954,35.9567715133994],[-105.373906944722,35.9563193939092],[-105.374494599849,35.9565669951651],[-105.375140629749,35.9561561934882],[-105.375317069051,35.9567149166033],[-105.37461145808,35.9591288512916],[-105.374760007719,35.9610971372707],[-105.37427722099,35.9620998481614],[-105.373464471358,35.9628250529885],[-105.374259907726,35.963271346146],[-105.376376588791,35.9629602923243],[-105.376743465727,35.9633626261034],[-105.378399479036,35.9636967587434],[-105.378919404919,35.9644395074234],[-105.378250929881,35.9650708448264],[-105.374652387463,35.9659862712616],[-105.375728853274,35.9662971146998],[-105.377842418214,35.9660735560957],[-105.379050180494,35.9662688759367],[-105.379533668283,35.9672576029628],[-105.381765273567,35.968049767715],[-105.38239898433,35.9679234112954],[-105.386070019344,35.9696428478194],[-105.386527661433,35.9693110616685],[-105.383819368183,35.9670018014008],[-105.383798640752,35.9664336809293],[-105.383146758423,35.9659378392617],[-105.383090158326,35.9654654182147],[-105.381793669641,35.9652685252642],[-105.381912762313,35.9645423950448],[-105.383268550068,35.9637667719449],[-105.384485227545,35.9618819399215],[-105.386361230055,35.9617458997233],[-105.386778383975,35.9614227257551],[-105.387004499526,35.9605142458214],[-105.386407654807,35.9600435109803],[-105.38533601379,35.9601831640248],[-105.384913546459,35.960460678933],[-105.384862553243,35.961009649113],[-105.382273788206,35.9611593678574],[-105.382068121005,35.9616357101521],[-105.381449208391,35.9611387304455],[-105.38148513474,35.9602568679237],[-105.379600107549,35.9595985584482],[-105.380007889869,35.9590835610555],[-105.380691653709,35.9597898417237],[-105.381094452681,35.9597240073743],[-105.381293539451,35.9593047025301],[-105.380209115825,35.9584704191647],[-105.380471816899,35.95727266651],[-105.379749295159,35.9559180617514],[-105.380026585365,35.9553695705679],[-105.379537156253,35.9541339801478],[-105.379645080734,35.9537974168003],[-105.380013158949,35.9538022268207],[-105.380530077933,35.9525889386119],[-105.381171639198,35.9524332998238],[-105.380928634728,35.951034238692],[-105.381443355615,35.950068973057],[-105.382718875715,35.9498597608644],[-105.380231951327,35.9484066818486],[-105.379734906836,35.9473664555674],[-105.3796837742,35.9461282431556],[-105.375035769401,35.9440020223127],[-105.372735050813,35.9435977042504],[-105.371722025932,35.9429040679201],[-105.371403613271,35.9432869051956],[-105.372043462443,35.9449032245458],[-105.371010897943,35.9456525739948],[-105.369449957961,35.9454930482214],[-105.369262959965,35.9452481043754],[-105.370974638459,35.9447306553898],[-105.371091804701,35.9438829714461],[-105.370316598764,35.9432442226592],[-105.368842951655,35.9437363030961],[-105.368600746896,35.9423995789283],[-105.367124300134,35.942290322026],[-105.366965101919,35.9406374402605],[-105.365372124592,35.9401961970291],[-105.365643934422,35.9401268966507],[-105.365543865766,35.9396778152999],[-105.36618079532,35.9388069860953],[-105.3651093686,35.9376988226084],[-105.364890277351,35.9364637491362],[-105.365933361148,35.9363422807181],[-105.366563581989,35.9354071801539],[-105.366405915683,35.934844900811],[-105.366834090368,35.9338381123414],[-105.365861415186,35.9333818954617],[-105.366400585679,35.932109528577],[-105.367349570159,35.931566282167],[-105.366288258606,35.930172681018],[-105.366801286533,35.9300296519204],[-105.368531359446,35.9269823695743],[-105.366609952795,35.9268754972181],[-105.362837057532,35.9259040887097],[-105.362241367085,35.9265856587354],[-105.361205895535,35.9267516931139],[-105.360526918271,35.9273662908707],[-105.35979929985,35.9274597669747],[-105.359580086031,35.9270758165341],[-105.362676633424,35.92395532916],[-105.364182203084,35.9230025397479],[-105.365476262264,35.9227827599178],[-105.365704276931,35.9220834857454],[-105.364937187756,35.9218439014102],[-105.364026702464,35.9205808414438],[-105.364925107241,35.921321594911],[-105.368842005333,35.9231784967049],[-105.370172912254,35.9232357518722],[-105.367135007062,35.9217777981617],[-105.367166627609,35.9206751656545],[-105.365392743764,35.9195273665835],[-105.364256815997,35.9198437610608],[-105.361196316891,35.9224493440062],[-105.36109132436,35.9218193949792],[-105.362435250472,35.9205661516523],[-105.361201713701,35.9199354862528],[-105.361983753942,35.919194606246],[-105.36148788773,35.9180195800658],[-105.354214375904,35.9171997659441],[-105.352865934117,35.9167219149779],[-105.351934304574,35.9168977369249],[-105.35095196585,35.915943323823],[-105.35069070992,35.9134505064185],[-105.350061262856,35.9126547081319],[-105.348783310284,35.9092773816432],[-105.348776316373,35.9087395597052],[-105.349781614578,35.9080745966318],[-105.349504281329,35.9075622341575],[-105.349869352537,35.9067559654405],[-105.349275303534,35.9060276745974],[-105.348888602856,35.9062217923291],[-105.348046570088,35.9055192575564],[-105.347062969809,35.9056944412924],[-105.345715702429,35.9049774746229],[-105.346510479083,35.9037403753827],[-105.347530342606,35.9031405701489],[-105.345901637555,35.9027905732999],[-105.345761113215,35.9022139594885],[-105.346402905034,35.9014513354846],[-105.346297315278,35.9006219332719],[-105.347222527043,35.9002433874711],[-105.346971076286,35.8999874680182],[-105.345750247947,35.9003321245176],[-105.343911036862,35.8999348868935],[-105.34741015339,35.8965297232231],[-105.347054653013,35.8963205725124],[-105.344598859826,35.8971497426922],[-105.344047811306,35.8965567185874],[-105.342115232466,35.8971055608919],[-105.339751626479,35.8969820509215],[-105.337795557504,35.8951711477345],[-105.33704332145,35.8952837636701],[-105.337041769489,35.8939012226997],[-105.337495562078,35.8942149729719],[-105.337745653604,35.8940468093304],[-105.337494257771,35.8936045544861],[-105.337869285494,35.8935450444609],[-105.337811939251,35.8921789376718],[-105.33592830086,35.8917074705883],[-105.333739425208,35.8887411716883],[-105.335197495073,35.8869016415008],[-105.335999953851,35.8882820149097],[-105.336540701962,35.8885560265155],[-105.336893021077,35.8883921996893],[-105.336932379178,35.8877939473184],[-105.338044814549,35.8878216457263],[-105.340269939383,35.8887457455927],[-105.343227398925,35.8881219484212],[-105.34416958792,35.887254720962],[-105.344076358455,35.8862357598129],[-105.346674524562,35.8852649431649],[-105.346602067557,35.8842207608198],[-105.347792770371,35.8838851617367],[-105.348843657824,35.8839704934403],[-105.350064593172,35.8831824740694],[-105.350148900318,35.8826474429313],[-105.347511293482,35.8809520110224],[-105.348233668655,35.8798308539396],[-105.348397879432,35.8779165264708],[-105.349830489168,35.8778625094408],[-105.351206739623,35.8769772469569],[-105.351636957547,35.8769839558871],[-105.352018950295,35.8775072644063],[-105.352409764337,35.8769958509653],[-105.353143849896,35.8768839343443],[-105.353240176776,35.8772623263386],[-105.354187348858,35.8775775226297],[-105.35461040129,35.8770094825274],[-105.354971826135,35.877047621469],[-105.356185119132,35.8779106813377],[-105.35719161091,35.8771542410325],[-105.357446069999,35.8772963952333],[-105.357614034556,35.876662319482],[-105.356742189965,35.8762021787929],[-105.358841577823,35.8748883368525],[-105.359688287171,35.8733156941545],[-105.358378556645,35.8739982398481],[-105.357960683897,35.8738839140254],[-105.356530988624,35.8722105749545],[-105.355186823032,35.8715547876139],[-105.355500740246,35.871232874754],[-105.354933763891,35.8706720836452],[-105.355138369371,35.8702321386336],[-105.357125629532,35.8686790266662],[-105.35826923677,35.8691946489711],[-105.360565617452,35.8727720587201],[-105.362282799678,35.8718515411731],[-105.36272060686,35.8720105016697],[-105.36262075672,35.8725131791294],[-105.364185563598,35.8733699355221],[-105.365877316794,35.8749083869791],[-105.367641739307,35.8745299563731],[-105.368779548683,35.8749231752548],[-105.370081851488,35.8742704528869],[-105.369991328126,35.8737342833302],[-105.368399434806,35.8731756834806],[-105.367687175149,35.8737189510748],[-105.365897201655,35.8721187411043],[-105.365888967763,35.8708296920133],[-105.364955661579,35.8705041706131],[-105.364417099234,35.8706621966634],[-105.363518514468,35.8697477724001],[-105.363299945417,35.8690098692546],[-105.363034182352,35.8691857172342],[-105.363181484309,35.8686631847648],[-105.36393783327,35.86819202336],[-105.365670134398,35.8683630943524],[-105.366092096544,35.8674654894784],[-105.365439191583,35.86694400683],[-105.365423907402,35.8663484225774],[-105.361086233568,35.8659766698545],[-105.360356295457,35.8644569081779],[-105.361995614766,35.8634808223538],[-105.361884591054,35.862384152312],[-105.366340330591,35.861479992064],[-105.365890083261,35.8611733787325],[-105.367884330935,35.8610145365244],[-105.366666758131,35.8603693645815],[-105.367358905149,35.8597203849812],[-105.366079448384,35.8592364317217],[-105.363806389808,35.8575275114178],[-105.365627184091,35.8570155752755],[-105.367004245705,35.8575724021101],[-105.367138406921,35.8580720549544],[-105.367897779206,35.85817770992],[-105.368967221333,35.8571037668321],[-105.368981653902,35.856614813571],[-105.367337709283,35.8562148086149],[-105.36870063856,35.8556602469942],[-105.368555670608,35.8551697729915],[-105.369078010497,35.8549711587767],[-105.37001448781,35.8551951733613],[-105.370192201457,35.8560948433054],[-105.374065498965,35.8556357992961],[-105.374848918778,35.8557494274951],[-105.375158736973,35.8561921401848],[-105.375895293423,35.8559139743391],[-105.376284465186,35.8551083098865],[-105.376913042741,35.8547194867712],[-105.379379403515,35.8541181434484],[-105.37918420741,35.8539050319767],[-105.379478443288,35.8537402182861],[-105.382305020052,35.854028036745],[-105.382889952973,35.8536232338268],[-105.382531164786,35.8533419444771],[-105.382071859319,35.8518682287728],[-105.382524742828,35.8513687878262],[-105.383439981949,35.8510154778222],[-105.384525408022,35.8511529337107],[-105.385366828649,35.8504832870739],[-105.385733868973,35.8493802816489],[-105.386379513315,35.8489178845629],[-105.388481577221,35.8477943377236],[-105.389739604079,35.8474952570069],[-105.389954531483,35.8470649286026],[-105.391040413857,35.8465208651807],[-105.391738555568,35.8466131964464],[-105.392410103728,35.847136441654],[-105.39281913772,35.8465019390674],[-105.393642737629,35.8464260313433],[-105.393359806367,35.8454380600572],[-105.394091322306,35.8458975730461],[-105.39418938648,35.8463823262106],[-105.395295352882,35.8469714824724],[-105.395767257971,35.8468772390912],[-105.395344796993,35.8473766867134],[-105.396427878217,35.8481574791885],[-105.396791669097,35.8488777111435],[-105.39652075413,35.8475285157353],[-105.39692616174,35.8465133539061],[-105.397851189944,35.846225711347],[-105.398644293611,35.8472365023752],[-105.399159489134,35.8467498473297],[-105.398755438822,35.8465790803174],[-105.398126841576,35.845419095496],[-105.397268605659,35.8454308302116],[-105.39720872233,35.8449702364297],[-105.397808768355,35.8444900893369],[-105.398845457397,35.8443806398013],[-105.39948979776,35.8437883544858],[-105.400501621413,35.8458408812949],[-105.400359418281,35.8479539974422],[-105.400010418253,35.8478989803627],[-105.399851416046,35.8474044577485],[-105.399348605074,35.8476910693865],[-105.39901609312,35.8472134358775],[-105.398716520197,35.8477185495802],[-105.398400294337,35.8475952428788],[-105.39835238748,35.8479684565941],[-105.398020617641,35.8477983906102],[-105.396806489702,35.8489070529012],[-105.398151618379,35.8499604385268],[-105.399035040807,35.849855682959],[-105.398963450565,35.8490763217001],[-105.399589911435,35.8489841403916],[-105.399210171802,35.8486179737979],[-105.399734882028,35.8482575372815],[-105.400661433513,35.8484486340236],[-105.40159838803,35.8470046958368],[-105.402123824183,35.8472220282294],[-105.402580241249,35.8467879595729],[-105.402630044448,35.8470952157597],[-105.403075261096,35.8471736563713],[-105.40360421811,35.8464209827106],[-105.403997170548,35.8470659393904],[-105.405932016767,35.8470262098876],[-105.405379492611,35.8457491603954],[-105.399097374104,35.8435456535667],[-105.397764183911,35.844014604602],[-105.39887084066,35.8434661956503],[-105.398165676736,35.8429072225359],[-105.398777765304,35.8431605328647],[-105.399319032702,35.8429409864769],[-105.40019570375,35.8414859422038],[-105.400480816411,35.8428075498344],[-105.407057230416,35.8412563635651],[-105.407236544461,35.8408315407462],[-105.406710189929,35.8392861742752],[-105.407838439116,35.8394353045777],[-105.41047725333,35.8389308732008],[-105.41120072645,35.839410133611],[-105.410966282017,35.8396356657994],[-105.411059026085,35.8409254920743],[-105.4101204433,35.8415369076713],[-105.41304410497,35.8430901912262],[-105.413737318926,35.8437157080808],[-105.413502461069,35.8447673886264],[-105.414600831692,35.844981608113],[-105.414695576028,35.8453498946778],[-105.411977457737,35.8456992674433],[-105.415934426444,35.8460267561919],[-105.418568106373,35.8458658073319],[-105.418956260617,35.8465681198687],[-105.420471262917,35.846722315024],[-105.419587505946,35.8469333252673],[-105.419834709674,35.8474698213374],[-105.42077316712,35.8473830795784],[-105.421852545833,35.8486434114632],[-105.421650533247,35.8505541521711],[-105.422625545714,35.8517272394043],[-105.421426129235,35.8528011669757],[-105.420043886076,35.8534039179216],[-105.420877140991,35.8534591532316],[-105.421280380342,35.8530894914843],[-105.422305556213,35.853917371799],[-105.422651555924,35.8526152544574],[-105.423071280482,35.8528050888655],[-105.424180368291,35.8526685331063],[-105.424378496633,35.8529277862895],[-105.423860843874,35.8540637182854],[-105.423593078741,35.8540986441792],[-105.423399741672,35.853559350313],[-105.422682843381,35.8534576699735],[-105.422948460987,35.8541975133066],[-105.422328873956,35.8540998052125],[-105.422176957742,35.8544011734539],[-105.422710643492,35.8547600217422],[-105.422752256717,35.8555035230047],[-105.423469433793,35.8546978031628],[-105.423755547736,35.8547461079437],[-105.422476972733,35.856321639753],[-105.42239369295,35.8560555117604],[-105.421728989855,35.8563039496916],[-105.422167898521,35.8573542093398],[-105.422513021219,35.8572850627392],[-105.423058227584,35.8577577337319],[-105.423347837279,35.8593869833054],[-105.422626620624,35.8602406068486],[-105.422640539156,35.8606258978498],[-105.421879688216,35.8610710566154],[-105.421988290921,35.8622851668583],[-105.42167549687,35.8635317582571],[-105.420815707881,35.8631196529347],[-105.420748048323,35.8639081120619],[-105.419244262078,35.8647340300274],[-105.416418315659,35.8675323352729],[-105.415072454421,35.8695990460284],[-105.414372489549,35.870034396799],[-105.414352538112,35.8705390019784],[-105.413502005676,35.8711846148177],[-105.413143426277,35.8725618901789],[-105.412751996719,35.8727061159652],[-105.412395333258,35.8734492185869],[-105.412682592063,35.8743059228301],[-105.413105819937,35.8742106839956],[-105.413092553686,35.8731772815831],[-105.413601769404,35.8735991698717],[-105.414397732465,35.8718008391263],[-105.414774424747,35.8715630450685],[-105.415568393999,35.8718481498138],[-105.415838291335,35.8708860890057],[-105.416381772905,35.8706555663441],[-105.416613546514,35.8709506204532],[-105.418034813036,35.8708352643743],[-105.423063210641,35.8692694195669],[-105.423863020475,35.8685494436073],[-105.42515079445,35.8680567381992],[-105.42646650621,35.8680404197947],[-105.428803699085,35.8700087135472],[-105.428556659746,35.8710357462952],[-105.429242301616,35.8717259580685],[-105.430761872007,35.8720767613925],[-105.432396902851,35.8747957240988],[-105.433676112615,35.8756067851083],[-105.43484097319,35.8775635017548],[-105.434766568351,35.8778772572446],[-105.43521160489,35.8782203318721],[-105.437092100926,35.8784884456574],[-105.438364686429,35.8801798975096],[-105.432811800258,35.8648784229094],[-105.432811800139,35.8640227754961],[-105.431361952459,35.8622639450635],[-105.431956153851,35.8610517793221],[-105.431457024136,35.8597920760513],[-105.432645423642,35.8575816542373],[-105.43373875009,35.8572013659444],[-105.433740663295,35.8557438303977],[-105.432967430663,35.8555194878575],[-105.432209870037,35.8539395762523],[-105.43250465694,35.853354297596],[-105.431537482707,35.8526941866064],[-105.431053528379,35.8516844034734],[-105.429803977296,35.8509633791974],[-105.429098070086,35.8490264498028],[-105.429076573207,35.8479069657754],[-105.427208593916,35.8471643188387],[-105.427785489544,35.8466414354693],[-105.427540647544,35.8458228166143],[-105.428485413293,35.8458412705132],[-105.428149475136,35.8455411048298],[-105.428909435885,35.8450764306117],[-105.428524533624,35.8444550464931],[-105.42782113484,35.8397520988237],[-105.424908931989,35.8394006468524],[-105.423904132556,35.8390189009053],[-105.423839680767,35.83831381146],[-105.424390911573,35.83786904076],[-105.428114413825,35.8379973771812],[-105.42721166172,35.8368402261449],[-105.424117935272,35.8356164693775],[-105.423513245441,35.8349979026568],[-105.424160085988,35.8347647043627],[-105.424281543687,35.834189833634],[-105.423956274783,35.8324400387275],[-105.423099026287,35.8317012339682],[-105.422939352357,35.8305303817594],[-105.423209784023,35.8302153387577],[-105.422232006128,35.8290028018946],[-105.423081410118,35.8284814156825],[-105.423203149656,35.8274166523068],[-105.431585703894,35.8274424887595],[-105.427306950732,35.824594550164],[-105.425810065608,35.8221024757485],[-105.424022622025,35.8216508478323],[-105.425302798289,35.8212579144577],[-105.424920419338,35.8173446523339],[-105.424371623198,35.8178556829374],[-105.424265623543,35.8186646137648],[-105.424942512179,35.8205967073499],[-105.423017790143,35.8198520867992],[-105.422254899714,35.8206340519819],[-105.420436675777,35.8210277613856],[-105.415302943564,35.8198328480886],[-105.414560388078,35.8212838705288],[-105.414024771454,35.8213539444396],[-105.413125442836,35.8204845323871],[-105.413372490011,35.8188471738789],[-105.413085408896,35.8186738877323],[-105.412653902791,35.8192895846925],[-105.412372101932,35.8192569098286],[-105.411422107935,35.8185387275092],[-105.410444091716,35.8185865178279],[-105.41029937319,35.8179586334243],[-105.410488310832,35.8172072373002],[-105.411323077158,35.8170813657063],[-105.411514631121,35.8166292229217],[-105.412178152128,35.8164595783761],[-105.415031130708,35.8168810746616],[-105.416172543654,35.8164767493044],[-105.414500303482,35.8158472196334],[-105.415243969917,35.8156580485575],[-105.414704871415,35.8153973043437],[-105.414144401045,35.8141896642321],[-105.413552265601,35.8142507044432],[-105.41287175112,35.8149435680208],[-105.411979098843,35.8150568773569],[-105.412329471481,35.8157477114938],[-105.411073416863,35.8156829072325],[-105.411155226379,35.8152238109279],[-105.411864458564,35.8147046945453],[-105.412541165594,35.8127039378152],[-105.412252314546,35.8122559622969],[-105.413013418978,35.8114193247614],[-105.413090709381,35.8103169387615],[-105.411781643756,35.809221693935],[-105.411372598082,35.8082897730701],[-105.411614035252,35.8075936501238],[-105.412991172882,35.80661519167],[-105.412851757482,35.8052263194526],[-105.413119976622,35.8045296377959],[-105.415194911667,35.8033154589458],[-105.412962984877,35.7969909092553],[-105.41751043655,35.7882069402069],[-105.418210103451,35.7858882976047],[-105.41735607995,35.782039385125],[-105.415674948925,35.7783905991662],[-105.415211944018,35.7762799506449],[-105.415856908413,35.7731529945807],[-105.417612402471,35.7707315279997],[-105.418982990627,35.7671543812706],[-105.419406296179,35.7672125013463],[-105.419572078487,35.7668267610999],[-105.420063206347,35.7678135327232],[-105.421448469821,35.7676363552496],[-105.421557088538,35.7670867823631],[-105.419935955741,35.765482358448],[-105.419948035174,35.7646994404635],[-105.420987110621,35.7638627722982],[-105.420960770468,35.7634807253872],[-105.420373151887,35.763122422754],[-105.420315916351,35.7627522398716],[-105.418769145101,35.7625978439982],[-105.42106237422,35.7617266896791],[-105.421226911072,35.7612971747386],[-105.42067025283,35.7608221436577],[-105.420083655556,35.7609992248401],[-105.418963534756,35.7607696526931],[-105.418946005642,35.7605138656393],[-105.420836114827,35.7583630090268],[-105.420876906876,35.7570242037662],[-105.420255347717,35.7559478720768],[-105.420622052633,35.7561833855678],[-105.421362605444,35.7559659703075],[-105.421558233847,35.7555917026155],[-105.420388729025,35.7552260711092],[-105.419554036986,35.7554263957024],[-105.418852062979,35.7550716808921],[-105.419179215027,35.754379875915],[-105.419606441132,35.7541979264413],[-105.419192497812,35.7538923829413],[-105.41935283967,35.7536881337363],[-105.416903204253,35.7542164470988],[-105.416864448847,35.7534916090344],[-105.416163924601,35.7541320921914],[-105.416206817823,35.7535463660725],[-105.416718456078,35.7533477251825],[-105.416082602679,35.7528406167537],[-105.416649375027,35.7518555447977],[-105.416525244706,35.7515258764824],[-105.416005787681,35.750919853794],[-105.415333008075,35.7511975985567],[-105.415603481783,35.7515941365227],[-105.415325222513,35.751729386352],[-105.415429367285,35.7514676711019],[-105.41445901445,35.751614867787],[-105.413454946166,35.750522202656],[-105.41293916813,35.7504125739843],[-105.412793152232,35.7496225828926],[-105.413525044372,35.7497519806011],[-105.413616005959,35.7494346160758],[-105.414448714702,35.7492958717559],[-105.413556852385,35.7487403267263],[-105.412789888693,35.7472633870439],[-105.412059125028,35.7470433495087],[-105.4119943555,35.7463334486279],[-105.412540850441,35.745432633825],[-105.411937296497,35.7454995828999],[-105.411252614151,35.7451289769989],[-105.412346534347,35.7442106579997],[-105.413928989418,35.7434804963637],[-105.411758139234,35.7428782149399],[-105.413959124558,35.742809485819],[-105.416802852974,35.7412357996466],[-105.417528847563,35.7415418719132],[-105.417988665034,35.7413637360717],[-105.41806881908,35.740906110592],[-105.417474160055,35.7408802331777],[-105.418810159,35.7399726098663],[-105.419064418564,35.7389593698257],[-105.419730591501,35.7394493499171],[-105.420672587749,35.7385045126683],[-105.420605032214,35.7380870921827],[-105.420268970529,35.7382377029406],[-105.420426906339,35.7377035579678],[-105.419459088754,35.7364684087698],[-105.419874641157,35.7359752176822],[-105.421001507732,35.7358905943886],[-105.421654273389,35.7350352779351],[-105.421272623657,35.7341665062873],[-105.42056164132,35.7336828507355],[-105.421200051612,35.7334119968532],[-105.422178384598,35.7340055361427],[-105.422839143892,35.7333219386334],[-105.423778050686,35.7332715281917],[-105.423739876733,35.7328099711061],[-105.424303281135,35.7328280504811],[-105.424953706892,35.7322469359305],[-105.4257462688,35.7305885352283],[-105.425006559164,35.7307338786881],[-105.424533111917,35.7313189189571],[-105.423056956606,35.7305518671779],[-105.423041957887,35.7301464202778],[-105.422631893998,35.7304137069518],[-105.422932256658,35.7293589765777],[-105.422193781638,35.7293729367128],[-105.421536334728,35.7279676487134],[-105.421214165724,35.7282497817564],[-105.420724418535,35.7277130349454],[-105.420410002663,35.7280000859761],[-105.42094959778,35.7267685172434],[-105.419633899968,35.7264054395892],[-105.417356666064,35.7275183332408],[-105.417685000118,35.7279916666271],[-105.417558333404,35.7285716662363],[-105.418134999875,35.7289216664137],[-105.417069999605,35.7291283332823],[-105.417036666615,35.7295116666907],[-105.415768330189,35.7292312667956],[-105.415969207092,35.728724036307],[-105.415019895756,35.7282247153371],[-105.413514929453,35.7282567650443],[-105.412276800501,35.7287341832936],[-105.412713322917,35.7279645413828],[-105.412480993641,35.727480611064],[-105.412230518005,35.7276615867298],[-105.412122854537,35.7270017428594],[-105.410284409486,35.7257570763913],[-105.410336888433,35.7252337149379],[-105.40900568389,35.724383004428],[-105.408668829669,35.7250707940482],[-105.408169817334,35.7251240247874],[-105.407812862719,35.724753480031],[-105.403943003523,35.7245998719087],[-105.403892550923,35.7242928328796],[-105.402440551709,35.7248053957314],[-105.401634011962,35.7254770682492],[-105.401515441427,35.7250696969153],[-105.400612478885,35.7247953419038],[-105.402191291988,35.7237396913545],[-105.403606975598,35.7222440096463],[-105.401619217398,35.7211884541106],[-105.401529597672,35.7204244319786],[-105.400050871689,35.7204244320646],[-105.399468344054,35.7212612183555],[-105.398841005113,35.7210429264841],[-105.397702153006,35.7213880407478],[-105.396976608032,35.7221708678598],[-105.395132750161,35.7216403603115],[-105.392744050223,35.7220001904182],[-105.39180585502,35.7230439392195],[-105.392245935394,35.7238938871311],[-105.391150768371,35.7238105501622],[-105.390798196413,35.7230812369852],[-105.388892758816,35.7247431954039],[-105.388557482572,35.7242355872984],[-105.386976403539,35.7256325570218],[-105.385068507959,35.725546471338],[-105.383382495987,35.7268952904146],[-105.382208258831,35.7266044779745],[-105.381426719625,35.7275422610304],[-105.379553491845,35.7267731842404],[-105.378626061306,35.7269847348593],[-105.378084513832,35.7266934188939],[-105.378110081949,35.72744269259],[-105.377620143275,35.7279863239327],[-105.374899946137,35.7293608022962],[-105.374065106507,35.7288791552566],[-105.3710663478,35.7296316700562],[-105.36872680936,35.7291489670136],[-105.367009175929,35.7298339095308],[-105.364755988742,35.729919548721],[-105.363461028817,35.7335547792277],[-105.36217868689,35.7333770371498],[-105.361803367117,35.7329961605357],[-105.360708684327,35.7331485116563],[-105.360614854447,35.7343425405173],[-105.361096138259,35.7345131522322],[-105.361057686485,35.7348829110529],[-105.360582761601,35.7349878404195],[-105.36102006496,35.735182620721],[-105.360962413864,35.7361946283211],[-105.358798823106,35.7358557398398],[-105.357922121169,35.7352621454048],[-105.357544348067,35.7358006212515],[-105.35766257383,35.7365506764298],[-105.357136680775,35.7373542731676],[-105.356518434905,35.7369934428557],[-105.353280142267,35.7375119784178],[-105.353083709252,35.7378418108271],[-105.35352316434,35.7385239331231],[-105.352737196959,35.7382298313859],[-105.351568418651,35.7387937107851],[-105.35201225044,35.7392621326032],[-105.352214364693,35.7404587798625],[-105.351561711957,35.7403188544709],[-105.350251357684,35.7408994306195],[-105.350825264925,35.7415277981847],[-105.353045906004,35.7409945704767],[-105.355297825045,35.7411215293333],[-105.355360377965,35.7406390854282],[-105.355954634634,35.7401058578105],[-105.358675701944,35.7393948882271],[-105.359832937535,35.7411215287728],[-105.361378656016,35.7413994985121],[-105.360065766568,35.7432802745544],[-105.357706126254,35.7445240279303],[-105.356843313979,35.7446741279702],[-105.355787819884,35.7443409532864],[-105.355514576858,35.7446450811214],[-105.354179343796,35.7446696386664],[-105.352147169569,35.7456959559862],[-105.35185715806,35.7461373693852],[-105.348481815927,35.7463313971605],[-105.348403400642,35.7449742917318],[-105.347908198542,35.744739684079],[-105.347815501983,35.7451655230339],[-105.347252911593,35.7451628402121],[-105.34707107638,35.7449428718859],[-105.347476889142,35.744624396092],[-105.347214883099,35.7442158351989],[-105.346578149149,35.7446200297181],[-105.345730156086,35.7437828828057],[-105.345047357564,35.7437116317168],[-105.342860450375,35.744617675999],[-105.342674271735,35.7442404748622],[-105.340695242044,35.7435988834025],[-105.339021585212,35.7423363313699],[-105.338229042891,35.7421363601575],[-105.337059870184,35.7426506048985],[-105.336112024093,35.7417803108473],[-105.332920371453,35.742168358411],[-105.330558136544,35.7429207097241],[-105.32871744509,35.7443224456434],[-105.327804117237,35.7455869141516],[-105.327971723503,35.7459546849631],[-105.329008788062,35.7459256565323],[-105.329773784506,35.7470565494666],[-105.329746253818,35.7512571677338],[-105.328668184716,35.7520127908783],[-105.328179726934,35.7512714171253],[-105.326835430452,35.750616539997],[-105.326452448676,35.7515786884465],[-105.325867949902,35.7520950959902],[-105.325993056202,35.7535932116249],[-105.326430930311,35.7544565320267],[-105.326055609199,35.7546850573949],[-105.325626649422,35.7541892822694],[-105.325939234189,35.753963689004],[-105.325222275415,35.7535998682483],[-105.324839123026,35.7529349743872],[-105.32519798464,35.752625275079],[-105.325222275855,35.7520354397561],[-105.324320485212,35.7511095462316],[-105.323952826483,35.7511022328627],[-105.323633816411,35.751497729281],[-105.32397251119,35.7524389667231],[-105.323676822112,35.7539270244903],[-105.322896669178,35.754507314615],[-105.322709009031,35.7553198521763],[-105.320832410193,35.7557769033193],[-105.31958134414,35.7563609144965],[-105.319331131854,35.7568179670773],[-105.318709291073,35.7566092036045],[-105.319352182206,35.7556736440726],[-105.319262562677,35.7551279144288],[-105.318545604324,35.7549823855736],[-105.317873456257,35.7552370600138],[-105.31670839958,35.7561102290959],[-105.315677771948,35.7574563647033],[-105.315364103147,35.7589480296709],[-105.314413051334,35.7603104171089],[-105.313550765236,35.7601659363354],[-105.313360418194,35.7605332256553],[-105.313035030214,35.7595036681405],[-105.312906095687,35.7597825169069],[-105.312261427224,35.7597825169353],[-105.312462496987,35.7601639417669],[-105.310643598487,35.7596292953906],[-105.30896719935,35.7597265039639],[-105.306572344683,35.7607957960382],[-105.305694072189,35.762134284772],[-105.304393242593,35.762493047126],[-105.302621181776,35.7620296699899],[-105.302139199102,35.7624171004729],[-105.302176074924,35.7633709617368],[-105.300469807774,35.7633731587751],[-105.300348988291,35.7638379783199],[-105.299670528129,35.7643141774233],[-105.299812660515,35.7646284961295],[-105.300450046621,35.7646368948138],[-105.30018461895,35.7651155238831],[-105.30091524408,35.7651155240389],[-105.301302138548,35.7666838569218],[-105.299590950021,35.7651497159258],[-105.296790994964,35.763545858977],[-105.296437601356,35.7627847065181],[-105.294507535721,35.7627847059798],[-105.292441552112,35.7622953938459],[-105.288989178855,35.7631924666586],[-105.287901817144,35.7621051058882],[-105.287187677458,35.7607184303649],[-105.287062087789,35.7620935442616],[-105.286703338486,35.7625881333707],[-105.283535833322,35.7631336782598],[-105.282138731296,35.7621135160585],[-105.282650231853,35.7622062584102],[-105.283612965966,35.7594388429241],[-105.281437483152,35.758426879916],[-105.280854123975,35.7593524222227],[-105.280199560469,35.7591250120302],[-105.278971505642,35.7607969361835],[-105.276530766695,35.7606182974453],[-105.273195948225,35.7643416605405],[-105.276904339059,35.7655239109496],[-105.277631398164,35.7662592297742],[-105.27728810822,35.7663989640931],[-105.277367827988,35.7667689510733],[-105.278096612497,35.7666393202811],[-105.277946316525,35.7679027999771],[-105.275483394668,35.7688155480861],[-105.274721958959,35.767733728057],[-105.27462585609,35.7668345924645],[-105.272419813842,35.7651294058149],[-105.271101057727,35.7651626755267],[-105.270125085672,35.7667470347767],[-105.272119194775,35.7678353794535],[-105.271256583984,35.7677257003125],[-105.270173411238,35.7685409416919],[-105.269646052006,35.7684406633274],[-105.269755591975,35.7686693216554],[-105.267682677783,35.7678985002291],[-105.265348903816,35.7664335749145],[-105.264747518109,35.7666712200675],[-105.265302409133,35.7670545907213],[-105.264652476172,35.7671017205815],[-105.265114449338,35.7674833002835],[-105.26426217618,35.7673824472108],[-105.264125800359,35.7678711199448],[-105.263137543642,35.7681404623181],[-105.263236410575,35.7686591265394],[-105.262667819599,35.7687127279531],[-105.261921513359,35.769414314107],[-105.261724669099,35.7698814423664],[-105.262060361216,35.7702273902691],[-105.261588680428,35.7705673311051],[-105.261995652556,35.7712331823833],[-105.260173561607,35.7728336169177],[-105.259957936586,35.7735222949826],[-105.259114208309,35.7734356950777],[-105.258564097268,35.7739538801765],[-105.257629759375,35.7738003025387],[-105.256245184369,35.772990474599],[-105.255441152056,35.7711376566188],[-105.255843267609,35.7710207427985],[-105.257896013337,35.7732135074833],[-105.258838117659,35.7732474016985],[-105.259539691517,35.7725190802177],[-105.259185014511,35.7719597397506],[-105.259684085207,35.7719183416096],[-105.259477721424,35.7717209955172],[-105.25991102249,35.7715066324388],[-105.259657173455,35.7712316366261],[-105.259671600888,35.7701196137816],[-105.26098992685,35.7700872185205],[-105.26155412738,35.7688819404988],[-105.260151000803,35.7685931000646],[-105.259913109037,35.7682263675029],[-105.261777955806,35.7645048261681],[-105.26161488198,35.7639815592716],[-105.260651109934,35.7642533796559],[-105.258360934807,35.7672014462287],[-105.257950260243,35.7683865681814],[-105.255794498702,35.7689463099267],[-105.255127043579,35.7685814923],[-105.254588582078,35.7675653982929],[-105.254499120012,35.7665245071525],[-105.255435084551,35.7631657772518],[-105.256085653126,35.7630504598115],[-105.257817616749,35.7612472496078],[-105.258094460212,35.760605788036],[-105.257959481203,35.7599792389555],[-105.257430440086,35.7598695920255],[-105.257589256587,35.7593842141476],[-105.25923929996,35.7582534064375],[-105.260164357142,35.7581731407683],[-105.26032657614,35.7584141258589],[-105.261582710823,35.7576411491005],[-105.261833626749,35.7563139503202],[-105.262916996392,35.7554573396797],[-105.266082828232,35.7516143055518],[-105.266056839575,35.7511369965416],[-105.264449706696,35.7508198325256],[-105.26612621592,35.7498051235644],[-105.264899787209,35.7473057720885],[-105.261389786242,35.7433857713166],[-105.257129785218,35.7427557719612],[-105.248138054902,35.7475693454839],[-105.241769546241,35.7402015947538],[-105.239844208366,35.7364521659492],[-105.240626298916,35.7324546266268],[-105.249810474645,35.7337070125998],[-105.249726983027,35.7307012833799],[-105.258738601988,35.7319912112918],[-105.258657169985,35.728637641982],[-105.259781481051,35.7263168206077],[-105.259424198125,35.7253313799881],[-105.258046018434,35.7253360436791],[-105.256618122084,35.7258239845057],[-105.257085376296,35.7272890483699],[-105.256156498246,35.7289806192485],[-105.254950460007,35.7295965728097],[-105.253431955635,35.7288073844735],[-105.251985873656,35.7287737501861],[-105.249662048339,35.7281069507444],[-105.248351230045,35.7262671142535],[-105.249715392754,35.7248066263304],[-105.253196695073,35.7231862371077],[-105.255580778914,35.7214122033537],[-105.252862692918,35.713207882891],[-105.252618173357,35.7107966551545],[-105.252136818263,35.7091392225632],[-105.25148759472,35.7081215505091],[-105.251376257188,35.7059769420457],[-105.252338091775,35.7012925310112],[-105.253787678467,35.6977145436398],[-105.253939501386,35.6944040916205],[-105.254740947331,35.6912246711885],[-105.256352118845,35.6875138989782],[-105.255049115829,35.6860602060866],[-105.256344070874,35.6849982112529],[-105.258781427377,35.6859198357025],[-105.259396664128,35.6844006746955],[-105.262641073608,35.685303615239],[-105.267505419241,35.6848660505161],[-105.270018064202,35.6852446106897],[-105.272706228178,35.6849801050469],[-105.272743364436,35.683754567668],[-105.27362155914,35.6805121401999],[-105.273091967363,35.6766706610975],[-105.273384699479,35.6764293292719],[-105.273189965054,35.6749723919114],[-105.273771815825,35.6738649841543],[-105.273440758678,35.6730250415547],[-105.273700204559,35.6716664922396],[-105.272483400913,35.6689367193744],[-105.273212379724,35.666280377968],[-105.274451686468,35.6681196958328],[-105.275231573577,35.6682682446186],[-105.275565812,35.6671541219871],[-105.275083024589,35.6661142737143],[-105.275974322818,35.6656314872736],[-105.276754209499,35.6664113727191],[-105.276791346938,35.6655200734645],[-105.277756920588,35.6649630115828],[-105.279910893504,35.665520073078],[-105.279747584865,35.6658466934591],[-105.284035751409,35.6663403219505],[-105.284241264847,35.6668681013325],[-105.286155587532,35.667148379621],[-105.287369569137,35.6671953268579],[-105.287786643424,35.6668734936065],[-105.288523122182,35.6671961614933],[-105.289147017353,35.66672739051],[-105.290309097177,35.6670558024049],[-105.291101362333,35.6668141200214],[-105.290776846585,35.666382405852],[-105.291885501665,35.6663065257544],[-105.291693063438,35.6658091572925],[-105.293281753098,35.6660957747899],[-105.293367781647,35.6657434203403],[-105.292906379445,35.6653385895684],[-105.294443695025,35.6645110416397],[-105.295609147526,35.6643656260633],[-105.29653931838,35.6622603158328],[-105.293647442545,35.6596006372523],[-105.293503138156,35.6579411408826],[-105.29389997421,35.6554879719397],[-105.294910102443,35.6551272115583],[-105.296000756906,35.6542535302571],[-105.297909684974,35.6540795346684],[-105.298301250287,35.6534677142832],[-105.300948162368,35.6532256833263],[-105.301579130808,35.6528055769085],[-105.299056077228,35.6522971438097],[-105.295797571055,35.6528400841143],[-105.295031374546,35.6522484371738],[-105.294127015379,35.652781452646],[-105.292211712857,35.6530138175671],[-105.289332218672,35.6541297262737],[-105.289058627279,35.6537968691391],[-105.289743038859,35.6536491629089],[-105.290544516705,35.6529128276778],[-105.289886926599,35.652791194619],[-105.290086304854,35.6526258933161],[-105.289863198578,35.6518543309475],[-105.289153985668,35.6519279282485],[-105.28750462666,35.6524548568654],[-105.288013673403,35.6536485728037],[-105.287565006844,35.6533364042228],[-105.286826799763,35.6533862329477],[-105.287575619742,35.6543700430668],[-105.288208933987,35.6545814755752],[-105.287353145472,35.654846303373],[-105.286468184289,35.654699471926],[-105.28416597297,35.6539172849523],[-105.283965621429,35.6534261988526],[-105.282595107135,35.652545341461],[-105.281712296592,35.6499862679503],[-105.281247841224,35.650665087352],[-105.280653642195,35.6505165391146],[-105.281840363011,35.6471725635997],[-105.28144918134,35.647053885147],[-105.281030234053,35.6463031878878],[-105.28058300165,35.6471661031886],[-105.280653643287,35.6477312288555],[-105.279390968229,35.6498109271161],[-105.277756920655,35.6505908116927],[-105.277003379763,35.6505920331819],[-105.276485795886,35.6500878195947],[-105.276274403777,35.6492130835163],[-105.275320879714,35.6483874667005],[-105.275114431181,35.647254525774],[-105.275948096957,35.6468866025271],[-105.276203576971,35.6443305834781],[-105.275843657101,35.6411576137866],[-105.276156387664,35.6399732922431],[-105.275431686695,35.6391379937786],[-105.276477414639,35.6379191386094],[-105.276133754547,35.637059113152],[-105.276340620438,35.6356956279997],[-105.276089246261,35.6342074217768],[-105.275766459281,35.6341322362115],[-105.275477367076,35.6322836075338],[-105.274141793697,35.6283138118706],[-105.273620272656,35.6278827721996],[-105.273565789048,35.6266344553089],[-105.272983499554,35.6252581877305],[-105.272511430552,35.6245874676488],[-105.271720931718,35.6242226458359],[-105.271877590724,35.623511902145],[-105.270972260951,35.6229522845067],[-105.269601567628,35.6195331797502],[-105.269207617328,35.6176092390989],[-105.268583963365,35.6179469837879],[-105.268977791158,35.6166053551997],[-105.268528550554,35.6151052007796],[-105.268452373515,35.6123467994285],[-105.267601499061,35.6103190730259],[-105.267784118911,35.6093056716648],[-105.266893474642,35.6084200911587],[-105.26689674979,35.6081216728349],[-105.267644408026,35.6083908134693],[-105.267881470352,35.6078087529395],[-105.267399278634,35.6072984105352],[-105.26741239629,35.6061921446608],[-105.267870310925,35.6049390279312],[-105.269435304644,35.606029372812],[-105.269196804543,35.6048139596395],[-105.268468961423,35.6036134384616],[-105.268732447251,35.6027905536086],[-105.267849322404,35.6027119148194],[-105.268033064428,35.6008752151813],[-105.267610154985,35.5993345420328],[-105.268140896274,35.5975267381381],[-105.26879435698,35.5965941519704],[-105.268229770564,35.5958496751096],[-105.268089394339,35.5921168942055],[-105.26695749147,35.5905661113623],[-105.266974556576,35.5891199303346],[-105.266327199089,35.5877635520875],[-105.266040921102,35.5846890632472],[-105.266510241672,35.5833367727756],[-105.265016858832,35.5787786374541],[-105.265386276015,35.5774241036381],[-105.265222089641,35.5759053818555],[-105.265755695054,35.5753307323383],[-105.266043019961,35.573524685236],[-105.264565346198,35.5729089876818],[-105.263744415203,35.5732784068324],[-105.263169764553,35.574017244864],[-105.262882438581,35.5704872439772],[-105.262102556647,35.5701999198269],[-105.262595113333,35.5684349199174],[-105.262307787793,35.5676960825953],[-105.259352438969,35.5655206179525],[-105.259557671496,35.5646996883557],[-105.261938369593,35.5638787581714],[-105.263498136903,35.564207130321],[-105.2680220117,35.5637575771587],[-105.269734114753,35.564545498315],[-105.270649151561,35.5654413434789],[-105.270828050488,35.5668675732443],[-105.271284291934,35.567614281114],[-105.272045652624,35.5670118974126],[-105.272405227342,35.5654385236756],[-105.272959899245,35.564771968321],[-105.273284002635,35.5630240722029],[-105.274123135755,35.5628875327345],[-105.278471889027,35.5635500611584],[-105.280111712406,35.5646180273286],[-105.284590243983,35.5656951158019],[-105.287317122972,35.5669636320602],[-105.287648454539,35.5668448954654],[-105.287651431283,35.5672297664983],[-105.288180151657,35.5672836752481],[-105.288938981858,35.5680838015503],[-105.289222915878,35.5692356872654],[-105.293111779842,35.5686752923485],[-105.294123893438,35.5687906493701],[-105.296937044814,35.5708390602006],[-105.297865924534,35.570326862899],[-105.299065896174,35.5710653076776],[-105.301588918404,35.5736806357075],[-105.302635050016,35.573865245249],[-105.302727356345,35.5752498310894],[-105.303311958411,35.5759267382623],[-105.311650237752,35.5779266943367],[-105.314296333732,35.5780190006508],[-105.315004010968,35.5786651393283],[-105.317834718214,35.5791266668615],[-105.320419277375,35.5802343353103],[-105.322326927347,35.5817419947337],[-105.326986234523,35.5836334424325],[-105.329034470619,35.5830284799125],[-105.331645698104,35.5834926984199],[-105.332748218244,35.5847112713407],[-105.331744883936,35.5849672515281],[-105.331077441882,35.5847101051636],[-105.331132974396,35.5844112983973],[-105.328686307025,35.5839569171672],[-105.328345103786,35.5842621637529],[-105.328909897414,35.5847191401638],[-105.328971063055,35.5859332541813],[-105.33002729674,35.5853526900723],[-105.330220644333,35.5859694494747],[-105.329760444272,35.5862134340892],[-105.329983032489,35.5864997548732],[-105.330814053218,35.5861274308715],[-105.333487274564,35.586201557359],[-105.335591555131,35.5847112715895],[-105.336984209593,35.5855816809119],[-105.335707608322,35.5866261713104],[-105.336287881817,35.5874965815119],[-105.344817894136,35.5856397088923],[-105.34690687627,35.5866841980132],[-105.344817894642,35.5877867174733],[-105.346036465527,35.5890633171921],[-105.345862386136,35.5906880822364],[-105.347835312753,35.5926610089655],[-105.347603203831,35.5947499924924],[-105.346143422612,35.5992593212906],[-105.342896698726,35.5996010825822],[-105.342768539057,35.6002846035019],[-105.34195685737,35.601096283063],[-105.340888856382,35.601309885439],[-105.340034454338,35.6031041259399],[-105.341697364302,35.6040383471661],[-105.342765026942,35.6040014915179],[-105.343177418611,35.6049254112362],[-105.342926254991,35.6057250238929],[-105.346746322583,35.606799759924],[-105.347109182576,35.6074211067912],[-105.347092264394,35.6089318145708],[-105.346511036811,35.6093658933718],[-105.346243681049,35.6106790157068],[-105.348440420178,35.6110662300871],[-105.348243826657,35.6129705585066],[-105.3490237134,35.6136390328797],[-105.350546348276,35.6137504455486],[-105.352508712275,35.6128015777678],[-105.353363113407,35.6127161362452],[-105.353719293849,35.6141181865783],[-105.353005509563,35.61459363911],[-105.354211547933,35.6156015716322],[-105.353405934083,35.6157187313069],[-105.353324693993,35.616189046684],[-105.353740172473,35.6163872051287],[-105.35552919956,35.6161606727111],[-105.355926723919,35.6148919352967],[-105.357610808326,35.6133766344177],[-105.359646297316,35.6131262198779],[-105.361183336965,35.6116090599191],[-105.364472898319,35.6102966604549],[-105.36571191627,35.6090816469876],[-105.36639818622,35.6089695125578],[-105.36689803309,35.6090566894049],[-105.367015547327,35.6104309395834],[-105.367744207041,35.6104935887993],[-105.368963868176,35.6097469121731],[-105.370755212807,35.6102171209599],[-105.373975812371,35.6100775640192],[-105.374416174087,35.6108774918673],[-105.373590595461,35.6119210758286],[-105.375022224735,35.6120105504294],[-105.376725204665,35.6116699545383],[-105.376697432918,35.6121281950286],[-105.377359599869,35.6128220075242],[-105.3767654008,35.6157187292245],[-105.376913950746,35.616795716148],[-105.377445046845,35.6171664810813],[-105.378257560574,35.6169264160923],[-105.378814634321,35.6135218169978],[-105.379715495289,35.6130518033446],[-105.380977089188,35.6111798071851],[-105.383897697465,35.6111019240931],[-105.385182765589,35.610751451064],[-105.38619524318,35.6082591968409],[-105.386039476972,35.6074024849744],[-105.387013014203,35.6069741283907],[-105.388525527106,35.6080531200074],[-105.390749358537,35.6069215974136],[-105.391826898844,35.6053903569881],[-105.392138817336,35.603547197912],[-105.391543333439,35.6028666475634],[-105.389841955564,35.6028666472475],[-105.387063036964,35.6019308883737],[-105.385701936428,35.6003429368778],[-105.381223233636,35.5970992591773],[-105.380776797323,35.5961373472674],[-105.378067532693,35.5968969989341],[-105.378531749818,35.6004366633495],[-105.377719367709,35.6017712910699],[-105.375340248404,35.602061428239],[-105.374527867573,35.601016936651],[-105.376732903988,35.6007848273375],[-105.376500794757,35.5974192454278],[-105.375920520528,35.5963747538058],[-105.377255150319,35.5945759078811],[-105.379460186105,35.5933573348737],[-105.380272568159,35.5914424337938],[-105.382767741711,35.590572025521],[-105.385146859564,35.5902238599915],[-105.386713597803,35.5893534508161],[-105.388744551806,35.5900497792395],[-105.390601425366,35.5898756975092],[-105.390659452994,35.5890633144537],[-105.393154626104,35.5892954239745],[-105.393676872511,35.5888312056187],[-105.395402239614,35.5895089871716],[-105.395268602235,35.5898116682542],[-105.392520889385,35.5903433838021],[-105.392257199746,35.5909414703682],[-105.392705942079,35.5919211150501],[-105.396051985429,35.5909002876597],[-105.397356373921,35.5908435760264],[-105.398717478204,35.5899078181616],[-105.399256246872,35.5890004146418],[-105.40112776452,35.5892556228969],[-105.4016381757,35.5886601393765],[-105.402659003558,35.5887168525755],[-105.403311197272,35.5900495984577],[-105.404072267247,35.5896733329762],[-105.404590560249,35.5892730861593],[-105.404304186664,35.5888729503771],[-105.403099487173,35.5876949621897],[-105.401380403085,35.5868645871765],[-105.401844412519,35.5860899000903],[-105.401667439535,35.585457325488],[-105.403584333638,35.5859447981214],[-105.403765368869,35.5863303754892],[-105.403352943921,35.5868116466368],[-105.40426994676,35.5870988937711],[-105.405067873577,35.586979079738],[-105.405408068962,35.5865788515472],[-105.405494116929,35.5851515025914],[-105.403763744799,35.5830213924312],[-105.400587630699,35.5817463466663],[-105.399120561683,35.581598571131],[-105.397592109151,35.5808376820945],[-105.397276745287,35.5803188274998],[-105.397598906261,35.5800887911237],[-105.401077662243,35.5808397496761],[-105.402991069123,35.5807571856342],[-105.403950211704,35.5791510012952],[-105.405421222606,35.5788349717077],[-105.406791317028,35.5776435907926],[-105.407894627512,35.5773618439056],[-105.408421053586,35.5746391182545],[-105.407611184683,35.5736393586233],[-105.408383183394,35.5738204139402],[-105.408478984603,35.5735991541702],[-105.407728826315,35.5723254261867],[-105.407678677132,35.5716594250606],[-105.409073287759,35.5702514694767],[-105.409772224229,35.5700412271911],[-105.410331471184,35.570289883133],[-105.409632786702,35.5709122501798],[-105.409503415417,35.5728441450755],[-105.410003420641,35.5729186900706],[-105.410767604227,35.571576255519],[-105.411761365339,35.571509600922],[-105.411636180454,35.5710049224313],[-105.412879455475,35.5709997240304],[-105.413350612318,35.571446595332],[-105.414217931524,35.5706981519547],[-105.415065335712,35.5717520203891],[-105.41575874409,35.571868024964],[-105.415851289847,35.5714854453311],[-105.415416636224,35.5713660297771],[-105.415188986504,35.5704211305751],[-105.415441967543,35.5699473834463],[-105.41483254889,35.568239854122],[-105.413721411731,35.5673424921322],[-105.408206641918,35.5656086153808],[-105.407158153349,35.5659908828553],[-105.406513594562,35.5657266079527],[-105.404088663595,35.5666882954214],[-105.403596272993,35.5663519387688],[-105.40526639144,35.5649956788021],[-105.405115183368,35.5637475197851],[-105.402627333416,35.5641300324727],[-105.401660672528,35.5636503225448],[-105.400246099542,35.5638082700722],[-105.399305927995,35.5633503652096],[-105.398794054291,35.5635644221731],[-105.397701501368,35.5628822076253],[-105.397450721528,35.5614799395056],[-105.397806530316,35.5613458352915],[-105.398579454665,35.561868243157],[-105.40045713832,35.5611668491367],[-105.401249515256,35.5614339731141],[-105.401843283782,35.561224409749],[-105.402316778707,35.559795742474],[-105.401725955008,35.5595241670642],[-105.401773824177,35.5591519023605],[-105.402730027218,35.5584098224391],[-105.402468267727,35.5576583133579],[-105.401659159358,35.5580875035862],[-105.399243506626,35.5574947123179],[-105.399128443166,35.5571425898607],[-105.399571631271,35.5566686381595],[-105.399284367669,35.5558153194346],[-105.397615610215,35.5559985581592],[-105.39649254723,35.5554370319214],[-105.397904604713,35.5555055865288],[-105.399572705436,35.5541665207719],[-105.399554379976,35.5545454422303],[-105.400200984831,35.5548930549412],[-105.400801791244,35.5541800174581],[-105.400357648603,35.5537219404857],[-105.400592643734,35.5535083695497],[-105.402207163155,35.5539933451509],[-105.40289436351,35.5530148775217],[-105.402036941276,35.5524642362597],[-105.399682495207,35.5531192296801],[-105.39854030153,35.5529091252223],[-105.397510713249,35.5515506113344],[-105.395904656463,35.5507281741701],[-105.395711282692,35.5501103159125],[-105.390637589508,35.5495876811308],[-105.390750015642,35.5490189178],[-105.394264843028,35.5483394268722],[-105.396094985997,35.5489323383813],[-105.396034483993,35.5495201079547],[-105.397134106628,35.54963288339],[-105.397776226703,35.5493415159263],[-105.398020278144,35.5485115124102],[-105.397690767132,35.5481215615987],[-105.399412019482,35.5477677462145],[-105.399684513734,35.5473702367005],[-105.403602031318,35.5471328881662],[-105.403703001992,35.5459030267651],[-105.40440957569,35.5458606005],[-105.406040668893,35.5448391123743],[-105.406770662867,35.5447170728328],[-105.408610372185,35.5432161525673],[-105.41258564442,35.5413502081783],[-105.415343998129,35.5408363975664],[-105.416642047006,35.5401603315676],[-105.420482106608,35.536022801112],[-105.422023539722,35.5362391415184],[-105.426377410094,35.5359957580193],[-105.429270976926,35.5352656058134],[-105.43175890211,35.5355901174395],[-105.432516098477,35.5353196900272],[-105.432597226776,35.5345354542319],[-105.433246250296,35.5342650260828],[-105.433976402309,35.5344813690346],[-105.43435500021,35.5351303922009],[-105.435626005903,35.5355360316146],[-105.436518413336,35.5351303922887],[-105.438168018063,35.5367799943712],[-105.438762956944,35.5366447812834],[-105.439547194863,35.535914629482],[-105.439898749374,35.5338323433919],[-105.440899328192,35.5328047223521],[-105.441845822191,35.5325342953588],[-105.442603015711,35.5327776782852],[-105.443143871676,35.5334537455666],[-105.442900485734,35.5337512140277],[-105.443322352697,35.5343093758715],[-105.446204020777,35.5350882051228],[-105.448976653699,35.5352512241498],[-105.448730008726,35.5374541444949],[-105.447152942042,35.5390739852277],[-105.447981482823,35.5408161665932],[-105.447382561482,35.5418325014753],[-105.447529432589,35.5427745910316],[-105.449059918811,35.5451496720909],[-105.451107093091,35.5459389470723],[-105.450723024253,35.5465524906104],[-105.450446084256,35.5482580733099],[-105.450618744569,35.5490765594512],[-105.451839565076,35.5498397838474],[-105.452672056543,35.5499301178397],[-105.453541512904,35.5497331477128],[-105.454748680422,35.5486661987984],[-105.456384796359,35.5479465647186],[-105.457803080834,35.5478008976102],[-105.458780830298,35.5478771636438],[-105.459025864439,35.548751431398],[-105.460192165077,35.5490948580915],[-105.461885798814,35.5503188643864],[-105.465715113838,35.5488718983318],[-105.466686532714,35.5492081963719],[-105.46773173232,35.5477647133275],[-105.467414782893,35.5469000968892],[-105.468675715351,35.5454282134578],[-105.469097316142,35.5455700126983],[-105.469449598816,35.54621112987],[-105.470360782619,35.5465051308933],[-105.470716933397,35.5461406798597],[-105.472182400048,35.5463462121971],[-105.471925965983,35.5454328138901],[-105.472217032836,35.5449671960785],[-105.473455216054,35.5441129804402],[-105.473914566764,35.5433244964491],[-105.476607333415,35.5414911282624],[-105.477141021252,35.5419181064935],[-105.476688059539,35.5430197072233],[-105.476783410278,35.5443949397245],[-105.478399365168,35.5426302671284],[-105.479596268463,35.5421320139586],[-105.479922871545,35.5414702041727],[-105.480929889477,35.5408987333962],[-105.481331852705,35.5414185187138],[-105.480547806258,35.5421201832109],[-105.480622197918,35.5431934758273],[-105.481818813114,35.5436043121477],[-105.481393139783,35.5438836166056],[-105.482344239472,35.5446287061876],[-105.48296220577,35.5458408731086],[-105.483651477022,35.5460547848119],[-105.484681925856,35.5460547860708],[-105.484671420509,35.5455014004548],[-105.485285186031,35.54505502606],[-105.485223893837,35.5445313612793],[-105.486732313952,35.5448763090894],[-105.487038895675,35.5447810613723],[-105.487052146967,35.5441303358477],[-105.487572148356,35.5439587914648],[-105.488806701853,35.54441176443],[-105.490913249458,35.5436532290961],[-105.492632126185,35.5436880876818],[-105.493157038141,35.5440134700432],[-105.493194369678,35.5444691602139],[-105.494840373807,35.5442599222372],[-105.494755559265,35.5453838115253],[-105.496095727515,35.5457051110559],[-105.497846238955,35.5443158016402],[-105.497751151124,35.5476655045216],[-105.498410223018,35.5474203119116],[-105.499731940187,35.5457573952851],[-105.500208990387,35.5457009792625],[-105.501100114159,35.5484927583789],[-105.500822225076,35.5491643247036],[-105.501169587189,35.5496622094876],[-105.501076956814,35.5504148255565],[-105.498680163116,35.5535295021228],[-105.498135963702,35.5537726545714],[-105.498494903664,35.5546179011113],[-105.497904389907,35.555474725915],[-105.498101227058,35.5561810275557],[-105.497997017441,35.5568294360482],[-105.497674584613,35.5570044107274],[-105.498054912252,35.5577557332999],[-105.497035984084,35.5583346694745],[-105.49737176803,35.5594693832797],[-105.495226484641,35.560695857599],[-105.494133156748,35.5633578712957],[-105.493467654418,35.564070909988],[-105.491776540517,35.5647066661855],[-105.493149672358,35.5672088484371],[-105.493113007172,35.5696659319959],[-105.494131291069,35.5716781497767],[-105.498761217658,35.577011141057],[-105.499455939119,35.5771153495623],[-105.500681859217,35.5783519333809],[-105.50049136798,35.5790351898288],[-105.500971278832,35.5788826997103],[-105.501390514405,35.5792698647301],[-105.501646018386,35.5789701159345],[-105.500398593981,35.5770721418105],[-105.50365224712,35.5767969252996],[-105.500738711103,35.5762581480743],[-105.49916429444,35.5767169269277],[-105.498891870025,35.5763664754826],[-105.499036671823,35.5759265233129],[-105.498172643983,35.5757411362588],[-105.497780007181,35.5753110107866],[-105.497873474087,35.5742030474849],[-105.498394793412,35.574106333875],[-105.502081697985,35.5750764291029],[-105.502673544309,35.5748940370829],[-105.502178143274,35.5743758162851],[-105.50050143371,35.5738739700981],[-105.503553299547,35.5739530453946],[-105.504404139382,35.5750828595493],[-105.504448211894,35.576507080684],[-105.504732767987,35.5768754655362],[-105.506505193768,35.5760664184638],[-105.507567767465,35.5762400991002],[-105.509367476644,35.57541030604],[-105.509730923518,35.5748770803587],[-105.51091720682,35.5750745997116],[-105.511813341106,35.5743492887903],[-105.514377207735,35.5742849822207],[-105.514845688418,35.5736734844413],[-105.515440495104,35.5737288932556],[-105.515858182837,35.5744395552873],[-105.514308488335,35.5772220921486],[-105.515144754022,35.5772828581884],[-105.518715574661,35.5750729762126],[-105.519658125211,35.5739047658282],[-105.521488918621,35.5732832523082],[-105.522464486731,35.5720828442535],[-105.525144798085,35.5715166059659],[-105.527731946959,35.5703881021037],[-105.528945175394,35.5696139012578],[-105.529667699957,35.5684053390054],[-105.534538278627,35.5662497047285],[-105.535576127679,35.5654076335622],[-105.537508341086,35.56218669456],[-105.538390370003,35.5620363503895],[-105.539132737244,35.5626109167651],[-105.538464692184,35.5633468035159],[-105.538105833336,35.5645096487728],[-105.537001034566,35.565439064167],[-105.536725459905,35.5665312443639],[-105.536288998228,35.5666972611849],[-105.536650214171,35.5676383668933],[-105.535513037679,35.5672284136878],[-105.535564429688,35.5675756313449],[-105.535231383733,35.5677527214468],[-105.535539303263,35.5678344794919],[-105.535433071094,35.5683552212867],[-105.533660307828,35.5686397511844],[-105.533457706373,35.5685440806175],[-105.533696547595,35.5683319705632],[-105.533250810283,35.5683328060422],[-105.53196982341,35.5703481355976],[-105.530905770285,35.5706652847063],[-105.530622708517,35.5715119633192],[-105.530257447487,35.5716773843348],[-105.530526886565,35.5725936194122],[-105.530225844019,35.5729195816052],[-105.531521459836,35.5732828736896],[-105.531836303031,35.5736506126215],[-105.530848927374,35.5745753486681],[-105.531705019534,35.5742690554371],[-105.532069629064,35.5748452681912],[-105.532621936991,35.5748447784827],[-105.532038759988,35.5739215456533],[-105.532106673826,35.5732838047474],[-105.53346583634,35.5712413172551],[-105.536331639158,35.5699214686028],[-105.536123776367,35.5695531708234],[-105.536912736095,35.5687353601893],[-105.537680760597,35.5665334072737],[-105.538333202339,35.5677688937419],[-105.539461352111,35.5679803640476],[-105.539018999154,35.5676847650792],[-105.539111396674,35.566633881371],[-105.540615026438,35.5635504279604],[-105.539775552198,35.5635979850609],[-105.539534087004,35.5633387540726],[-105.539681322794,35.5612365969371],[-105.540255732581,35.5607918194868],[-105.541362432345,35.5609348904458],[-105.541462762175,35.5615182150796],[-105.542371294541,35.5614525975606],[-105.543017810241,35.5636882877297],[-105.54267241058,35.5643859053042],[-105.543335511742,35.5650377324216],[-105.542539991585,35.5662690818414],[-105.543236001876,35.5661699339783],[-105.543439773016,35.5664412912094],[-105.542939502883,35.5669807597333],[-105.543564159235,35.567118782975],[-105.543626664293,35.5677267562482],[-105.543095486595,35.5682283350701],[-105.542652838329,35.5680483905842],[-105.542322451006,35.5685082472027],[-105.543147961486,35.5685982839311],[-105.542407403757,35.5711575438746],[-105.543120096581,35.5712589232741],[-105.543508467363,35.5718390030816],[-105.543324852752,35.572632227605],[-105.543692734901,35.5733748800118],[-105.543359331454,35.5741227094145],[-105.543586832703,35.574519535632],[-105.541622760612,35.5761330921033],[-105.541199681775,35.5758782200135],[-105.541238490645,35.5745638148341],[-105.541794054203,35.5729292479717],[-105.541102272555,35.5720266791006],[-105.541384610812,35.5713722285928],[-105.540588109218,35.5703057764685],[-105.541143050496,35.5693286099752],[-105.539892657371,35.5683530952934],[-105.540140202196,35.5689581569303],[-105.539561273923,35.570953287297],[-105.538719498163,35.5716455551487],[-105.538559843196,35.5725863506402],[-105.538001099676,35.5734130038922],[-105.536679592278,35.573946862174],[-105.535982666547,35.5749411257252],[-105.53522024665,35.575282373394],[-105.535325286878,35.5764062534532],[-105.534301401573,35.5779808166698],[-105.53484159614,35.5795660592819],[-105.532269137204,35.5813693264887],[-105.531807153132,35.5820350149662],[-105.532120940186,35.5839409266327],[-105.533240429445,35.584593260748],[-105.533286179448,35.58492938336],[-105.534286711856,35.5839662232521],[-105.53456084417,35.5840626423417],[-105.534813916835,35.5850163284454],[-105.535283926917,35.5848191478789],[-105.535525003895,35.5839516771907],[-105.535845228447,35.5838504753546],[-105.536707351358,35.5840245889836],[-105.537201526639,35.584715034116],[-105.538349891668,35.5842364733987],[-105.539042664806,35.5850961206246],[-105.538654353554,35.5855587841905],[-105.535851558699,35.5868025821449],[-105.534751497885,35.5881731299267],[-105.534121772127,35.5882186673671],[-105.533005664966,35.588948893187],[-105.533523935822,35.5891280324295],[-105.534197313056,35.588985270644],[-105.536245713662,35.587027453704],[-105.537552615779,35.5863097491376],[-105.538005860032,35.5864098893963],[-105.538281896874,35.5859721179809],[-105.539024722091,35.5861203726904],[-105.53901847362,35.5867170588548],[-105.539578187239,35.5869076892195],[-105.54029524705,35.5862366511737],[-105.539859370449,35.5854873592136],[-105.540407953254,35.5851174440236],[-105.54090901067,35.5833069982016],[-105.541455462645,35.5825426148382],[-105.546906218783,35.5804996254193],[-105.547065371739,35.5799821862126],[-105.545336200951,35.580757246166],[-105.544782293673,35.5804813835436],[-105.540827323806,35.5822542930537],[-105.540183809337,35.5817015683552],[-105.540710271577,35.5817437328529],[-105.54069565257,35.5813739240801],[-105.541278373239,35.5814614289849],[-105.541457366026,35.5811087899143],[-105.542284448659,35.5811050041496],[-105.542364418157,35.5804752370539],[-105.541707640724,35.5801755147238],[-105.541577150137,35.5796169795754],[-105.543183051787,35.5805521731271],[-105.5440643699,35.5802954007437],[-105.544058416721,35.5797085914387],[-105.544581857944,35.5799457315252],[-105.546126553418,35.5795173755527],[-105.54671871255,35.5797285828748],[-105.547629064747,35.5789320537973],[-105.54701152104,35.5787127124496],[-105.546205152517,35.5791863656718],[-105.54587404444,35.5785192303608],[-105.544714834249,35.5786072678607],[-105.544301990294,35.5783512768351],[-105.543683731726,35.5793869865623],[-105.542821051404,35.5793373781656],[-105.542409289302,35.5786957631183],[-105.542994802325,35.5784895924217],[-105.542128893543,35.578022956704],[-105.541974846663,35.5771886288879],[-105.542551647934,35.5771132767909],[-105.542400450313,35.5766045503571],[-105.54267482346,35.576112803434],[-105.544220470216,35.5749957477991],[-105.54487095392,35.5750589089367],[-105.545512097116,35.574220387043],[-105.546097354822,35.57453330573],[-105.546573599748,35.5732986118306],[-105.546577403508,35.5717396604843],[-105.54524575957,35.5697597575011],[-105.546087756183,35.5700691032303],[-105.546059764968,35.5691547014375],[-105.546638074853,35.5689353618222],[-105.547736943658,35.5692286142224],[-105.547975326206,35.5697820818236],[-105.547162340591,35.5661046142287],[-105.545681528473,35.5646177701089],[-105.545457894202,35.5638515835677],[-105.544810622977,35.5634816658151],[-105.544605837302,35.5627094171092],[-105.545492835914,35.5629065365711],[-105.548574714688,35.5657562662512],[-105.549937891546,35.5683125130747],[-105.55039984165,35.5707158819427],[-105.550949671676,35.5714476487182],[-105.550801298904,35.5756436117394],[-105.551485768789,35.5763603769875],[-105.551537210361,35.577084752778],[-105.551186415641,35.5792686125401],[-105.549978211889,35.5824770439173],[-105.548208849076,35.5850236197524],[-105.547600577766,35.5854141086344],[-105.547063754159,35.5868300562829],[-105.544693426607,35.588602526773],[-105.543923482418,35.5897356364634],[-105.542291227012,35.5901287732408],[-105.542645554972,35.590793587242],[-105.543095287609,35.5903875831169],[-105.54329245515,35.5906230782104],[-105.542816909881,35.5917010007413],[-105.542025390564,35.5922458228128],[-105.542086247156,35.5926167418676],[-105.541427368101,35.5933138305006],[-105.542146772503,35.5941715333859],[-105.542133488674,35.5953648942174],[-105.542628703599,35.5960351210574],[-105.541991859692,35.5973564741998],[-105.540938869609,35.5980740226521],[-105.53983746204,35.5996223829227],[-105.538334805341,35.6004051415724],[-105.538565347478,35.6016365229632],[-105.5365939956,35.6026860692472],[-105.53732334785,35.6030475026223],[-105.538212197455,35.602692665031],[-105.539643129632,35.6026920658638],[-105.54043538332,35.6017778234599],[-105.540134981155,35.6012800513566],[-105.54137490493,35.6011887611891],[-105.541959638678,35.600794454453],[-105.543147312834,35.6015208045743],[-105.542349262623,35.6040324416933],[-105.5403190249,35.6066148278627],[-105.540234220342,35.6071950477614],[-105.543246367287,35.6092487415246],[-105.543840958363,35.6102901693602],[-105.544519238875,35.6106729800247],[-105.545903925995,35.6107912932831],[-105.546743425329,35.6112576785492],[-105.549481927828,35.6108853337788],[-105.5513714441,35.6122711795865],[-105.552398926167,35.6126471049493],[-105.552094396385,35.6163364075951],[-105.552714857157,35.6188091996374],[-105.554413398549,35.6197982908535],[-105.554368095487,35.620796797341],[-105.55526285432,35.6213729710117],[-105.555263427766,35.6222621012187],[-105.557346862512,35.6220920769758],[-105.558425951769,35.6225711395268],[-105.558395817354,35.6228130974421],[-105.556805708992,35.624606635555],[-105.554585033687,35.6250607211859],[-105.551515782034,35.6240526372054],[-105.551305663983,35.624410904322],[-105.551944589826,35.6249895899613],[-105.551043248583,35.6251133290445],[-105.550951723693,35.6241592264428],[-105.550472037306,35.6235349920178],[-105.548335368885,35.6226497601796],[-105.548221594815,35.6230686703746],[-105.54752519026,35.6234036093661],[-105.54789955444,35.6240153925655],[-105.54612454782,35.6253615083418],[-105.545763416288,35.6251651281091],[-105.545417326413,35.6254569172692],[-105.546791297665,35.626444787671],[-105.545958367067,35.6267436901002],[-105.545458068302,35.6265243302467],[-105.544952837895,35.6269459646696],[-105.544958123077,35.6276634258982],[-105.543359641361,35.6278186156655],[-105.543198535146,35.6280926456074],[-105.543973224602,35.6295376472983],[-105.544619493171,35.6298305634574],[-105.544453222371,35.630303663706],[-105.542901122726,35.6299721497459],[-105.542477241195,35.6292292565142],[-105.54136353527,35.6286460103464],[-105.541444045779,35.6282289991958],[-105.540113051057,35.6279662733293],[-105.538941349694,35.6281967471586],[-105.539102804496,35.6286375025269],[-105.537513421818,35.6290080519347],[-105.537143045116,35.6294359909011],[-105.535745723521,35.6296315029412],[-105.53494771453,35.6292438395117],[-105.534426470162,35.6300194324973],[-105.533518515929,35.6297607712329],[-105.53317453327,35.6293387580063],[-105.53337360844,35.6288065669464],[-105.532919205455,35.6287475073195],[-105.532797830429,35.6291920105826],[-105.532428670982,35.6288727489458],[-105.531220005523,35.6290138677808],[-105.527659515122,35.6302862940676],[-105.528069909762,35.6306929584023],[-105.527615712276,35.6312648827049],[-105.527943733517,35.6316693168303],[-105.528744796815,35.6316751038613],[-105.529334293766,35.6322589760362],[-105.530571723301,35.6326276450162],[-105.531269711997,35.6336040316209],[-105.530961969794,35.6339632653299],[-105.53109867199,35.6345920026142],[-105.530706857214,35.6348972294507],[-105.529552418095,35.6349269381875],[-105.530489015734,35.6358522578182],[-105.529956310613,35.6363866981395],[-105.531526345656,35.6364777767254],[-105.53143566548,35.6373654322879],[-105.531740980829,35.6377024988213],[-105.530559766335,35.6389938303727],[-105.527889167878,35.6381591218826],[-105.528493966515,35.6390506254606],[-105.529497497661,35.6397663651193],[-105.528348655675,35.6395437592453],[-105.527607017153,35.6400793162676],[-105.527419504822,35.6406208586367],[-105.526733088017,35.6405095654407],[-105.527643220511,35.641798189221],[-105.526398435678,35.6435087599838],[-105.527186864743,35.6441202182757],[-105.527082907741,35.6449008522539],[-105.526593613358,35.6453119491038],[-105.522942722157,35.6451016153554],[-105.52181977777,35.6442653432106],[-105.521162922593,35.6443971400183],[-105.520592777665,35.6435195295179],[-105.51846769821,35.6435233849826],[-105.518664863079,35.642982539883],[-105.519475378161,35.6428280905607],[-105.518632700952,35.6424930943671],[-105.519108392213,35.6418826669645],[-105.521217151722,35.64090782033],[-105.522133067754,35.6408885383253],[-105.522864276629,35.6399895221425],[-105.522913967155,35.6394926183024],[-105.52245316222,35.6389251477593],[-105.522242636227,35.6399050532418],[-105.520747444977,35.6402663404033],[-105.521888147943,35.6391922076247],[-105.521197249905,35.6388121395992],[-105.520935022419,35.6393115571809],[-105.520810242342,35.6390150705693],[-105.520524013838,35.6391440219368],[-105.52002897999,35.6399766874519],[-105.519673076414,35.6399919923479],[-105.519620640384,35.6394934773175],[-105.519151643794,35.6397212027031],[-105.51925591692,35.6400808975969],[-105.516723625817,35.6405521819562],[-105.517473319312,35.6407464003442],[-105.517069262877,35.6411742246571],[-105.517473318482,35.6415307439394],[-105.517354478586,35.6419823359632],[-105.515904631552,35.6425527671195],[-105.513388461526,35.6417582536666],[-105.51279102756,35.6424814632378],[-105.511412485243,35.642267552067],[-105.51082293837,35.6416329436717],[-105.509511045509,35.6415782807199],[-105.509748726826,35.6411979934089],[-105.51103219582,35.6411742255933],[-105.510870839734,35.640638315265],[-105.510089152675,35.6403269738727],[-105.508607864065,35.6408652414003],[-105.508441486888,35.6411979932827],[-105.507823519268,35.6406275602635],[-105.508617867279,35.6398398817778],[-105.508558208894,35.6393626049549],[-105.508138408757,35.6389869945166],[-105.50731999853,35.6389569113959],[-105.507215862281,35.639243285297],[-105.506649318154,35.6392731028118],[-105.505626319757,35.6409175535056],[-105.505922081557,35.6413168341528],[-105.505399186019,35.6415069764415],[-105.505161505688,35.6410182898465],[-105.503996873934,35.6407939371852],[-105.503883612476,35.6403692043015],[-105.502688809613,35.6408733023734],[-105.502980017373,35.6413015482612],[-105.502443078292,35.6415998471963],[-105.500883270099,35.6413406022128],[-105.501205615898,35.6419269458081],[-105.502000365461,35.6422675530427],[-105.502071669007,35.6426953747816],[-105.501427798298,35.6431898872985],[-105.501810221403,35.6434084149143],[-105.501596309478,35.6439313113269],[-105.500814684209,35.6446118878563],[-105.502564752352,35.6442557001579],[-105.503638402877,35.6450739581799],[-105.503755570858,35.6454204693527],[-105.503256139617,35.6452092001694],[-105.502689426935,35.6454465602672],[-105.502587739733,35.6458333737744],[-105.503318877304,35.6465777845649],[-105.503266230822,35.647257401993],[-105.502862624598,35.6471930239658],[-105.502853137414,35.6479283299469],[-105.503058328582,35.6483086920919],[-105.504258324141,35.6483759221112],[-105.504538829741,35.648796970932],[-105.504128050484,35.6492462397028],[-105.504652268346,35.6491855155467],[-105.504753257885,35.6497908158794],[-105.505422953859,35.6502535913782],[-105.502732435176,35.6519311877122],[-105.503578270434,35.6522728821761],[-105.504293723177,35.6519752313367],[-105.504091948572,35.6516083664944],[-105.506801497396,35.6510379351263],[-105.506579221679,35.6519725373061],[-105.507609608934,35.6532958929932],[-105.508667901513,35.6529156055499],[-105.508540303013,35.6524632178376],[-105.509223995473,35.6523825999334],[-105.509851288604,35.6530416452688],[-105.51166895767,35.6528803079141],[-105.513375947943,35.6532437527173],[-105.514738303981,35.6538132574065],[-105.515573121311,35.654941818698],[-105.516287386856,35.6551448156601],[-105.516117412912,35.6556260063215],[-105.515185601202,35.6558257733753],[-105.51494459447,35.6556009518832],[-105.51430779696,35.6559411097718],[-105.514856658348,35.6560293923689],[-105.514498800645,35.6565196761335],[-105.515372830214,35.657432569273],[-105.514581010409,35.6577197788964],[-105.513335333581,35.6575354534757],[-105.512992985109,35.6577810955879],[-105.512890478427,35.6584717738075],[-105.512083541627,35.6591353897589],[-105.510967303632,35.6593746957491],[-105.510942222943,35.6585223160035],[-105.509769476445,35.6583239962509],[-105.509787378156,35.6589292489173],[-105.511963429199,35.6627716507795],[-105.51307075571,35.6664628185291],[-105.512652305472,35.6726869709638],[-105.513171317751,35.6729995441765],[-105.512695957878,35.6730946167352],[-105.512886101712,35.6737838872262],[-105.512196829646,35.6762557587419],[-105.513052477288,35.6767311174148],[-105.51260088626,35.6769450288662],[-105.514122037341,35.67834733929],[-105.515144059774,35.6785850190713],[-105.514621164513,35.6790603780271],[-105.515262899405,35.6793455953573],[-105.517069266498,35.6815322491429],[-105.517473322313,35.6836000624285],[-105.517259410565,35.6841704946205],[-105.518067521465,35.6856203411296],[-105.518091290513,35.6875455466654],[-105.517402019763,35.6896133598649],[-105.518257666135,35.6905403112903],[-105.518471578272,35.691348422012],[-105.52127619887,35.6937014527599],[-105.52061834963,35.6937082632272],[-105.521136739484,35.6942465897452],[-105.520195887381,35.6940321459128],[-105.522312923509,35.6950754162901],[-105.522761687212,35.6950042340254],[-105.523339890982,35.6956322825863],[-105.524546141508,35.6961905471471],[-105.524914136279,35.6971835946501],[-105.526006028024,35.6976231675752],[-105.525527741551,35.6993906860364],[-105.525856779278,35.7004486098991],[-105.525141761908,35.7010581525359],[-105.525809916397,35.7011231967025],[-105.52584613698,35.7016793884616],[-105.526194556082,35.7017067251004],[-105.525294642115,35.7018044051937],[-105.525731945006,35.7022094210261],[-105.52656250201,35.70232734693],[-105.526543789961,35.7025431899449],[-105.52627027369,35.7023829858827],[-105.526062708698,35.7032140131161],[-105.52631337528,35.7034752600774],[-105.525963972896,35.7036790746041],[-105.526819832383,35.7047175301474],[-105.527451363682,35.7044839469772],[-105.527633317176,35.7054038004367],[-105.527938262808,35.7051378115065],[-105.528042062368,35.7055586141261],[-105.529214704976,35.7052165711217],[-105.529214704733,35.7049912402267],[-105.530592062261,35.7050150093141],[-105.531111258054,35.7045931403218],[-105.531895086098,35.7050508681926],[-105.532827439122,35.7062271742545],[-105.533540477277,35.7081523799309],[-105.533374100854,35.7088891875512],[-105.533072411703,35.7096534491822],[-105.532260191386,35.7098817749954],[-105.53171946954,35.7105272315431],[-105.53318395869,35.7114561304023],[-105.533890494961,35.7132592448155],[-105.535465683788,35.7139279984427],[-105.537143346872,35.7161150128502],[-105.537066804808,35.7166332151023],[-105.536489769248,35.716935740379],[-105.535075242764,35.7169681174085],[-105.534728093087,35.7172578358098],[-105.536107418601,35.7172079802779],[-105.536096424454,35.7176697898642],[-105.536630316773,35.7180636273401],[-105.536701620173,35.7171604435125],[-105.537723642397,35.7171129089443],[-105.53796132206,35.7188479709986],[-105.538507986918,35.7190618824337],[-105.541312606861,35.718824201996],[-105.542667383318,35.7196560813193],[-105.543784478011,35.7198699935003],[-105.543998388002,35.7206543372427],[-105.549335278419,35.7240094729095],[-105.550059223375,35.7237204046741],[-105.550510814679,35.7240769248546],[-105.550748495126,35.7248612677903],[-105.55127139108,35.7246711231705],[-105.552483557684,35.7251702516075],[-105.550582119196,35.7257169151555],[-105.550617130739,35.7264404917557],[-105.551046976931,35.7264116593467],[-105.551293416189,35.7267869650651],[-105.550352301264,35.7272192073435],[-105.550250930438,35.728115505596],[-105.550605888244,35.728497768224],[-105.550487048068,35.72906819837],[-105.549951752786,35.7289152587582],[-105.54984531306,35.7299476145172],[-105.549274331659,35.730059983061],[-105.547682426933,35.7316589084177],[-105.546280116204,35.7320391965191],[-105.5461850433,35.7323481801947],[-105.546707939009,35.7324432518403],[-105.546375188668,35.732704700799],[-105.54673170773,35.7327997712505],[-105.546993155326,35.7337504915137],[-105.546303885166,35.7340119375693],[-105.54658909917,35.7342496179014],[-105.54749228197,35.7341070099053],[-105.547801267147,35.7347962806089],[-105.545929642255,35.7358363853699],[-105.546446491277,35.7360084487174],[-105.546657498739,35.7365505555066],[-105.547658658458,35.7358420728204],[-105.549176377897,35.7359724700617],[-105.549607633382,35.7349388886259],[-105.550415744585,35.7350577293614],[-105.550914871119,35.7346774421861],[-105.551532839504,35.7349151212017],[-105.553030222053,35.7345348336008],[-105.552459791101,35.7340119379707],[-105.552993068757,35.7340022427927],[-105.552649935098,35.733084987111],[-105.551009943227,35.7313023878212],[-105.553302145388,35.7323255853428],[-105.553315438571,35.7314687638949],[-105.553814564077,35.7312548543608],[-105.553909637741,35.7308745654019],[-105.554551371784,35.7308983326722],[-105.554646444659,35.7303516696103],[-105.555932215265,35.7303069463879],[-105.556262666892,35.7299476142876],[-105.557308457567,35.730090221787],[-105.558136093545,35.7315434687952],[-105.558523885081,35.7316738578476],[-105.558304655027,35.7322085826973],[-105.558782072038,35.7322293389243],[-105.558639464551,35.7335841141051],[-105.557260921883,35.7358183033842],[-105.556666721931,35.7381475656967],[-105.556130089898,35.7380948032731],[-105.556143827267,35.7390982854981],[-105.55528817988,35.7388606061132],[-105.555454554967,35.739716252881],[-105.552602398378,35.7412136347428],[-105.551556608193,35.7422594260682],[-105.550468851867,35.7426640338611],[-105.549489218999,35.7435121164191],[-105.548490539458,35.7471793969401],[-105.548609378524,35.7481063481114],[-105.549251113896,35.7487718523742],[-105.549987921286,35.7492947466952],[-105.55103371313,35.7493660513123],[-105.551627911951,35.7499127151241],[-105.550962408136,35.7521231365959],[-105.551105017207,35.7530500882216],[-105.555787309361,35.7525747274451],[-105.559257434218,35.7536205180606],[-105.560540903563,35.7550941331382],[-105.561444088257,35.7556645651525],[-105.558734538208,35.7592772967553],[-105.557546139936,35.7600616404973],[-105.557260923882,35.7610598953714],[-105.556048755782,35.7620819185246],[-105.555502094259,35.763222781511],[-105.555597166519,35.7645775549707],[-105.554622679846,35.7654332026548],[-105.553725362716,35.7650094578157],[-105.552679789287,35.7672461756435],[-105.552428042998,35.7693705306202],[-105.551622450752,35.7692071208405],[-105.550269766157,35.7678257941087],[-105.5498797468,35.7682122091341],[-105.550205053506,35.7701469219374],[-105.55091755545,35.7699016107413],[-105.552025246685,35.7711271650323],[-105.551521751018,35.7728837627023],[-105.551370702657,35.7749671170511],[-105.551672800753,35.7763968389282],[-105.551169304515,35.7775405972723],[-105.549709169376,35.7786434923867],[-105.548457728121,35.7785187669649],[-105.548072487663,35.7789159336168],[-105.547773251028,35.7787829401838],[-105.547540511986,35.7784172060738],[-105.547848634245,35.7780975625433],[-105.547493788177,35.777785687062],[-105.547342738877,35.7767236284875],[-105.546410061951,35.7766217875029],[-105.546310318722,35.775956819831],[-105.546676051324,35.7756575824994],[-105.547341019839,35.7757905765033],[-105.548198681916,35.7764376866186],[-105.548349729264,35.7771321142723],[-105.549558119915,35.7775814458948],[-105.549658819688,35.7771321149478],[-105.548953924586,35.7766010836212],[-105.548601478174,35.7754981593667],[-105.551118953814,35.7725161064399],[-105.551018256206,35.7723118515369],[-105.549280396579,35.7725161053947],[-105.549251116617,35.7731340278607],[-105.548425192464,35.7723006911092],[-105.54803895072,35.7728012760028],[-105.547046518149,35.7725781309147],[-105.546707942853,35.7730389570807],[-105.545899831189,35.7731102598628],[-105.545258096365,35.7735856194171],[-105.544949111512,35.7743461945913],[-105.544022160936,35.7744174993926],[-105.542271311271,35.7759955943657],[-105.542952602282,35.7772934241127],[-105.539838997976,35.7765090805086],[-105.538650597571,35.7767229925126],[-105.537218010271,35.77801433679],[-105.537224520421,35.7785055906522],[-105.536573664172,35.7785508155199],[-105.536226266053,35.7790284864051],[-105.536027871162,35.7793552533679],[-105.536440177143,35.7795751499955],[-105.536007200507,35.7798568526831],[-105.535917282086,35.7806447095701],[-105.536528162558,35.7806243473655],[-105.536572505421,35.7800660056663],[-105.537990475455,35.7799243624426],[-105.537902278531,35.7803536930733],[-105.538671475541,35.780468499533],[-105.539530029019,35.7812750896813],[-105.53948124166,35.7807926913157],[-105.540119851568,35.7805242027307],[-105.540852897578,35.7812129082013],[-105.541509227985,35.7811006463952],[-105.541989902688,35.7814864709679],[-105.541972301342,35.7818208860954],[-105.541067459125,35.7817729303226],[-105.541092262736,35.7821729029539],[-105.542446926518,35.7821040547703],[-105.543594164744,35.7829895033562],[-105.544364544259,35.7825340951263],[-105.544405735174,35.7821633740249],[-105.543797125996,35.7818523560065],[-105.544193932305,35.7812791916756],[-105.543280879796,35.7803653141117],[-105.543639923699,35.7799637686218],[-105.544286611192,35.7800741782088],[-105.544221335147,35.7809398802883],[-105.544453091222,35.7810579119838],[-105.544817649968,35.780845252458],[-105.545394327282,35.7811747824006],[-105.546010707118,35.7804866204187],[-105.546547683015,35.7811335905838],[-105.547619219763,35.7816777673546],[-105.549719250635,35.7809536448665],[-105.552594908859,35.7812393069362],[-105.555013509454,35.7800014407385],[-105.556441815309,35.7799443084402],[-105.55708931445,35.7802490134924],[-105.557143701163,35.7806340139757],[-105.558163003355,35.7808266658637],[-105.559590203363,35.7821297613551],[-105.562723837659,35.7819746301284],[-105.563561540791,35.7815712915509],[-105.566012601886,35.7813230820677],[-105.566384913248,35.7808576906308],[-105.571112109833,35.7796842021904],[-105.571204901802,35.7792016831993],[-105.572169941399,35.7783851105628],[-105.57207714903,35.7781252931444],[-105.572763813066,35.7779211506124],[-105.57268848615,35.777197821046],[-105.572997400582,35.7774091836008],[-105.573320564594,35.7771231365135],[-105.573747408866,35.777679890319],[-105.573603558978,35.7780755427657],[-105.574313206421,35.7782062672528],[-105.574549976568,35.7789731179617],[-105.575116228523,35.7788225394855],[-105.577245169015,35.7800737592152],[-105.578403014118,35.7802044836738],[-105.579318087111,35.7814557028054],[-105.579224711769,35.7820159512949],[-105.57885121376,35.7820533021258],[-105.578664463307,35.7816798017367],[-105.577861442445,35.7816984766914],[-105.577506618504,35.7812876302371],[-105.576162024462,35.7813249791088],[-105.574854778758,35.7805779826375],[-105.573528859159,35.7805406331141],[-105.573204394216,35.7808937154835],[-105.571920341345,35.780543752322],[-105.572058591325,35.7807234768955],[-105.571557512419,35.78118743766],[-105.5705739153,35.7804450994193],[-105.569980044867,35.7807420345505],[-105.570425448121,35.7808533843542],[-105.570555357214,35.781113204462],[-105.570258420596,35.7812616714476],[-105.56709851426,35.7813230817831],[-105.5662076254,35.7835246644773],[-105.564857913295,35.7834886839995],[-105.565865005587,35.7844147771858],[-105.566762632347,35.7841878794225],[-105.567183143504,35.7844410631231]]],[[[-105.515113695864,35.864335025786],[-105.515278248237,35.8644482377385],[-105.515199773862,35.8642776410914],[-105.515113695864,35.864335025786]]],[[[-105.539549712881,35.864519119762],[-105.539416404539,35.8645762515422],[-105.539644931875,35.8646333849249],[-105.539549712881,35.864519119762]]],[[[-105.51777774482,35.8664418121872],[-105.517863061677,35.8665758824783],[-105.518046895113,35.8665213300315],[-105.51777774482,35.8664418121872]]],[[[-105.522175146374,35.8645732330975],[-105.522437784193,35.8645459520167],[-105.522291750295,35.8644562598555],[-105.522175146374,35.8645732330975]]],[[[-105.521895838596,35.8627480203657],[-105.521743485842,35.8625194908885],[-105.521667308181,35.8626908874012],[-105.521895838596,35.8627480203657]]],[[[-105.518728426172,35.8655276952407],[-105.518801555107,35.8657470848143],[-105.519033131045,35.8656617666508],[-105.518728426172,35.8655276952407]]],[[[-105.521438096639,35.8628445797815],[-105.521186220669,35.8628349030401],[-105.521088989544,35.8629339367628],[-105.521308937107,35.863045153778],[-105.521438096639,35.8628445797815]]],[[[-105.510425990114,35.8599680481762],[-105.510370315751,35.8596896727188],[-105.510166171738,35.8598010223168],[-105.510425990114,35.8599680481762]]],[[[-105.523568367903,35.8658606939077],[-105.52340212467,35.8660934340507],[-105.523701360648,35.8660934328296],[-105.523568367903,35.8658606939077]]],[[[-105.519678296241,35.866359422188],[-105.519412307626,35.8661266822331],[-105.51927931409,35.8662596755784],[-105.51937905999,35.8664259183313],[-105.519678296241,35.866359422188]]],[[[-105.51778313234,35.8663261728056],[-105.517517145691,35.866026937198],[-105.517450648465,35.8661931790005],[-105.51778313234,35.8663261728056]]],[[[-105.519340253586,35.8649430356158],[-105.519202555059,35.8652985892311],[-105.519422113244,35.8651604306083],[-105.519340253586,35.8649430356158]]],[[[-105.585580192624,35.8431533452885],[-105.585498885246,35.8434876096449],[-105.585844632272,35.8433170443722],[-105.585580192624,35.8431533452885]]],[[[-105.511169322265,35.8568431634859],[-105.511485671281,35.8571595120486],[-105.511512032504,35.8569222498403],[-105.511169322265,35.8568431634859]]],[[[-105.512197456103,35.8592948675254],[-105.512144731516,35.8589785182545],[-105.512012920319,35.8590048812516],[-105.512197456103,35.8592948675254]]],[[[-105.520943632982,35.8627099326298],[-105.5211013187,35.8624703572471],[-105.520678825534,35.8625795816826],[-105.520943632982,35.8627099326298]]],[[[-105.526097832625,35.8595135786677],[-105.525622179344,35.8599278421328],[-105.526126731359,35.8599182108489],[-105.526097832625,35.8595135786677]]],[[[-105.516327424105,35.865764627192],[-105.516780570298,35.8660502460578],[-105.516780569258,35.8658054301562],[-105.516327424105,35.865764627192]]],[[[-105.593496442663,35.8538400416182],[-105.593771454271,35.853867544057],[-105.593798955409,35.8535650291276],[-105.593551445574,35.8535100272945],[-105.593496442663,35.8538400416182]]],[[[-105.522304925665,35.8620038704809],[-105.52260416121,35.8622698594967],[-105.522803652771,35.862136864304],[-105.52257091377,35.8618708777886],[-105.522304925665,35.8620038704809]]],[[[-105.560150693546,35.802114779474],[-105.560388859674,35.8026114118155],[-105.560565414866,35.8024642816925],[-105.560620252772,35.8022713004265],[-105.560150693546,35.802114779474]]],[[[-105.51117325224,35.8303759595745],[-105.510767755545,35.8302501617786],[-105.510682321872,35.8305791720111],[-105.511012837241,35.8306539810671],[-105.51117325224,35.8303759595745]]],[[[-105.519362879718,35.8526050097023],[-105.520162205334,35.8527795938098],[-105.520217496641,35.8525042368984],[-105.519362879718,35.8526050097023]]],[[[-105.495916307149,35.9213707863719],[-105.494914337942,35.9215107822394],[-105.495687030417,35.9217528701512],[-105.495916307149,35.9213707863719]]],[[[-105.514453885978,35.8597454320091],[-105.514565189413,35.8602968543015],[-105.514917638154,35.8602968536025],[-105.51491278566,35.8598484778318],[-105.514453885978,35.8597454320091]]],[[[-105.514043413837,35.8651877798251],[-105.514092455379,35.8645404495393],[-105.513246203921,35.8641669513165],[-105.513959557568,35.8647302466783],[-105.514043413837,35.8651877798251]]],[[[-105.490449151945,35.9203766435928],[-105.489441992648,35.9209349438931],[-105.490104679746,35.9211339168458],[-105.490769569255,35.9206665453452],[-105.490449151945,35.9203766435928]]],[[[-105.497413312968,35.78352874716],[-105.496814911177,35.7823140513765],[-105.496710334132,35.783479901926],[-105.497413312968,35.78352874716]]],[[[-105.526774290794,35.7168758143394],[-105.527302924525,35.7160959081592],[-105.526703722044,35.716335950696],[-105.525917949279,35.7160710535958],[-105.526116308397,35.7166258265285],[-105.526774290794,35.7168758143394]]],[[[-105.384539044252,35.9592135230764],[-105.38464416441,35.9601596059417],[-105.385928841547,35.9598138378433],[-105.384861176987,35.9592135246192],[-105.384539044252,35.9592135230764]]],[[[-105.494557481301,35.9225285133915],[-105.495640409416,35.9225777918477],[-105.495600507768,35.921989394921],[-105.494532516703,35.9219557053464],[-105.494557481301,35.9225285133915]]],[[[-105.508185858641,35.8567465843478],[-105.508905789423,35.8575818250183],[-105.509537509517,35.8570498506854],[-105.508972286239,35.8565511226568],[-105.508185858641,35.8567465843478]]],[[[-105.585675694753,35.8426224468366],[-105.58564120226,35.8419870062123],[-105.584943553794,35.8415744872129],[-105.582749182249,35.8414369815967],[-105.582157587874,35.8416542989917],[-105.584525748376,35.8418220069811],[-105.585086627831,35.8421519349002],[-105.585115102914,35.8424936373752],[-105.585675694753,35.8426224468366]]],[[[-105.570862064604,35.8365917576591],[-105.570652021574,35.8373124784497],[-105.571196550193,35.8378358553496],[-105.572869287354,35.8381342242482],[-105.572785752865,35.8376035231768],[-105.57229188005,35.8375527066116],[-105.572267640329,35.8370098990857],[-105.570862064604,35.8365917576591]]],[[[-105.471557160182,35.7996714006346],[-105.472816265166,35.7992000872651],[-105.472706749712,35.7988398277017],[-105.472508772147,35.7986360231395],[-105.472063941705,35.798928593641],[-105.471999565809,35.7984449261146],[-105.470033897753,35.7991579963094],[-105.471557160182,35.7996714006346]]],[[[-105.503810679579,35.7066444070757],[-105.503815762807,35.7062802788646],[-105.503349567286,35.7059661034547],[-105.501564371417,35.706055978197],[-105.502276079004,35.7071065918176],[-105.50146402685,35.707241093453],[-105.501536786472,35.7074648374956],[-105.503061649205,35.7072818674519],[-105.503810679579,35.7066444070757]]],[[[-105.478499527624,35.7881082550628],[-105.479365411277,35.7874047255169],[-105.478996528991,35.7869730769453],[-105.479158185298,35.7863428177973],[-105.478098741852,35.7861856408016],[-105.477354654465,35.7864646728484],[-105.477272906245,35.7868641655802],[-105.478499527624,35.7881082550628]]],[[[-105.465177274424,35.8776122022948],[-105.465374154253,35.8786587811217],[-105.466789675221,35.8800237888998],[-105.467019581825,35.8799088361486],[-105.467156529232,35.8784974721217],[-105.466800009655,35.877950807629],[-105.465588314679,35.8772017948216],[-105.465177274424,35.8776122022948]]],[[[-105.576337223591,35.8485917214933],[-105.575900652888,35.8495462300106],[-105.577039344915,35.8501524739038],[-105.578092214031,35.8495479745269],[-105.576981162465,35.8480224796007],[-105.576126397452,35.8477536241476],[-105.575941786591,35.8478799365345],[-105.576337223591,35.8485917214933]]],[[[-105.525726812491,35.8364273205505],[-105.525362635479,35.8370964215155],[-105.526138685144,35.8379179454662],[-105.526739987467,35.8371466834396],[-105.526696352137,35.8367343074314],[-105.52790915719,35.8359861340068],[-105.527521728642,35.8354811130671],[-105.525781027243,35.8356978129964],[-105.525335041107,35.8361248990812],[-105.525726812491,35.8364273205505]]],[[[-105.509926334706,35.770386739852],[-105.510327676547,35.7698601337705],[-105.509760146743,35.7697865305431],[-105.509800892399,35.7686300807056],[-105.508084139917,35.7685727740377],[-105.50822676042,35.7691973236276],[-105.507605815472,35.7694797125411],[-105.508075332163,35.7701773160757],[-105.509926334706,35.770386739852]]],[[[-105.506165008427,35.5796000061789],[-105.505241689179,35.5802313390584],[-105.504229752312,35.5801241293027],[-105.505135119859,35.5806542276775],[-105.504928723551,35.5808885746131],[-105.505430641982,35.581511335205],[-105.504885720371,35.5815889361227],[-105.504305661332,35.5810004706257],[-105.502986814399,35.5810080541074],[-105.503893317636,35.5812546992887],[-105.503894012347,35.5815761539563],[-105.505906862138,35.5817383293203],[-105.506014902854,35.5813709843389],[-105.507023248452,35.5811510778612],[-105.507201981546,35.5807635973115],[-105.506165008427,35.5796000061789]]],[[[-105.500779029316,35.8536593133174],[-105.499515898605,35.8537172554979],[-105.498588828114,35.8542850855815],[-105.498565651506,35.8546906788913],[-105.499006009145,35.8548413268126],[-105.499388426978,35.8544241456186],[-105.499991022178,35.8544009675913],[-105.501798807417,35.8549340331632],[-105.502123315146,35.8552936189822],[-105.503037173193,35.8548575190978],[-105.502836477841,35.8542939893102],[-105.500779029316,35.8536593133174]]],[[[-105.572827802563,35.8469042561771],[-105.571484736547,35.8472992746117],[-105.5711231696,35.8477179968869],[-105.571961061291,35.8479853860138],[-105.571912911984,35.8484077205478],[-105.572447324178,35.8488352504116],[-105.573801570437,35.8491399560106],[-105.574053397973,35.8489420910648],[-105.573893232739,35.8485565967798],[-105.57431196595,35.8484580705675],[-105.574154164936,35.8474995658648],[-105.572827802563,35.8469042561771]]],[[[-105.570072844188,35.8543262775907],[-105.567470980143,35.8543258705633],[-105.566556351529,35.8546585106943],[-105.566420508951,35.85499811851],[-105.567334853853,35.8555973535131],[-105.568085291606,35.8552701082011],[-105.569652862791,35.8554626167679],[-105.570323003557,35.8560552416409],[-105.570351221191,35.8552727586737],[-105.570971676354,35.8549527490148],[-105.570035725925,35.8546232115908],[-105.570072844188,35.8543262775907]]],[[[-105.511591120731,35.8626165314488],[-105.512912822348,35.8623992049981],[-105.512643482217,35.8621298652742],[-105.512727237766,35.8609516461283],[-105.51208385071,35.8606916373989],[-105.511461756607,35.8597328606872],[-105.510543861106,35.8594822074359],[-105.510336931822,35.8596447947138],[-105.510779237337,35.8597881870741],[-105.510712559626,35.8600594440869],[-105.510015440804,35.8601705175952],[-105.510435219368,35.8608069273749],[-105.510701206861,35.8606739329269],[-105.511071985733,35.8613166606432],[-105.510773885909,35.8616147607256],[-105.511441590947,35.8620552299155],[-105.511591120731,35.8626165314488]]],[[[-105.500550541974,35.9145772573318],[-105.500856080708,35.9150174815411],[-105.501425655542,35.9150312789709],[-105.50236393238,35.9171004280351],[-105.503145739186,35.917665735189],[-105.503426467831,35.9174545794637],[-105.503183534472,35.9160371021392],[-105.502687916808,35.9159017243475],[-105.503046179854,35.9155992800824],[-105.502119228687,35.9146247926382],[-105.502243518736,35.913796403405],[-105.50095459839,35.9136503068955],[-105.501120973122,35.914292041749],[-105.500550541974,35.9145772573318]]],[[[-105.512809343175,35.7741515324984],[-105.511837284248,35.7725447278646],[-105.511357678609,35.7724727578576],[-105.511166757795,35.7726019877212],[-105.511395972856,35.7727971015198],[-105.510394369156,35.7730280301153],[-105.510441232318,35.7734879887156],[-105.509331471833,35.7734963704824],[-105.509424460963,35.7742949825766],[-105.509884729162,35.774249022345],[-105.510025355302,35.7747644278184],[-105.510280300473,35.774539569524],[-105.510310482311,35.7751966553402],[-105.511167733279,35.7746466700507],[-105.511787799906,35.7752114286068],[-105.512809343175,35.7741515324984]]],[[[-105.558685117894,35.8273064792569],[-105.558326500083,35.8278859711195],[-105.558904245525,35.8281274148906],[-105.558229168067,35.8282264020291],[-105.558271884083,35.8286308844206],[-105.557509848914,35.8281168749322],[-105.556808737783,35.828916836223],[-105.556407231159,35.8291098957804],[-105.556121764588,35.8288244275835],[-105.555461919995,35.8293973809613],[-105.556407783787,35.8299974393725],[-105.557465220434,35.8298856755157],[-105.557846430033,35.8292313455123],[-105.558385544518,35.8294742043816],[-105.559312825728,35.8289627795917],[-105.55924959445,35.8286597318671],[-105.560127950964,35.8282922679755],[-105.560322883966,35.8277590146767],[-105.559585577467,35.8272698405569],[-105.558685117894,35.8273064792569]]],[[[-105.545116535282,35.7841312926776],[-105.544710654572,35.7844958467123],[-105.544561168599,35.785291941089],[-105.544700165313,35.7850139453676],[-105.545196582051,35.785530221047],[-105.546387984568,35.7856295034518],[-105.546479371831,35.7861671090092],[-105.545276009744,35.786781190732],[-105.545196582374,35.7872776087507],[-105.544283176043,35.7866819084971],[-105.542006393386,35.7872953287445],[-105.541987349234,35.7879428281783],[-105.542520584866,35.7875809898667],[-105.543682275679,35.7875619456308],[-105.54424514247,35.7871340577597],[-105.544888212973,35.787379344359],[-105.545739037525,35.7871810637807],[-105.545605727096,35.7868382693718],[-105.545929476783,35.7865716516429],[-105.547110209986,35.7861907704423],[-105.546576976347,35.7852576106711],[-105.547091166781,35.7851243012806],[-105.547034034191,35.7844387134783],[-105.545872344634,35.7839245240128],[-105.544977271572,35.7839435677104],[-105.545116535282,35.7841312926776]]],[[[-105.468123591704,35.9078048725413],[-105.469423403537,35.9089932699903],[-105.470983175757,35.9092903699836],[-105.471614514126,35.9097731567593],[-105.473174287562,35.9100702570127],[-105.473508525736,35.9096617451683],[-105.474214136302,35.9102559432327],[-105.474561712902,35.910080821267],[-105.474607905504,35.9095207488016],[-105.471828204354,35.9082954870284],[-105.471317414322,35.9087333077406],[-105.47113172567,35.908324796251],[-105.469646227223,35.9078048722685],[-105.469163440682,35.9081019709177],[-105.468123591704,35.9078048725413]]],[[[-105.494197463929,35.7057850935702],[-105.498340806597,35.7059721645854],[-105.498886766103,35.7055854415549],[-105.497804392201,35.7050339386691],[-105.496259431873,35.704932538812],[-105.495987070767,35.7053002264514],[-105.495464176228,35.7052051538991],[-105.495514889568,35.7048501707142],[-105.494584760666,35.7048486343388],[-105.494675575818,35.7045761867246],[-105.493757555947,35.7040587807692],[-105.492601556525,35.703899963792],[-105.491524877407,35.7047684796864],[-105.491814589282,35.7053460667283],[-105.492616773044,35.705015011028],[-105.493043350246,35.7055801811091],[-105.493372594115,35.7050863148974],[-105.494275776967,35.7050150106399],[-105.494197463929,35.7057850935702]]],[[[-105.507449845769,35.7126132606167],[-105.506132080255,35.7119364586726],[-105.505969368598,35.7124915484803],[-105.503966913506,35.713477106979],[-105.502820674702,35.7136760774702],[-105.503645163661,35.7143048115909],[-105.505014817385,35.7145246597745],[-105.508305273786,35.714460320647],[-105.507629627486,35.7142259933373],[-105.507449845769,35.7126132606167]]],[[[-105.562180602486,35.8356214142706],[-105.561337693411,35.8357613335357],[-105.561063978362,35.8362618712425],[-105.560386309226,35.8361484545738],[-105.560572494931,35.8365440988336],[-105.560095805157,35.8375080846323],[-105.561355653694,35.8381643317777],[-105.562378378747,35.8377178943889],[-105.563322433695,35.8377178943775],[-105.564109144574,35.8387383201841],[-105.564627615462,35.838807871288],[-105.564361470378,35.8379702410933],[-105.564674851485,35.8375785164731],[-105.565792254899,35.8375195072671],[-105.566319502493,35.8368868082016],[-105.565001381423,35.8365968224524],[-105.566266777666,35.836069574824],[-105.566240415495,35.8357795868007],[-105.565370456662,35.8356477763692],[-105.563635802622,35.8365870428158],[-105.562677528246,35.8365054525082],[-105.562576038563,35.8361222981487],[-105.562892387371,35.8359377612069],[-105.562180602486,35.8356214142706]]],[[[-105.423794503325,36.0098234260274],[-105.4216167563,36.0107673349948],[-105.41887786073,36.0104209988607],[-105.418579504352,36.0106087939459],[-105.418607979051,36.0108716446714],[-105.419949065369,36.0111706539523],[-105.420323485922,36.0130542766469],[-105.421265906852,36.0134087237233],[-105.422136293581,36.0130931182661],[-105.421602056283,36.0120297655802],[-105.4219410272,36.0115794922278],[-105.423026159901,36.0116248604627],[-105.424016603125,36.012110415377],[-105.425595307838,36.0115083263019],[-105.424790948509,36.0104303835556],[-105.423794503325,36.0098234260274]]],[[[-105.29186915764,35.6496995135859],[-105.291609194973,35.6488824887663],[-105.292463356983,35.6489567634701],[-105.292909006554,35.6486225259271],[-105.292203393584,35.6481026029436],[-105.292042732605,35.6473031020771],[-105.291089398309,35.6477429622319],[-105.290839702391,35.6468333541912],[-105.291558824076,35.6464576669055],[-105.29142354282,35.6462805895389],[-105.290440701403,35.6460193408489],[-105.289116874565,35.6466869328135],[-105.288294467844,35.646112364948],[-105.286934672117,35.6463668000988],[-105.288118273216,35.6469513416173],[-105.28789544801,35.6475455411182],[-105.288749609194,35.6489196274733],[-105.290012282419,35.6491053131564],[-105.290940720123,35.6496995139013],[-105.29186915764,35.6496995135859]]],[[[-105.513937344554,35.8352631852961],[-105.512800509626,35.8354505764442],[-105.512920254837,35.8358840056827],[-105.512085138969,35.8353028427245],[-105.511930633248,35.8356873578202],[-105.510943881275,35.835483687695],[-105.511420512981,35.8360213889959],[-105.511450390521,35.8366030837844],[-105.512189775117,35.8364818215794],[-105.512528397124,35.8368757987299],[-105.510715180037,35.8366156574315],[-105.510475728692,35.8369829826728],[-105.510149175583,35.8365017034945],[-105.509211377354,35.836748969642],[-105.510343842122,35.8372221046028],[-105.510832894438,35.837806014992],[-105.510144952574,35.8388072872595],[-105.510389199834,35.839110674338],[-105.511111650075,35.8387748233199],[-105.512405306103,35.8391153287928],[-105.514502337585,35.8387860651025],[-105.513669676414,35.8379575624208],[-105.513782092387,35.8377458253286],[-105.516154291203,35.8382219602892],[-105.515276538195,35.8378893426853],[-105.514420045332,35.8370849146863],[-105.514560295429,35.8361437472953],[-105.514046570812,35.835874688049],[-105.513937344554,35.8352631852961]]],[[[-105.463258575426,35.8155361034514],[-105.462260321025,35.8172949330587],[-105.459990479618,35.8169294999224],[-105.460462410037,35.8164824081239],[-105.460267572162,35.8160410042106],[-105.459666395809,35.8158168878864],[-105.458904609231,35.816429562965],[-105.459322004336,35.8173380117788],[-105.455483790421,35.8173249642252],[-105.455352384453,35.8176894567508],[-105.455771692032,35.8175820823014],[-105.45606789918,35.8184421361733],[-105.457136591695,35.8189547368741],[-105.457107228127,35.819236803555],[-105.457662292071,35.8196021175639],[-105.458950903833,35.818973032462],[-105.458979404105,35.819301404546],[-105.459478525628,35.8192566215125],[-105.459622568106,35.8186178598522],[-105.460510294396,35.8187125134848],[-105.460634102616,35.8192947449734],[-105.460999076648,35.8192341549428],[-105.461222317162,35.8181271110357],[-105.462285039707,35.8174812734747],[-105.463744678572,35.817455949158],[-105.463115967775,35.8166056610605],[-105.46406668672,35.8158213186559],[-105.46367311359,35.8147184552877],[-105.463205463942,35.8148121190343],[-105.463258575426,35.8155361034514]]],[[[-105.491433107865,35.5820803771204],[-105.492896753292,35.5816371608945],[-105.492574379394,35.5807939324589],[-105.49351576671,35.5810050866809],[-105.493856490652,35.5806160886138],[-105.495105115567,35.5813630856939],[-105.494524368191,35.5807466615585],[-105.494510409616,35.580288481259],[-105.495176446761,35.5797932991268],[-105.496397455163,35.5795744560169],[-105.496388521404,35.5792812195852],[-105.495057668886,35.5784322128283],[-105.494950974212,35.5777918306209],[-105.494450992625,35.5776615261522],[-105.494877533692,35.5770744977024],[-105.493207842531,35.5776844671156],[-105.492621733412,35.5771670632944],[-105.493265590957,35.5767070093543],[-105.492873456772,35.5765253300772],[-105.491756361804,35.5769293853088],[-105.491198219769,35.5775228088704],[-105.489614176402,35.5773568168371],[-105.490244947968,35.5780729561775],[-105.489524229104,35.5782367688183],[-105.490042826189,35.5793606340503],[-105.49079299284,35.5795510492787],[-105.491596333334,35.580460588542],[-105.491312852542,35.5817929652848],[-105.491433107865,35.5820803771204]]],[[[-105.5353230832,35.7878226375341],[-105.53492348165,35.787376829423],[-105.534255546176,35.7888860008747],[-105.533456385264,35.789187960574],[-105.533478532625,35.7897588984958],[-105.532540790506,35.7897700409644],[-105.532722503051,35.789171291186],[-105.532209478552,35.7895814674822],[-105.531828512664,35.7892761941178],[-105.528588584466,35.7907964694706],[-105.52467574658,35.7943603900707],[-105.523803457967,35.7945348497713],[-105.522731789717,35.7942856237596],[-105.521884424239,35.793537947657],[-105.522457642364,35.795805898716],[-105.533490046757,35.7911430713641],[-105.533778386172,35.7903604389721],[-105.534890549485,35.789824951242],[-105.535089676079,35.7892674026865],[-105.53473920765,35.7891982824598],[-105.534984922082,35.7887464484249],[-105.53475646521,35.7884865565281],[-105.5353230832,35.7878226375341]]],[[[-105.531163685222,35.7747740193645],[-105.532661067445,35.7741085145979],[-105.533588019521,35.7744888031985],[-105.534728881305,35.7736331560166],[-105.534610042302,35.7732290994413],[-105.534073158359,35.7725915933515],[-105.532862514463,35.7727991318899],[-105.532383555798,35.7723930011574],[-105.528961871741,35.7723442961667],[-105.527947655049,35.7716880389277],[-105.526762336966,35.7701113648731],[-105.526247350607,35.7702562037149],[-105.526068371574,35.7709721203978],[-105.525398968747,35.7713392123028],[-105.525211500317,35.7730489383275],[-105.525628628835,35.7733556248295],[-105.526784288643,35.773269023538],[-105.526892489067,35.7739581797416],[-105.527360809342,35.7743224276597],[-105.526766609667,35.7744650356283],[-105.526124874285,35.7752969142774],[-105.531163685222,35.7747740193645]]],[[[-105.348660671603,35.6675773443814],[-105.347561894506,35.6676915946533],[-105.343568969604,35.6629239484983],[-105.343252111948,35.6621058292908],[-105.342568382586,35.6617673664784],[-105.341855993816,35.6641371751751],[-105.341320904609,35.6642240169956],[-105.3417424527,35.6649049804676],[-105.344063545795,35.6654272259831],[-105.343546275136,35.6666701531563],[-105.344752100996,35.6671377179582],[-105.345686553441,35.6684544437311],[-105.347810304461,35.6698136448623],[-105.348860130429,35.6719699224537],[-105.35068362528,35.672101626769],[-105.350948050938,35.6707777902308],[-105.349838142503,35.6689556775684],[-105.349364747455,35.6686713424372],[-105.350068859951,35.6685798423067],[-105.348660671603,35.6675773443814]]],[[[-105.493348843674,35.9206143246219],[-105.492968030959,35.9211630177941],[-105.491396837315,35.9207950086789],[-105.491301269024,35.9211338309813],[-105.491689997192,35.9211735796591],[-105.49145806546,35.9214178168091],[-105.490271133206,35.9212749852913],[-105.489094376853,35.9217076497383],[-105.489165680637,35.9220166337238],[-105.490068864638,35.9221117068439],[-105.490401615784,35.9229673537794],[-105.490910645122,35.9232562951053],[-105.490734367919,35.9239893764895],[-105.488552071565,35.9244480529004],[-105.488357570526,35.9251540073664],[-105.489257358003,35.9258059291778],[-105.489479709185,35.9252691433794],[-105.490597221341,35.9256181814726],[-105.490900744009,35.9266276227909],[-105.49050584984,35.9271780711729],[-105.491246730163,35.9275644128771],[-105.490853207621,35.9281335702176],[-105.491186939069,35.9278792979538],[-105.49175717454,35.9282676129375],[-105.492553496653,35.9281737435882],[-105.492242074595,35.9277878264137],[-105.492697006444,35.9279360316489],[-105.492479112501,35.9276327816282],[-105.492673207652,35.9272260835933],[-105.493869207027,35.9268992749466],[-105.494218230496,35.9262884839316],[-105.495014710357,35.9260628069969],[-105.497687965377,35.9258272226755],[-105.498885755714,35.9265616358462],[-105.498780275738,35.9256782423938],[-105.499149454774,35.9249266972963],[-105.498714350252,35.9244784075313],[-105.497650142563,35.9243694234764],[-105.497055390467,35.9247228764942],[-105.496084083497,35.9244897977425],[-105.495858950444,35.9252236904617],[-105.493662023776,35.9247683313306],[-105.493679203705,35.9241084208727],[-105.494081769686,35.9238649389369],[-105.493878448869,35.9234047617454],[-105.494207361641,35.923382862732],[-105.49410757324,35.9230286407463],[-105.493180692429,35.9230942867393],[-105.493380069792,35.9213497516376],[-105.49475779373,35.9214638195638],[-105.494361173419,35.9208721960037],[-105.493348843674,35.9206143246219]]],[[[-105.382297046916,35.9513711247063],[-105.383618117623,35.9521079038991],[-105.382424962307,35.9518509773211],[-105.3827046974,35.9523145768575],[-105.382525302827,35.9524777812277],[-105.381878017816,35.9520694217636],[-105.381672162897,35.9526555077324],[-105.382866295419,35.9529950481888],[-105.383517363513,35.9539586276232],[-105.383175490775,35.9550871831553],[-105.383449947493,35.9557707289668],[-105.382821068912,35.9572149708654],[-105.382919343135,35.9580330131654],[-105.383603130321,35.9585372506639],[-105.385180780139,35.9585004840651],[-105.385465019759,35.9588880829237],[-105.386492598165,35.9590501178927],[-105.386270714917,35.9585948941783],[-105.386807775525,35.9574673308274],[-105.387359712809,35.9574399435958],[-105.386969239564,35.9569664523934],[-105.388367375019,35.9564824412018],[-105.388931484396,35.956741697318],[-105.388990598007,35.9563649394299],[-105.388528525951,35.9560115180209],[-105.387381651736,35.9559039901092],[-105.388489883208,35.9544814437885],[-105.388295882954,35.9535312693387],[-105.387837582589,35.953427751403],[-105.387136960681,35.9524342780898],[-105.385708843513,35.9517477616987],[-105.384697668686,35.9522362960951],[-105.38465823005,35.9518703675482],[-105.383588745495,35.9513418796258],[-105.382297046916,35.9513711247063]]],[[[-105.530422639844,35.8387997287609],[-105.529508239056,35.8386116639713],[-105.529244747123,35.8393374620952],[-105.528154798803,35.8399172162095],[-105.527192060807,35.8396741174741],[-105.52720327112,35.8389403290965],[-105.523881136465,35.8399229988641],[-105.52351299875,35.8396280214014],[-105.525245310209,35.8389554121708],[-105.525653139627,35.8383576741243],[-105.52527324967,35.8378121796835],[-105.524503367589,35.8375077867866],[-105.524592956325,35.8381059482819],[-105.523469674829,35.8374716493259],[-105.523920877808,35.8372649588263],[-105.523988452768,35.8365027565895],[-105.520849179969,35.8376876007074],[-105.520087813022,35.8373075653097],[-105.519699417837,35.8376288625778],[-105.519204603826,35.837484207957],[-105.519443285242,35.837992773063],[-105.518602021329,35.8383322288475],[-105.518082577441,35.8377382129814],[-105.516459842604,35.8375984339309],[-105.516477915044,35.8382832442361],[-105.517907976162,35.8385973542384],[-105.518455708002,35.8391175648862],[-105.519081595908,35.839111560503],[-105.519072088188,35.8394869225338],[-105.519803489496,35.8395713369637],[-105.51946022912,35.8399044250167],[-105.520293662648,35.8410155436589],[-105.521811516909,35.8414017347736],[-105.525909873102,35.8415455343326],[-105.528443201667,35.8419904264209],[-105.528619792321,35.8415243055461],[-105.529775964073,35.8407189719076],[-105.529551897855,35.8405167924085],[-105.529731486308,35.8397344109481],[-105.530478898033,35.8393146079159],[-105.530422639844,35.8387997287609]]],[[[-105.551317914601,35.826686426384],[-105.548443009525,35.8280855885745],[-105.548347937817,35.8295116680196],[-105.549393728826,35.8307000661969],[-105.549019074322,35.8307278193279],[-105.54889196008,35.8310871258541],[-105.548382737421,35.830593500781],[-105.548017114191,35.8313828942987],[-105.547561239438,35.8314480250756],[-105.547749463638,35.8306200800995],[-105.547207075625,35.8304148511917],[-105.54714234014,35.8311893098318],[-105.54666749046,35.8314372324366],[-105.546542344219,35.8321527145208],[-105.545214352711,35.832499485089],[-105.544423523702,35.8340390896578],[-105.542860388616,35.8345749275011],[-105.543946446923,35.8349714652994],[-105.543148683897,35.8360590414464],[-105.543636556608,35.8364593621818],[-105.543452649811,35.8370571871241],[-105.543775713858,35.8373675552897],[-105.542759383547,35.8382847986347],[-105.54474478573,35.8383157764585],[-105.545310554954,35.8374143292222],[-105.544930809874,35.8370401207448],[-105.545316429381,35.836120183059],[-105.547834147492,35.8334588880415],[-105.548784501069,35.8331226339428],[-105.549070934097,35.8318861219118],[-105.550026458527,35.8305793998315],[-105.552433580964,35.8298546162418],[-105.553379635327,35.8297521746591],[-105.553449981103,35.8300622793776],[-105.554619167583,35.829161018974],[-105.554338906253,35.8286327720459],[-105.554791581775,35.8282967542999],[-105.554314069427,35.8278787067643],[-105.553126260641,35.8282566671531],[-105.552845507932,35.8279149136005],[-105.552253230549,35.8280049363713],[-105.552661998359,35.8272711066175],[-105.552937280932,35.8276857834572],[-105.554112625736,35.8270940473218],[-105.55175473274,35.8267360371437],[-105.551421906255,35.8270044682776],[-105.551317914601,35.826686426384]]],[[[-105.551476171363,35.8575428346981],[-105.548464811712,35.858034686486],[-105.550146434609,35.8583726376878],[-105.551337525715,35.8592175920461],[-105.550591439928,35.860412480161],[-105.548852005465,35.8607700099386],[-105.549262543095,35.861176403709],[-105.549027545435,35.8612603314565],[-105.546463144528,35.8614632921889],[-105.546608912844,35.862245961063],[-105.547546621021,35.8634856939108],[-105.548003845386,35.8636083630179],[-105.548284240522,35.8628257508499],[-105.549765023597,35.8623815158654],[-105.555243922164,35.8636772000034],[-105.55807174929,35.8629322848183],[-105.557550614107,35.8617344488479],[-105.557550612172,35.8613958883336],[-105.55799462518,35.861204740346],[-105.557404926915,35.8605413254192],[-105.556024984164,35.8600542880698],[-105.554730501595,35.8602206605388],[-105.554355416558,35.8597986918933],[-105.554645042804,35.8582966181871],[-105.552340764464,35.8576385651339],[-105.552059988735,35.8582693356197],[-105.551476171363,35.8575428346981]]],[[[-105.512139449651,35.8318699383534],[-105.510552705397,35.8306699024881],[-105.509600613199,35.8309195323604],[-105.509682161064,35.8316301788966],[-105.509111616748,35.8307687027172],[-105.509700451288,35.8304021355802],[-105.509855174594,35.8296956503658],[-105.508971434557,35.8299838491285],[-105.508310023698,35.8306067152782],[-105.509167023319,35.8319123109299],[-105.509809416673,35.8320364458403],[-105.510438524268,35.8314211290214],[-105.511201519681,35.8316701787244],[-105.510974027476,35.8321059305838],[-105.511234164522,35.8321964124085],[-105.509326124416,35.8325438915555],[-105.50915847603,35.834258684663],[-105.508812270758,35.8346173004188],[-105.509038290994,35.8351089982146],[-105.508332333299,35.8348913943256],[-105.508146300708,35.8353668858293],[-105.50752754531,35.8354329141408],[-105.507193130342,35.8359433368695],[-105.505418344957,35.836076897405],[-105.505153844264,35.836357850589],[-105.504590595029,35.8357509082007],[-105.504668600351,35.8361099616711],[-105.503727025345,35.8369106287237],[-105.503640591125,35.8374867876042],[-105.502190275621,35.8371657533966],[-105.502671825643,35.8366803060404],[-105.50146827174,35.8367802824433],[-105.502287399727,35.8362031963771],[-105.501693836672,35.8355968349322],[-105.500731014561,35.8354837729058],[-105.500564622632,35.8351143576023],[-105.499446923028,35.8360978533093],[-105.499298282147,35.836847330569],[-105.498813516053,35.837140861501],[-105.498976959166,35.8377566269379],[-105.498297298136,35.8373975711826],[-105.49794441374,35.8375154539919],[-105.497938941509,35.8380230721471],[-105.49721968634,35.8381653314519],[-105.49703650105,35.8372875152902],[-105.494925353043,35.8364509223597],[-105.4941456502,35.837600981253],[-105.497086508331,35.8388720299597],[-105.500455463553,35.8392803085579],[-105.501025894974,35.8397081320734],[-105.500705393819,35.8407783697409],[-105.50101079674,35.8409468732026],[-105.500621839352,35.8413005863328],[-105.502989831336,35.8416924798365],[-105.501825309872,35.8406790196744],[-105.504796735407,35.8393299470325],[-105.505921212067,35.8396203344179],[-105.506993278101,35.8382960657347],[-105.506868948753,35.8375833066481],[-105.505610041668,35.8366717249007],[-105.507039362818,35.8366952181078],[-105.507551349228,35.8358726721242],[-105.508403768039,35.8356304044759],[-105.509278421186,35.8363768426388],[-105.509248124045,35.8358449817777],[-105.509695190905,35.8358145362471],[-105.509822172494,35.8353411394215],[-105.510701167991,35.8347147028183],[-105.509975684915,35.8342606158761],[-105.510307188618,35.8337301378396],[-105.510970357667,35.8340529007795],[-105.510800292939,35.8342909927865],[-105.511160744133,35.8353041560826],[-105.511427269143,35.8352701910388],[-105.512043788343,35.8341293209373],[-105.511351926186,35.8337538562997],[-105.511364008838,35.833297063694],[-105.512835683382,35.8331426929791],[-105.513839859773,35.8326202000651],[-105.514903812701,35.8327265957203],[-105.515074044922,35.8321733418368],[-105.516045348628,35.8317147547682],[-105.514691068647,35.8311680428954],[-105.513822461972,35.8311701573368],[-105.51388691912,35.8307896319833],[-105.514513712524,35.830824872916],[-105.514172532783,35.8304949278544],[-105.514553923626,35.8303038694815],[-105.513145164883,35.8298529003909],[-105.512346672742,35.8302080965729],[-105.512429025351,35.8305704500168],[-105.513151549945,35.8309744805349],[-105.51217189206,35.8308217000575],[-105.512403834297,35.8314072654741],[-105.512139449651,35.8318699383534]]],[[[-105.527717332155,35.8265169036753],[-105.527527188415,35.8272061750395],[-105.528335301194,35.8279429820747],[-105.527276695706,35.8291642753942],[-105.528638433471,35.8300491437047],[-105.529822409615,35.8298080894567],[-105.529989816821,35.8301781745781],[-105.529401247738,35.8303032871254],[-105.530083572195,35.8306685053487],[-105.53008106246,35.8312645007751],[-105.531448907009,35.8311278902179],[-105.531805425436,35.8315794819351],[-105.531119790229,35.833391174458],[-105.531487116729,35.8334474680454],[-105.531465997993,35.8340207528474],[-105.531170712668,35.8346349167526],[-105.530569543198,35.8349302754057],[-105.531452972249,35.8358864582065],[-105.531328689413,35.8377513863712],[-105.533332371181,35.8400676637736],[-105.536465776213,35.8399354829997],[-105.536378327445,35.8389762974867],[-105.535978538025,35.8386226003677],[-105.536162313083,35.8381032983422],[-105.535693071291,35.8380789224578],[-105.536515787984,35.8372397507944],[-105.53458937946,35.8365502557122],[-105.53498716696,35.8362320667152],[-105.534585706064,35.8346245236787],[-105.536433515976,35.8338172463987],[-105.535429800581,35.8337514284672],[-105.535380436738,35.8332742528194],[-105.535660160966,35.8325667170891],[-105.536673409022,35.8321674109428],[-105.536368877266,35.8317458579783],[-105.537533508348,35.8315319462215],[-105.537794955763,35.8310803534226],[-105.537557277179,35.8305099238386],[-105.536701628881,35.8303435477539],[-105.536511485153,35.8313418026561],[-105.534681350883,35.8310803534464],[-105.534586278394,35.8294878998403],[-105.535346854941,35.8295592036634],[-105.535415122623,35.8287145042191],[-105.533579339441,35.828703279954],[-105.533326577471,35.8294878999578],[-105.532518464493,35.8295116683568],[-105.532574352295,35.8286325062836],[-105.532233249371,35.8286084855241],[-105.532637304353,35.8281093577859],[-105.532661072374,35.8265644388262],[-105.530893497974,35.8262039999687],[-105.530894227636,35.8266854267694],[-105.530092575845,35.8272426408842],[-105.529851428588,35.825991894857],[-105.529404859394,35.8258038639706],[-105.528572980355,35.8259227038624],[-105.527717332155,35.8265169036753]]],[[[-105.522007913083,35.7066201869598],[-105.519514000852,35.706688152232],[-105.517411526638,35.7060037568091],[-105.517183354432,35.7055474115235],[-105.517396977323,35.7051937832272],[-105.516824136162,35.7050443472067],[-105.516427901394,35.7044563305839],[-105.516852742488,35.7041331120733],[-105.516483624671,35.7039425985348],[-105.517916956698,35.70393508078],[-105.516872207361,35.7027018699811],[-105.516544736076,35.7030724200701],[-105.516681375423,35.703425407687],[-105.515621888216,35.7034934805952],[-105.514931269492,35.7030269488777],[-105.513922139204,35.703703936312],[-105.513362121844,35.7034687319636],[-105.512948495609,35.7037345090613],[-105.512440653927,35.7030020441269],[-105.513136748397,35.7015795910959],[-105.514072456288,35.700731657672],[-105.512397903144,35.7003272442598],[-105.509354870048,35.7000966587709],[-105.508812901697,35.7002431420354],[-105.508875094909,35.700933128656],[-105.508517578592,35.701208141249],[-105.506984585105,35.7012907459211],[-105.506135998766,35.7034463228491],[-105.505048188667,35.7038895693182],[-105.506160448997,35.7043102120545],[-105.504986610522,35.7050689971693],[-105.50434421835,35.7048792688747],[-105.504243520342,35.7039289188796],[-105.502903553481,35.7039216839978],[-105.502349357195,35.7034911347915],[-105.502292771224,35.7040338372077],[-105.503599983129,35.7049854276014],[-105.504115719649,35.7050387782481],[-105.504291962152,35.7054715344166],[-105.506078120682,35.7056311776082],[-105.506439690182,35.7054502491453],[-105.506200680333,35.7051801306648],[-105.5074658902,35.7049610406197],[-105.509651146484,35.7053131174667],[-105.509956637171,35.7050483589878],[-105.511043064414,35.7056070400244],[-105.511281345772,35.7058453208453],[-105.510998343381,35.7066061805615],[-105.511519575974,35.7065884269524],[-105.512252977215,35.7078036890134],[-105.511559396975,35.7086419232106],[-105.509878716748,35.7087607448809],[-105.510581854554,35.709367497299],[-105.510309636899,35.7098318751643],[-105.511313932493,35.7101757073372],[-105.511395307379,35.709381788587],[-105.512121491615,35.7094605613141],[-105.512643804943,35.7091075409167],[-105.513713884146,35.7095047764673],[-105.514317612417,35.709239675961],[-105.515383729075,35.7095614420001],[-105.515174513431,35.710701036897],[-105.517195678397,35.7107729827568],[-105.517639699841,35.7096840966216],[-105.519329866743,35.7091770467015],[-105.522118643504,35.7076136399492],[-105.522341270394,35.7069670291439],[-105.522007913083,35.7066201869598]]],[[[-105.378051461552,35.6872693569856],[-105.3763580089,35.6863737569938],[-105.375241374606,35.6872985201294],[-105.374232614751,35.687111563823],[-105.373112159003,35.6877469608585],[-105.37101767049,35.6871216652121],[-105.37028970193,35.6873067906236],[-105.37026374838,35.6870081973675],[-105.367842159568,35.6868559906619],[-105.367399754105,35.6861679563285],[-105.365742685983,35.6867777443034],[-105.36491844794,35.6861309243684],[-105.365160658114,35.68558608245],[-105.36305959298,35.6845520291042],[-105.359355746467,35.6839067656361],[-105.358574053333,35.6834830523781],[-105.35834340138,35.6827698016815],[-105.357441708351,35.6824071209018],[-105.356984367419,35.6827151569089],[-105.356513157514,35.6825600128198],[-105.356046637665,35.6819606769996],[-105.356698358809,35.6821619777308],[-105.357375561372,35.6819500873833],[-105.356891938064,35.6813271177505],[-105.357452176182,35.6808422135538],[-105.357098155308,35.6804021589625],[-105.357271931678,35.6801165620389],[-105.356529714718,35.6791780896338],[-105.354501180672,35.6784515243964],[-105.353469797587,35.6786448454691],[-105.352845587595,35.6781725179032],[-105.351634644612,35.6763505906425],[-105.35137505467,35.6749479581779],[-105.349604157508,35.6735913482809],[-105.350231382147,35.6768645008628],[-105.350910983527,35.677204301394],[-105.350019009309,35.6797952770913],[-105.348150106346,35.6793280529412],[-105.347692342933,35.6782422001804],[-105.348659806341,35.6777564763758],[-105.348829706143,35.6769919256768],[-105.347597928579,35.6765671758293],[-105.344814805941,35.6792320459237],[-105.344816027889,35.6796871556668],[-105.345389462718,35.6799115435109],[-105.344817721859,35.6803179859344],[-105.344818992013,35.6807909586953],[-105.347715016831,35.680732217347],[-105.348772510741,35.680184062118],[-105.350953231642,35.6804955947236],[-105.35083640782,35.6809239504529],[-105.349808248718,35.6815388930863],[-105.36858446834,35.6892312536419],[-105.377732764543,35.6889463140486],[-105.378899551247,35.68821748038],[-105.378088329587,35.6877331541646],[-105.378051461552,35.6872693569856]]],[[[-105.550562343972,35.8409806317483],[-105.549045207263,35.8419792746061],[-105.548854395644,35.84108882106],[-105.548535048336,35.8410491587438],[-105.548154753225,35.8413114345287],[-105.548461025633,35.8420008317518],[-105.548108917408,35.8428543262257],[-105.547568821312,35.8425419920946],[-105.546829028802,35.8426739774356],[-105.546342046054,35.8429810341716],[-105.546564659995,35.8434262605217],[-105.545880917872,35.8439827934726],[-105.544084784723,35.8445409101896],[-105.543766091972,35.8443644164374],[-105.5410672714,35.8461702741095],[-105.540238332669,35.8461692206708],[-105.539762463052,35.8468643642678],[-105.538213400402,35.8469507501408],[-105.537410786931,35.8483059049059],[-105.535572782058,35.8485964963955],[-105.534729641074,35.848275796216],[-105.534410227748,35.8488435747469],[-105.532970142604,35.8495592579115],[-105.532889267897,35.8499082311184],[-105.531570573762,35.8495521867581],[-105.528675872635,35.8500664301786],[-105.528406753543,35.850500561017],[-105.531000512398,35.8504330813591],[-105.531222610399,35.8507187658174],[-105.532442719198,35.8504485272935],[-105.534139205639,35.8509261271046],[-105.535627635585,35.8500390647354],[-105.536527554314,35.8500627823493],[-105.53795847995,35.8495425232144],[-105.538724187731,35.8496696189203],[-105.538766274385,35.8494216079788],[-105.537806742943,35.849254505029],[-105.539026750179,35.8485741981984],[-105.538957385297,35.8477539182651],[-105.538528774652,35.8474448285953],[-105.538692278618,35.8472389328233],[-105.539088572053,35.8472329396992],[-105.540943312862,35.8485666413595],[-105.542675961738,35.8486679338668],[-105.544690885458,35.8495580404251],[-105.545214268502,35.8493141928197],[-105.544609503467,35.8491450904383],[-105.544771410505,35.8487275944021],[-105.546769441414,35.8489013738319],[-105.546423727236,35.8480269927002],[-105.546592845872,35.8477834277752],[-105.547691701164,35.8488328343856],[-105.548359423088,35.8489904621793],[-105.549594209734,35.8474055510282],[-105.549976218968,35.8474063331286],[-105.550348120038,35.848031881925],[-105.550977698013,35.8482783462667],[-105.551004335663,35.8474041530699],[-105.551539459195,35.8472163246558],[-105.552377946966,35.848172376005],[-105.554239681378,35.8476256881851],[-105.557097628076,35.8473885724612],[-105.556791536444,35.8470152123801],[-105.558268598269,35.846176828716],[-105.559638464068,35.8470412250045],[-105.559880404398,35.8467101587156],[-105.560698861401,35.8471028003004],[-105.561896917746,35.8463749355209],[-105.561111933224,35.846066154507],[-105.559970882573,35.8463050954373],[-105.559251740015,35.8459016064552],[-105.559198648586,35.8454975138146],[-105.559614551689,35.84523316758],[-105.561064842159,35.8452839776957],[-105.562269769264,35.8445793663704],[-105.562446172065,35.8441464001457],[-105.55990997201,35.8440889800684],[-105.558911182749,35.8437038588325],[-105.558426383705,35.8429031066864],[-105.556844610146,35.8425805206995],[-105.552736896654,35.842391105802],[-105.552004859045,35.8418156059398],[-105.551356108835,35.8417567061385],[-105.552507529817,35.8410093968047],[-105.552586267095,35.840765966521],[-105.55202728987,35.8404679006691],[-105.550562343972,35.8409806317483]]],[[[-105.404911218885,35.9828972980908],[-105.407001787251,35.9850251993913],[-105.408793703473,35.9859958200361],[-105.408756371325,35.9865931249247],[-105.411006176479,35.986276334305],[-105.412083162055,35.9864248842055],[-105.411182925382,35.9871904307042],[-105.411556100172,35.9884764464387],[-105.412323813426,35.9882817575467],[-105.413369605448,35.988947260453],[-105.412513958101,35.9897316036042],[-105.412418885206,35.9903020356997],[-105.410884292154,35.9913823087519],[-105.409024517375,35.9934336920514],[-105.409475319346,35.9940203396083],[-105.407509321602,35.995330306794],[-105.406690803493,35.9962677977878],[-105.40669080426,35.9966243172389],[-105.407570219453,35.9972660527765],[-105.40773659571,35.997741412164],[-105.408926478757,35.997603260712],[-105.410458647,35.9987039226413],[-105.411186588054,35.9982879562332],[-105.416000659015,35.9977490283656],[-105.41712883838,35.9978919577257],[-105.417439995562,35.9975962131515],[-105.41787707359,35.9977514711611],[-105.418049525376,35.9982247834056],[-105.418359395142,35.9973804358337],[-105.419176419386,35.9970461989502],[-105.420002777495,35.9981439204858],[-105.420106596573,35.9972725054713],[-105.419815965269,35.9966393670229],[-105.419224591483,35.9960447689568],[-105.417719144588,35.9964579410704],[-105.417972451456,35.9952758445538],[-105.416602049761,35.99446143133],[-105.415957378267,35.9951603460595],[-105.416724997155,35.9957147370575],[-105.416991995798,35.9971164885186],[-105.415040871117,35.9970310440435],[-105.415099506422,35.9972954985999],[-105.414715689827,35.9974359293353],[-105.413787992266,35.9967159883286],[-105.414367860613,35.9955785262298],[-105.412639770877,35.99542377021],[-105.41382435668,35.9949121561531],[-105.413678589809,35.9946991114622],[-105.414130180205,35.9943901271949],[-105.414866987513,35.9942950550502],[-105.414985827212,35.9939623033323],[-105.414605541119,35.993605784192],[-105.41396380578,35.9936533204452],[-105.413749892912,35.993368104369],[-105.414629307898,35.9922510079966],[-105.416102921986,35.9921559373262],[-105.419706650169,35.9930406994361],[-105.420627814685,35.9927528346469],[-105.419657193829,35.9913342336312],[-105.419167729297,35.9919839748919],[-105.418794602102,35.9919356050006],[-105.41828273574,35.9910005025274],[-105.419722479058,35.9897046275789],[-105.419769188491,35.9881237186544],[-105.420142502843,35.9876384074799],[-105.421598436346,35.9874890819364],[-105.421598434716,35.9869664398962],[-105.420067840422,35.9862198086208],[-105.419731855599,35.9856971657457],[-105.418611908706,35.9855478408562],[-105.417566624322,35.9841665718038],[-105.416222687856,35.9838679189285],[-105.416110693533,35.9846145512249],[-105.414766756333,35.9847265452743],[-105.412078881987,35.9840545777423],[-105.409764323621,35.9828226358605],[-105.407935077198,35.9827106419093],[-105.408943029489,35.9835692676678],[-105.409279014992,35.9844652245875],[-105.408233729774,35.9840545782851],[-105.406591141817,35.982785305065],[-105.404948551681,35.9824493207206],[-105.404911218885,35.9828972980908]]],[[[-105.544317542489,35.7710350533063],[-105.544504393995,35.7713566740651],[-105.545130476001,35.7707985633117],[-105.545696991038,35.7711832139205],[-105.546565625069,35.7709847900934],[-105.546843592262,35.7705365270149],[-105.548063371279,35.7706704691577],[-105.548198601155,35.7698362449029],[-105.548803952993,35.7697443116508],[-105.548770703153,35.7688083965666],[-105.54799177284,35.7681626690101],[-105.548378597688,35.7671911175144],[-105.548074934312,35.7668705894216],[-105.548645565167,35.766714802266],[-105.548798110213,35.7664426359224],[-105.548533138155,35.7663953187502],[-105.547377047129,35.7663591906639],[-105.547340920637,35.7669372362551],[-105.54781058179,35.7677320484805],[-105.547088023969,35.76852685997],[-105.543077835443,35.7688158834895],[-105.541813361845,35.769249416942],[-105.541522065308,35.7680319281827],[-105.540933899276,35.7678447530516],[-105.540394807197,35.7671181525774],[-105.540558878925,35.7666962556619],[-105.541307572211,35.7659979122761],[-105.542246895365,35.7662508087637],[-105.543005580505,35.7675875372686],[-105.543402986573,35.7675152811006],[-105.545209377613,35.7646973124657],[-105.544342310004,35.7639386276613],[-105.540634062939,35.763442043956],[-105.540416554694,35.763633965925],[-105.539700637391,35.7631566859701],[-105.539104038053,35.7634251555431],[-105.538567099619,35.7630373670565],[-105.53624036792,35.762768898665],[-105.537135265173,35.7636936249137],[-105.535912238495,35.7637532838157],[-105.53409261387,35.7633356660923],[-105.53304856872,35.7643498820413],[-105.531109625293,35.7637831154801],[-105.529886597876,35.7643797121359],[-105.528651664338,35.7641978550127],[-105.527388902611,35.7650214236371],[-105.527516913453,35.765300721694],[-105.527010705905,35.7658181088485],[-105.527112418811,35.766109846735],[-105.527589695478,35.7658712075504],[-105.528186293438,35.765155289698],[-105.529707619022,35.7659905270851],[-105.531855371313,35.7658115486053],[-105.532780098246,35.7653342700628],[-105.533466187717,35.7655729084488],[-105.532392309812,35.7666467854822],[-105.532362480705,35.7674521923741],[-105.532839758855,35.7682874295479],[-105.532272990615,35.7688840271468],[-105.530751666391,35.7689735168484],[-105.530274387972,35.7683769195332],[-105.529170681746,35.7678698117287],[-105.528835436261,35.7691915638381],[-105.530423536545,35.7699280753445],[-105.52964796061,35.7703755224607],[-105.529737450609,35.7710914402871],[-105.531136135855,35.7715737547803],[-105.534062266822,35.7715700788561],[-105.53508576541,35.7724073236496],[-105.53597013604,35.7722057063775],[-105.536321336853,35.7714227342789],[-105.537343358973,35.7717792534728],[-105.537176983373,35.771066215038],[-105.537723646995,35.7711375180607],[-105.537652344224,35.7721357727243],[-105.536772927854,35.7739183720936],[-105.535251777534,35.7755821296448],[-105.535489457853,35.7761050257075],[-105.536487711849,35.7761287936393],[-105.53855552581,35.7753206812456],[-105.538864510888,35.7746551787932],[-105.539469974715,35.774641097727],[-105.539783370965,35.7742493532285],[-105.539286840886,35.7737510676881],[-105.539475309953,35.773379393231],[-105.537699878624,35.7733241714922],[-105.538460455303,35.7729676525352],[-105.539292334146,35.7730627242411],[-105.540094387595,35.7719102444905],[-105.542110182721,35.7714505646379],[-105.542477241792,35.7718980919522],[-105.542767417751,35.7714740366545],[-105.543823687581,35.771497510055],[-105.543681035609,35.7709933780721],[-105.544317542489,35.7710350533063]]],[[[-105.502735700076,35.7947584309754],[-105.502422588682,35.7932651153564],[-105.501622405936,35.7932388788019],[-105.501424730402,35.7929423679226],[-105.500062461819,35.7933221968292],[-105.499653851611,35.7931101406768],[-105.50018519834,35.7929211304501],[-105.50017116769,35.7926165782601],[-105.501330035332,35.7926423312303],[-105.501886250842,35.7919225220442],[-105.501325707996,35.7915738707792],[-105.502241449981,35.7914628526781],[-105.502868530863,35.7903727876803],[-105.505759544885,35.7884537529564],[-105.507603812574,35.7882294498667],[-105.507664416387,35.7876703927719],[-105.506164837664,35.7874857459747],[-105.505311881478,35.7877688061511],[-105.504889170674,35.7883871089888],[-105.504649243842,35.7882414341712],[-105.50477509095,35.7878163317048],[-105.503483426764,35.788567085278],[-105.503653306784,35.7872857419424],[-105.502379149209,35.7874278371078],[-105.502499504592,35.7865629364621],[-105.502031584543,35.786945516052],[-105.501355740093,35.7869079695443],[-105.501284849355,35.7863219597586],[-105.500318817788,35.7855451557627],[-105.49974383309,35.7855885197295],[-105.499828326851,35.786014420967],[-105.499325786858,35.7859246846075],[-105.499480970927,35.7864203291266],[-105.499164470228,35.7863686256536],[-105.498554020474,35.787228440533],[-105.49819438433,35.786699004721],[-105.497951751508,35.7870298333814],[-105.498101273533,35.7875467424219],[-105.497293365879,35.7882576958958],[-105.496567955343,35.7881873770504],[-105.495941116388,35.7885531185435],[-105.495629949684,35.7880162586861],[-105.495154633675,35.7883427985384],[-105.495082656361,35.7889092752584],[-105.493922923579,35.7893096446642],[-105.494235598464,35.7896671722303],[-105.49386186459,35.7898160597149],[-105.494275785955,35.7911976921134],[-105.493788774665,35.7912626276155],[-105.493318902289,35.7926876756328],[-105.4929685463,35.7924811631388],[-105.493213643409,35.7923251920239],[-105.492891239033,35.7912598761698],[-105.491167963283,35.7907802141311],[-105.490839425968,35.7909986024829],[-105.491281019931,35.7916730520673],[-105.490876964863,35.7917205881763],[-105.490092619605,35.7911501573711],[-105.489478078106,35.7911502063923],[-105.489500580918,35.7907764654811],[-105.488790175132,35.7909506443156],[-105.489467084491,35.7924198211924],[-105.490272491718,35.792539140646],[-105.490069221993,35.7936771260182],[-105.491598796579,35.7935481416028],[-105.492099342997,35.7939973397518],[-105.491001687714,35.7941513951134],[-105.49096312331,35.7944984714809],[-105.489938219441,35.7945178091147],[-105.489551146182,35.7952301323712],[-105.488571268559,35.7956421158711],[-105.485818412555,35.7945261875383],[-105.485282654345,35.7952508954944],[-105.486012153739,35.7950839325852],[-105.486448248069,35.7959957673812],[-105.48617090499,35.7965217200477],[-105.485006273629,35.7972347583472],[-105.48351106324,35.7968900901849],[-105.483933644139,35.7965704644376],[-105.48355587596,35.7963502744998],[-105.481583684869,35.7963078086192],[-105.480915610096,35.7959483768677],[-105.480708892632,35.7953282259647],[-105.479164747287,35.7947793019632],[-105.480258027168,35.7956198519035],[-105.479933959878,35.7980930452409],[-105.480613234297,35.7979674327462],[-105.482064921162,35.7993317832963],[-105.482500521509,35.799212413143],[-105.482746986875,35.7999235865706],[-105.48226845382,35.8003180032293],[-105.482538318291,35.8006876498529],[-105.483988335984,35.8004246576485],[-105.486699815707,35.8005882058447],[-105.487137136155,35.8002515454679],[-105.488013917665,35.8011033583457],[-105.488417758421,35.8008202156135],[-105.488116522772,35.8004506555699],[-105.489553072498,35.8000494488781],[-105.491341025026,35.8005443760678],[-105.492509655871,35.8012411890226],[-105.492891224924,35.8010287008941],[-105.491781783515,35.8000099094636],[-105.492603078573,35.7993379409388],[-105.494544322083,35.7997485875192],[-105.496986814958,35.7990956724864],[-105.501722096019,35.7967529548387],[-105.503491595047,35.7967280323756],[-105.50227039164,35.7964040400784],[-105.502694074687,35.795855743384],[-105.503537478067,35.795907647284],[-105.502735700076,35.7947584309754]]],[[[-105.498213320055,35.9272736263301],[-105.495883334325,35.928033708068],[-105.496186083045,35.9282787476301],[-105.496027396841,35.9286760969351],[-105.496762972444,35.9288821938956],[-105.496855533175,35.9295107596209],[-105.496541874229,35.9295850432152],[-105.496086494263,35.929117012924],[-105.49502994612,35.9296181122302],[-105.495480368764,35.9299292723891],[-105.494875156055,35.9311182002863],[-105.492635806029,35.9317377376308],[-105.488571483782,35.9353980060634],[-105.487668299277,35.9354930767389],[-105.484578462593,35.9372043725459],[-105.483390064805,35.9372043719317],[-105.483199920019,35.9382026266617],[-105.480514138066,35.9390107375969],[-105.480989497929,35.9399376881],[-105.48006254748,35.940175369534],[-105.47982486746,35.9409359448926],[-105.479985186202,35.9424617556809],[-105.480585442282,35.9425046301459],[-105.480894427246,35.9419579674909],[-105.482368041169,35.9414588399574],[-105.482359115967,35.9444047637432],[-105.484686905356,35.9450166085495],[-105.487063702813,35.944942332523],[-105.48593632068,35.9460986215256],[-105.48667506602,35.9462466758711],[-105.488377753495,35.9457959809466],[-105.489807456835,35.9464287991241],[-105.492110381957,35.9464590404858],[-105.49073031114,35.9455491020773],[-105.49091229796,35.9452457907143],[-105.49565999737,35.9452285135],[-105.496720733056,35.9447453236163],[-105.495310329743,35.9440325404264],[-105.494294233222,35.9428799524064],[-105.494734035783,35.9424553143088],[-105.496735898229,35.9437595589881],[-105.49713020378,35.9432742583115],[-105.496402254975,35.9425463093213],[-105.49758517352,35.9421520029042],[-105.497266695495,35.9416363710862],[-105.498282791965,35.94089325536],[-105.498449614613,35.9391947046825],[-105.49814630081,35.9387700683478],[-105.496611108397,35.9387822310772],[-105.496766229007,35.9395738461224],[-105.496478082721,35.9397558328788],[-105.495977616908,35.9397558334991],[-105.495249666791,35.9404079553579],[-105.494491385936,35.9403927908451],[-105.494567213622,35.9400439802932],[-105.495173838726,35.9400743109282],[-105.4958866228,35.93934636236],[-105.496129272098,35.9375113198634],[-105.497873320046,35.9372686705422],[-105.497979479336,35.9368288675348],[-105.498867727149,35.9367367710419],[-105.499260715147,35.9360715311476],[-105.497152444298,35.9360378807745],[-105.496255034985,35.9339962222279],[-105.49844174419,35.9337458106195],[-105.498665268144,35.9333759266871],[-105.496797509001,35.933008554364],[-105.496024197549,35.9324713167676],[-105.495648673336,35.9317471926681],[-105.496514844416,35.9312804896699],[-105.496263798957,35.9308469502296],[-105.497592738513,35.9306814352742],[-105.501128288703,35.9313270275865],[-105.502259371011,35.930389490774],[-105.50216179558,35.9299938845327],[-105.501258203522,35.9296679495165],[-105.501169414438,35.9292998773702],[-105.502349594617,35.9296231278476],[-105.50297383981,35.9294459221972],[-105.501508864478,35.9286987895639],[-105.501626974342,35.9276985513239],[-105.499413154865,35.9281570202997],[-105.49878027532,35.9280647251447],[-105.498213320055,35.9272736263301]]],[[[-105.447595483832,35.8798284781337],[-105.445901458982,35.8781552504284],[-105.445090017272,35.8789538479907],[-105.445669348544,35.879605933691],[-105.441733958307,35.883229469919],[-105.442390297283,35.8849148255502],[-105.442182510434,35.885378243928],[-105.443051232161,35.8862048963544],[-105.442870368062,35.8864604177246],[-105.444434342613,35.8869351043083],[-105.445717813555,35.8878858238432],[-105.446145636912,35.8887177022902],[-105.446145637863,35.8899774051965],[-105.446573461137,35.8913559476038],[-105.445456366717,35.8926631861637],[-105.444933472086,35.8940654971985],[-105.44465833542,35.8950743303386],[-105.444980120913,35.8956752651346],[-105.444296801207,35.8985286165293],[-105.444917338949,35.8999896756069],[-105.445409474554,35.9001810608464],[-105.444671272709,35.9020675779155],[-105.444999362694,35.9026964183064],[-105.447104606848,35.9033525968773],[-105.448116217823,35.9048290024356],[-105.448034195337,35.9078364951277],[-105.448498990172,35.9083833104418],[-105.448143558403,35.9097503525009],[-105.448623039078,35.9099387211448],[-105.449829676076,35.9075181726974],[-105.450305036187,35.9065199168354],[-105.450305035046,35.9046897824465],[-105.450780394724,35.9044045665629],[-105.451564738056,35.9047135508547],[-105.451445898814,35.9064723808475],[-105.452634296778,35.9063773082477],[-105.454678343298,35.9068764349263],[-105.455557758601,35.9073280274484],[-105.455737037715,35.9084183330058],[-105.457934557005,35.9084688887381],[-105.458338612061,35.9082312111236],[-105.456056886067,35.9057355731838],[-105.453133424587,35.9045709421609],[-105.452420385089,35.9038816714471],[-105.452182706087,35.9034300796427],[-105.452753137948,35.902645736234],[-105.455034863202,35.9036677583886],[-105.458718899963,35.9062109318377],[-105.459859762934,35.9064961486106],[-105.462402935373,35.9061158604819],[-105.46297336722,35.9056167325388],[-105.464399446052,35.905830644668],[-105.464660894107,35.9054028215401],[-105.464484119299,35.9047224623925],[-105.463815645503,35.9046853243498],[-105.463444270792,35.9051681122466],[-105.462033047046,35.904499637858],[-105.460101899276,35.9047595994918],[-105.455682539156,35.9008601661415],[-105.454568416078,35.900637341082],[-105.454122766162,35.899634630442],[-105.454791241162,35.8980748576595],[-105.454308454526,35.8975177951096],[-105.453565704219,35.8973692453431],[-105.454568415612,35.896960732738],[-105.454494141296,35.896106571805],[-105.452488717895,35.8956609218774],[-105.451411731746,35.8961437097417],[-105.449851957468,35.8955495095473],[-105.449591994089,35.8946210742056],[-105.451634555904,35.8951409989729],[-105.451671692605,35.8943611110031],[-105.4512631811,35.8938783242336],[-105.450594706394,35.8940268737041],[-105.449740545262,35.8930241617403],[-105.450037644812,35.8926156510033],[-105.450743257323,35.8927270629953],[-105.453491427624,35.8912415645176],[-105.457873650156,35.8917243517354],[-105.459173461114,35.8925413760764],[-105.459841935741,35.8920214497802],[-105.460810480998,35.8935901369364],[-105.461024392458,35.8932573851403],[-105.461499751838,35.893162313167],[-105.461309608676,35.8935901367372],[-105.462219695958,35.8930677913228],[-105.46229609876,35.8933109061907],[-105.465777988998,35.8929721690826],[-105.466182042178,35.8921402897182],[-105.46941448877,35.8917362341605],[-105.469913616054,35.8919976824484],[-105.469699704053,35.89147478712],[-105.467536818327,35.8899536365947],[-105.464233069199,35.8903339237023],[-105.462022646401,35.8901675480081],[-105.461000624082,35.8902863870053],[-105.460572800644,35.8907617479846],[-105.458148467856,35.890690443994],[-105.457482963797,35.8904765322525],[-105.457530498388,35.8899774055325],[-105.456960067992,35.8904765320776],[-105.455747900122,35.8906429086547],[-105.455153700949,35.89004870884],[-105.455866741266,35.8891692947712],[-105.458124697805,35.8887652373877],[-105.459004114548,35.8891455250886],[-105.459622081155,35.8886463971433],[-105.457791945663,35.8879571260384],[-105.456864996481,35.8870301756053],[-105.456830161653,35.8864379921832],[-105.455684785087,35.8866836290097],[-105.454250517399,35.8875293022727],[-105.451398359903,35.8861982970885],[-105.450328802086,35.885342649675],[-105.449758368982,35.8841542497955],[-105.449805904667,35.883441211048],[-105.448950257652,35.8831559955811],[-105.448118379459,35.881991363995],[-105.447595483832,35.8798284781337]]],[[[-105.505762529005,35.7778155536773],[-105.505928559349,35.7776567423873],[-105.504917214572,35.7776378491786],[-105.50516451987,35.7773977252672],[-105.504725204372,35.7770093969205],[-105.505250564263,35.7766119905556],[-105.505141414806,35.7758897822823],[-105.504382575752,35.7753915770305],[-105.505360720842,35.7747895236444],[-105.505405559115,35.7741988723781],[-105.506108585046,35.7740319036226],[-105.505594465385,35.7726085331456],[-105.506272081507,35.7725338705756],[-105.50694405687,35.7718608857042],[-105.508080940786,35.7716283802455],[-105.506867363068,35.770399191645],[-105.506432735816,35.7712465019926],[-105.506466231069,35.7703823956256],[-105.506200393956,35.7703418483157],[-105.505240648899,35.7723466566343],[-105.504866434809,35.77241438069],[-105.502684779085,35.770721353917],[-105.503051961781,35.7692162109774],[-105.50189928243,35.7672691031226],[-105.500550520649,35.7673875298321],[-105.501251604679,35.766267605613],[-105.502803222002,35.7660986251345],[-105.505460481123,35.7639065574833],[-105.505644165464,35.7632014705045],[-105.505009006078,35.7630671244146],[-105.505089532198,35.762631839864],[-105.502887162671,35.7627837212023],[-105.502649406909,35.7639184342538],[-105.501112581733,35.7641774831662],[-105.500261178326,35.7639718282256],[-105.499111853008,35.7643396569933],[-105.498121499041,35.7640511014218],[-105.498134955463,35.763311914493],[-105.498732626073,35.7622499133811],[-105.499633762978,35.7615192239962],[-105.498929832824,35.7610607574531],[-105.496939851569,35.760959742425],[-105.496878571922,35.7611994179729],[-105.496381305478,35.7609257107134],[-105.496566901439,35.7605763865977],[-105.495044956971,35.7597627151165],[-105.494647871283,35.7603995471255],[-105.492795679279,35.7611869597491],[-105.492033990083,35.7596456849763],[-105.491139443247,35.7597456581883],[-105.491189743652,35.7604338730637],[-105.490342511212,35.7604349368914],[-105.4901820338,35.7599257978474],[-105.488252973994,35.7605395287077],[-105.487340753629,35.7602621425751],[-105.487260975205,35.7598590006424],[-105.4864209716,35.7597126142604],[-105.487366625953,35.7595307885704],[-105.488949015238,35.7586268840083],[-105.487850668793,35.7578930687982],[-105.486557333439,35.7559278619762],[-105.485916272885,35.7557613362085],[-105.485905748817,35.7560878511384],[-105.485646750699,35.7560719790449],[-105.485629759127,35.7557846622901],[-105.485195630306,35.7562275619146],[-105.484238851381,35.7561227854918],[-105.481736073355,35.7571221300156],[-105.481084918061,35.7570691023775],[-105.4830937585,35.757307340042],[-105.483000032958,35.7576072086956],[-105.481423098734,35.757754148847],[-105.481104632452,35.7580897539091],[-105.481272693665,35.7583293671532],[-105.480237538351,35.7593683773789],[-105.480739436178,35.7594275529031],[-105.481550114052,35.7603379529043],[-105.481587881648,35.7625662174722],[-105.481936029104,35.7629514458415],[-105.482093023086,35.7629446189713],[-105.481850715561,35.7625353347469],[-105.482785035927,35.7627448646483],[-105.483547092428,35.7622917977494],[-105.483096714226,35.7618533301431],[-105.482873139299,35.7608962843589],[-105.483206797751,35.7607127928095],[-105.48485112519,35.7611600146392],[-105.484813456891,35.7616818276439],[-105.485907536591,35.7614577971703],[-105.485863542321,35.762250549368],[-105.486905188063,35.7632484543775],[-105.487103954241,35.7641753720726],[-105.487774937384,35.7645530759322],[-105.487412201065,35.7658109332767],[-105.486462872821,35.7657794520313],[-105.488323024603,35.7689261357907],[-105.48815982266,35.7695245418195],[-105.486854208901,35.7699597474113],[-105.486527805871,35.7712109605715],[-105.484950188176,35.77273417641],[-105.484025379229,35.7741485920312],[-105.482913452414,35.7774088642996],[-105.486121816487,35.777369424375],[-105.488939361952,35.7767750388794],[-105.488915128667,35.7775332688715],[-105.48949207524,35.777526180342],[-105.490068851969,35.7767229947939],[-105.490306531441,35.7772458910692],[-105.491299835204,35.7777383634141],[-105.491879819153,35.7776409405091],[-105.491819113896,35.7765656808435],[-105.494208334428,35.7758937122532],[-105.495253618949,35.7761177017962],[-105.497391500738,35.7776220586014],[-105.500517372,35.77731231153],[-105.505762529005,35.7778155536773]]]]},"properties":{"name":"Calf Canyon","year":2022,"acres":299794,"src":"wfigs"}},{"type":"Feature","geometry":{"type":"Polygon","coordinates":[[[-105.745576387603,36.1036177237065],[-105.747050788137,36.1040577622586],[-105.747436170215,36.1047745428239],[-105.747906774518,36.104709820729],[-105.748253031886,36.1057794381824],[-105.749462205013,36.1060720901364],[-105.749341003857,36.1074882557406],[-105.749747382881,36.1084634402041],[-105.750767386831,36.1094429113946],[-105.75218812947,36.1123130509916],[-105.752034172536,36.1129875213703],[-105.752700868364,36.1140901960049],[-105.751821004981,36.1152266862531],[-105.750882590631,36.1156024015616],[-105.750525182766,36.1148362130244],[-105.74950806552,36.1147167482573],[-105.748520133349,36.1159525204516],[-105.748170339274,36.115866061179],[-105.748272069012,36.1163897512192],[-105.74711039472,36.1170346215724],[-105.747120400418,36.1175736609819],[-105.746727770391,36.1177901386579],[-105.745419488126,36.1180555438138],[-105.744953114276,36.1174705518719],[-105.743019238166,36.1165283532672],[-105.741006871719,36.1150484764166],[-105.740592773497,36.1140473215647],[-105.738158049495,36.1132302745797],[-105.737755263189,36.1134495290227],[-105.73480761166,36.1119932548347],[-105.731685421658,36.109584525316],[-105.731238114344,36.1088634397701],[-105.732558652021,36.1077570598937],[-105.73305870557,36.1065042991371],[-105.732950801942,36.1057527389842],[-105.735340085702,36.104929642967],[-105.735610246594,36.1043121182356],[-105.735531112127,36.1030056038728],[-105.734983486361,36.1021438968868],[-105.735709600929,36.1016813832308],[-105.736812811284,36.1023317520646],[-105.737880367255,36.1019900333863],[-105.738298473786,36.1010396932606],[-105.739929357593,36.1013073275488],[-105.740866089769,36.1004387968276],[-105.741416655962,36.1003214977051],[-105.742821209423,36.1020303399614],[-105.74318168669,36.101822142362],[-105.743336343842,36.1021593060662],[-105.744789460649,36.1022410174503],[-105.74488365957,36.102818107224],[-105.745576387603,36.1036177237065]]]},"properties":{"name":"El Valle","year":2023,"acres":526,"src":"wfigs"}},{"type":"Feature","geometry":{"type":"Polygon","coordinates":[[[-105.829142083282,36.0692959329703],[-105.828944133221,36.0702945501076],[-105.828413133667,36.0701221169247],[-105.828025799879,36.0706694330666],[-105.827621733173,36.0703739502634],[-105.827532983216,36.0699460165225],[-105.827785266979,36.0698456168907],[-105.827707516893,36.069691299885],[-105.827795133176,36.0697366998711],[-105.827805804263,36.0697314762419],[-105.827744316378,36.0695107336606],[-105.829142083282,36.0692959329703]],[[-105.827836867107,36.0697141164219],[-105.827828871203,36.0697227389698],[-105.827860749717,36.0697382167131],[-105.827836867107,36.0697141164219]],[[-105.827826249919,36.0697214668263],[-105.827805804263,36.0697314762419],[-105.827815600391,36.0697370498558],[-105.827826249919,36.0697214668263]],[[-105.828557716614,36.0702461334796],[-105.828539353253,36.0702691001591],[-105.828544333513,36.0702725331798],[-105.828557716614,36.0702461334796]]]},"properties":{"name":"Ruedas","year":2024,"acres":3,"src":"wfigs"}}]}