{"type":"FeatureCollection","features":[{"type":"Feature","geometry":{"type":"LineString","coordinates":[[-105.64087605069548,35.855522352636655],[-105.64186419196024,35.856023762655326],[-105.64256464017456,35.85668649871476],[-105.64298391033704,35.857476697809574],[-105.64300613837952,35.85790833187324],[-105.64335810550035,35.858392788925954],[-105.64424060371938,35.858639776912305],[-105.64458329085035,35.859264659986636],[-105.64472834097161,35.8602872141322],[-105.64464853299556,35.86076870520925],[-105.64494404709102,35.861105872243],[-105.64480424229478,35.86381266765835],[-105.64451045936786,35.86541178791586],[-105.64361292330182,35.86696478520118],[-105.64358420233985,35.86747649227987],[-105.64339665731401,35.867662609318664],[-105.64297993634003,35.86903530154917],[-105.64299982741633,35.86986264267252],[-105.6426076214158,35.87086661984614]]},"properties":{"trail_name":"JACKS CREEK","trail_no":"257","trail_type":"TERRA","gis_miles":1.244,"trail_surface":"NATIVE MATERIAL"}},{"type":"Feature","geometry":{"type":"LineString","coordinates":[[-105.51885460686593,36.10130752563089],[-105.51861212874138,36.1005154025262],[-105.51795126148721,36.09932006838539],[-105.51770860243093,36.099299650396425],[-105.51728011828969,36.098790853345065],[-105.51712052716564,36.09779325020472],[-105.51678145503251,36.09714840912773],[-105.51774096818686,36.09645644796802],[-105.5185912602819,36.095371233755706],[-105.51909048137402,36.09514515369272],[-105.51954185347154,36.09510173165995],[-105.52099426782513,36.09541094862177],[-105.52252835912839,36.09494388646239],[-105.52317228223711,36.09453794236398],[-105.52377327239084,36.09475000436079],[-105.5246132065707,36.094650913297045],[-105.52513591764296,36.09414053219004],[-105.52552382172934,36.09413167616609],[-105.52596116580172,36.09383967009681]]},"properties":{"trail_name":"KNOB SPUR","trail_no":"19D","trail_type":"TERRA","gis_miles":0.9610000000000001,"trail_surface":"NATIVE MATERIAL"}},{"type":"Feature","geometry":{"type":"LineString","coordinates":[[-105.57330907680063,36.03001350376746],[-105.57234992955645,36.02968377377361],[-105.57120330929764,36.02966634083757],[-105.57064062813747,36.02928017781229],[-105.56874287166791,36.028782056847646],[-105.56736209938845,36.02912668897953],[-105.56626092512104,36.028895230008686],[-105.56547026191144,36.02852931399961],[-105.56441022467372,36.02853060206136],[-105.56228877010103,36.02743082701937],[-105.56167096095277,36.02732102503874],[-105.56111015976784,36.02664919797039],[-105.56034435557865,36.02645212898528],[-105.55961745436892,36.02592191094786],[-105.55830109788647,36.0237935627046],[-105.55780080574189,36.02342624367852],[-105.55750482260444,36.02261845357438],[-105.55712502949741,36.022370030559074],[-105.5571258384514,36.0218448574802],[-105.55652045026548,36.02127516642976],[-105.55639024008258,36.019526709174706],[-105.55489137249477,36.01666437883178],[-105.55485825538948,36.01555108266646],[-105.55452498622766,36.01455993153692],[-105.55462212420098,36.01400797144837],[-105.554239783945,36.01207085817957],[-105.5539327738553,36.01183373316174],[-105.55396773384197,36.011592757123516],[-105.553059611539,36.010463212006464],[-105.55216724927183,36.00970097994367],[-105.55164228107152,36.008761244832954],[-105.55133064999416,36.008677026838384],[-105.55109839889049,36.008089813763604],[-105.55064147877628,36.007956674770064],[-105.55032775367197,36.007570434730226],[-105.54968336050842,36.00735475673518],[-105.5489717702691,36.00644741864013],[-105.54882449820663,36.00611225359827],[-105.54931686918987,36.004662395351886],[-105.54884998601253,36.003835645254725],[-105.54969628006084,36.002222447963284],[-105.54971231801737,36.0016859338817],[-105.55035367915137,36.0015725488275],[-105.55052439512983,36.000891071715195],[-105.55207235136128,35.99956990242698],[-105.55246115044145,35.99948922439236],[-105.55253630742226,35.999078658326304],[-105.5529814634913,35.998727244247746],[-105.5538862655664,35.99726926897618],[-105.55435226665813,35.99712286392723],[-105.55519009985703,35.9972474648974],[-105.5557245199594,35.99704718483636],[-105.55629911502015,35.99626973068623],[-105.5577215242719,35.99550169348842],[-105.55781436324983,35.995012724409584],[-105.55798774528381,35.9949565753911],[-105.55822920536197,35.99523025541822],[-105.55845674530416,35.993988861218504],[-105.55820167821798,35.99365871618365],[-105.55746017403094,35.99342324519121],[-105.55683274283075,35.992745464125726],[-105.55640481274203,35.99282859216297],[-105.55603359163575,35.99256685014517],[-105.55522276429687,35.99077620692302],[-105.55475202414853,35.99028927587709],[-105.55455067101745,35.989309734741546],[-105.55378605577827,35.98853790566976],[-105.55254670347338,35.98823191269555],[-105.5511179002273,35.98908197790603],[-105.54964748492118,35.98935398503207],[-105.54919550778051,35.988906116990925],[-105.54820156454407,35.988752886025416],[-105.54706218622425,35.98802104198139]]},"properties":{"trail_name":"EAST FORK SANTA BARBARA","trail_no":"26","trail_type":"TERRA","gis_miles":4.63,"trail_surface":"NATIVE MATERIAL"}},{"type":"Feature","geometry":{"type":"LineString","coordinates":[[-105.55864724830573,35.98211187242248],[-105.55778782319821,35.983085073618525],[-105.55641132695489,35.98383301781058],[-105.55586984987667,35.98432689091619],[-105.5547826466664,35.98471058803679],[-105.5542602345883,35.98515703213417],[-105.55325487938845,35.9854501792364],[-105.55119378801095,35.986419852501456],[-105.54812517040682,35.98738282782387],[-105.54713695623964,35.98800492397463],[-105.5459893549895,35.988089040053694],[-105.54585899203512,35.98894388418975],[-105.54336011563801,35.990810235614994],[-105.54251396047155,35.99107777770422],[-105.54037338514556,35.992838764092916],[-105.54005221313865,35.99358176322323],[-105.53752475178152,35.99597780072978],[-105.53700512869297,35.99629793580799],[-105.53584053655756,35.99773440609137],[-105.53527228851586,35.99871290627139],[-105.5352266159074,36.003293146962534],[-105.53466155183617,36.00392677509052],[-105.5346199118536,36.004231244138715],[-105.53462100401227,36.00603665640998],[-105.53480420415856,36.007234942579494],[-105.53469891333025,36.009460062920006],[-105.53425914634808,36.010787347144976],[-105.53454252453884,36.012235375346144],[-105.53519188573205,36.0127756813897],[-105.53538200082534,36.01335184446527],[-105.53615695007541,36.01421858255058]]},"properties":{"trail_name":"SKYLINE-DIVIDE","trail_no":"36","trail_type":"TERRA","gis_miles":2.997,"trail_surface":"NATIVE MATERIAL"}},{"type":"Feature","geometry":{"type":"LineString","coordinates":[[-105.5425592370246,36.03142291476372],[-105.54315141730225,36.033068241976466],[-105.54435273473739,36.03494934418924],[-105.54515488998719,36.03574247226176],[-105.54554843826493,36.03789447756202],[-105.54609770247001,36.03882437366977],[-105.54613037551076,36.03920346272483],[-105.54770883601665,36.04092584989173],[-105.54788690712334,36.04168379799518],[-105.54783177116376,36.04228361108844],[-105.54871927243057,36.04305141215216],[-105.54971507069229,36.04348576815956],[-105.55036072183037,36.043408262110404],[-105.55194572321857,36.04377668007364],[-105.55369808771717,36.04497323815146],[-105.55437223494282,36.045816947238976],[-105.55443930908689,36.047282302455],[-105.55466880017758,36.04772695450841],[-105.55471091423315,36.04825051758456],[-105.55628527780596,36.050742146866966],[-105.55812409533347,36.05204525595565],[-105.56053087792917,36.05267639891053],[-105.56277002251868,36.05366366592855],[-105.56393076378389,36.05371784686922],[-105.56605557524067,36.0534912677117],[-105.5663974873383,36.05372830872738],[-105.56716749663615,36.0551470488955],[-105.56718006370811,36.05593135801241],[-105.5668854417353,36.05698984518834],[-105.56584038660377,36.058157810424255],[-105.56586072263698,36.05848236947174],[-105.56546239357394,36.05878120853978],[-105.56449806539386,36.05919307665757],[-105.5620790109086,36.05984552289607],[-105.55918435528382,36.060127061106634],[-105.55814629411056,36.06080381526849],[-105.5574511290289,36.06164721043543],[-105.55726884402813,36.0621022905143],[-105.55747227811592,36.062579920574166],[-105.55730553719418,36.06389122078056],[-105.55770199854126,36.0668172301964],[-105.55885546802625,36.06938023551374],[-105.56002026641332,36.07080365965948],[-105.56081229564798,36.0714487877102],[-105.56148609188378,36.07240695281468],[-105.56199141003279,36.07281010484573],[-105.56266929328336,36.07392568097359],[-105.56346198752578,36.074656663037096],[-105.5655584722197,36.07718679129446],[-105.56584509134318,36.07785710837828],[-105.56599339852794,36.07957200762673],[-105.56568405355537,36.080668509809136],[-105.56676523813167,36.08444548131245],[-105.56691535334257,36.08645076060431],[-105.56712206545151,36.087158293698316],[-105.56697020648829,36.08795956282727],[-105.56709008561609,36.089101603991445],[-105.56660459960877,36.09025127819208],[-105.56674857068882,36.09079120526458],[-105.56647172772597,36.091914103449014],[-105.56651977688826,36.09362685370287],[-105.5669701060802,36.094654763830704],[-105.56783969432661,36.09523440986693],[-105.56725270225071,36.09586603299577],[-105.56731502528403,36.09608436802486],[-105.56778207941615,36.09639319604394],[-105.56676620922381,36.096796052163505],[-105.56664567823269,36.09720214023133],[-105.56629541318418,36.097542523302806],[-105.56612495121857,36.09836390543578]]},"properties":{"trail_name":"SKYLINE-DIVIDE","trail_no":"36","trail_type":"TERRA","gis_miles":6.175,"trail_surface":"NATIVE MATERIAL"}},{"type":"Feature","geometry":{"type":"LineString","coordinates":[[-105.53615695007541,36.01421858255058],[-105.5381672686731,36.01588634268464],[-105.53863308084125,36.01661002276637],[-105.53913891998427,36.01694584278747],[-105.54007900031908,36.01835483894467],[-105.53989330442282,36.02001007320409],[-105.54066255477426,36.02204417546512],[-105.54030659490711,36.02446426484931],[-105.5404095249872,36.02511293694072],[-105.53997872013598,36.027904831385136],[-105.54004616318358,36.028273701436596],[-105.54044112730985,36.02870135447789],[-105.54090071650002,36.02969073859986],[-105.54155996067742,36.03002585461192],[-105.54201057287685,36.03114324575364],[-105.54245462598215,36.03120701373739],[-105.5425592370246,36.03142291476372]]},"properties":{"trail_name":"SKYLINE-DIVIDE","trail_no":"36","trail_type":"TERRA","gis_miles":1.4,"trail_surface":"NATIVE MATERIAL"}},{"type":"Feature","geometry":{"type":"LineString","coordinates":[[-105.61089100744103,36.08909487743905],[-105.61068718435155,36.08859989337682],[-105.61094392836364,36.08808547528484],[-105.61077826522914,36.08698472912965],[-105.61049000809469,36.08619479402815],[-105.60987719589247,36.08546158795402],[-105.60977714282852,36.08499247188963],[-105.60925077963452,36.08413326079158],[-105.60969231863045,36.08296698859121],[-105.60962432655087,36.08223905848616],[-105.60990977750312,36.08097480428016],[-105.60977220441123,36.08028373918466],[-105.61038312947758,36.0794845020294],[-105.61041725645543,36.0791473899769],[-105.61100742153191,36.07851523284788],[-105.61139323948868,36.07704709260546],[-105.61143325341774,36.07614282146771],[-105.61170539143228,36.07561664437306],[-105.61109499520381,36.07457972225323],[-105.61128392312197,36.073173757031626],[-105.61125872406349,36.07257514994346],[-105.6110205069541,36.07194151386238],[-105.6116362169579,36.070421067598765],[-105.61175932891452,36.0696174384712]]},"properties":{"trail_name":"MIDDLE FORK SANTA BARBARA","trail_no":"24","trail_type":"TERRA","gis_miles":1.501,"trail_surface":"NATIVE MATERIAL"}},{"type":"Feature","geometry":{"type":"LineString","coordinates":[[-105.51780592528253,36.13125999918314],[-105.5178694954189,36.13263686238582],[-105.51808061452658,36.13331662947538],[-105.51802373658057,36.13406968059159],[-105.51823848866773,36.134508263644776],[-105.51820673572894,36.13527923776215],[-105.51851124884762,36.135845903829335],[-105.51908134502443,36.136395641878465],[-105.5193259651369,36.13704370696132],[-105.51912043809662,36.137109960983224],[-105.51895410302232,36.136693708930565],[-105.51820893682,36.13630024791505],[-105.51784876974864,36.13640773895222],[-105.51794667282155,36.136982062032565],[-105.51823565189596,36.137088999031704],[-105.51834647295863,36.13751450808903],[-105.51809403494039,36.13794835016879],[-105.5183234980324,36.138404900223776],[-105.51796784303706,36.13935758738731],[-105.5180782141076,36.13987325445815],[-105.5177743130818,36.1403523965477],[-105.51771152731268,36.14311370096513],[-105.51731292728653,36.143827657095414],[-105.51697800044047,36.14640982350187],[-105.51597581437977,36.148262344837924],[-105.51588669046063,36.149398696013414],[-105.51555403250089,36.15069386822692],[-105.51585650474166,36.1526399365008],[-105.51556761872126,36.15314154659283],[-105.51557299876713,36.15364414266781],[-105.51501899878564,36.155253557941236],[-105.51461167575809,36.15597430307303],[-105.51402799166902,36.15644787517806],[-105.51438829375984,36.15655902317368],[-105.51550980897498,36.15614399004594],[-105.51596972909178,36.15629527404179],[-105.51611463714367,36.156513278065944],[-105.51654166324508,36.1565745460502],[-105.51587389709931,36.156622503096386],[-105.51530137999451,36.15689092817004],[-105.51516403000916,36.15740315425481],[-105.51464913794511,36.15798462037196],[-105.51457169596598,36.15841544744102],[-105.51467253602286,36.15880043049282],[-105.5149183500854,36.158882768490805],[-105.51497552811986,36.159125943523875],[-105.51516966815781,36.15906199950298],[-105.51554428017714,36.15833237737176],[-105.51647496635245,36.1579519662604],[-105.51734971756248,36.15810370923204],[-105.51751094062705,36.15842306627047],[-105.5179131977307,36.158572338269316],[-105.5179828848054,36.15923693636479],[-105.51844470094323,36.1596203543952],[-105.51842875600117,36.16031237049981],[-105.51877474912504,36.160831522557324],[-105.51855603509699,36.16106912860572],[-105.51868838022943,36.162224804771085],[-105.51805215117467,36.16321701995687],[-105.51806377326866,36.16424474611005],[-105.5184135823838,36.16465569515117],[-105.51886024645391,36.16431567607417],[-105.51929323555683,36.16437916205836],[-105.51930992560284,36.1648546621286],[-105.51904675756987,36.16514880918801],[-105.51895711660127,36.16572844928006],[-105.51870496156475,36.165954931328734],[-105.51881868062914,36.166391694387485],[-105.51947330081843,36.16686668142037],[-105.51955023686577,36.16720443246646],[-105.51985024193525,36.167227923452415],[-105.5198141309462,36.167442199486615],[-105.52008795605008,36.16791883654196],[-105.52071294822657,36.16832407456614],[-105.5210420603667,36.169068681658395],[-105.52096048638211,36.16944769171986],[-105.52037787531336,36.17014667785864],[-105.5184660059064,36.170400647008414],[-105.51710999566052,36.17106239418684],[-105.51580182946692,36.172190476432206],[-105.51517495631171,36.17202864044463],[-105.51375796602233,36.17235478257631],[-105.5129795608136,36.171974958564974],[-105.51259739768601,36.17150553151703],[-105.51177429246889,36.171143921510975],[-105.51148659937586,36.17082509748007],[-105.51087961422128,36.17062033048488],[-105.51042811812763,36.17070790452442],[-105.5097747710177,36.17112315062478],[-105.50737335052125,36.17160892283793],[-105.50700786842567,36.17145720683657],[-105.50658444425108,36.17056420272759],[-105.5062147091485,36.17034488471635],[-105.50583810008385,36.17056961177203],[-105.50486740296407,36.171675863994466],[-105.50448466594814,36.17246408613488],[-105.50403815385278,36.172520060169404],[-105.5033734416844,36.172306483176264],[-105.50294690259572,36.172387162213276]]},"properties":{"trail_name":"LA CUEVA CANYON","trail_no":"492","trail_type":"TERRA","gis_miles":5.048,"trail_surface":"NATIVE MATERIAL"}},{"type":"Feature","geometry":{"type":"LineString","coordinates":[[-105.6728385883799,36.04444437914776],[-105.67195841414079,36.04396760912761],[-105.67139856096028,36.04334290706658],[-105.66981336151676,36.04233845300838],[-105.66917598531877,36.04171226495172],[-105.66533756924825,36.039319593816614],[-105.66473584706199,36.03873516576406],[-105.66395971585555,36.038365433753775],[-105.66266558247217,36.03730393067007],[-105.66241342138304,36.036933199629175],[-105.6610348760068,36.03616793559468],[-105.66002560669533,36.03519828450812]]},"properties":{"trail_name":"TRAMPAS LAKE","trail_no":"31","trail_type":"TERRA","gis_miles":0.9870000000000001,"trail_surface":"NATIVE MATERIAL"}},{"type":"Feature","geometry":{"type":"LineString","coordinates":[[-105.63559517770291,35.99517688292701],[-105.635825825755,35.995181504914335],[-105.63609209087905,35.99591487900891],[-105.63634895803459,35.99703147316152],[-105.63624265706925,35.99769695126748],[-105.63644899120303,35.998694353405135],[-105.63616472128376,36.00033898566832],[-105.6358118982783,36.00117706881449],[-105.63550272521793,36.00127788084752],[-105.63554499928395,36.001922284941756],[-105.63668390265545,36.00324607107424],[-105.63667288866903,36.00342869910227],[-105.63651133862932,36.003388985105644],[-105.63679863371476,36.003628632124936],[-105.63698861180235,36.00414152219082],[-105.63690614783006,36.004667128274484]]},"properties":{"trail_name":"HIDDEN LAKE SPUR","trail_no":"31A","trail_type":"TERRA","gis_miles":0.777,"trail_surface":"NATIVE MATERIAL"}},{"type":"Feature","geometry":{"type":"LineString","coordinates":[[-105.66744708379412,36.01744054541675],[-105.66804785997827,36.018004657466406],[-105.66858889422976,36.01948537065684],[-105.66930967943615,36.01999659969158],[-105.66999170865826,36.02078474977004],[-105.67018574270413,36.020812289762894],[-105.67168993338393,36.0247087972592],[-105.67240372263727,36.02577107637686],[-105.67242691470021,36.02642693547372],[-105.67334750400369,36.02753258058583],[-105.67394038525725,36.028904513756835],[-105.6737323173678,36.03068817103607],[-105.67405721061341,36.03265091731114],[-105.67371149159881,36.03336395743799],[-105.67396196180106,36.035022492671786],[-105.67433204199352,36.03626654883656],[-105.67442364411085,36.03736522999572],[-105.67423591014864,36.03827113914232],[-105.67432020620402,36.03868512819938],[-105.6734128061847,36.040771495564506],[-105.67356526130344,36.04173076569928],[-105.67338426632884,36.042479231821865],[-105.67362385849584,36.04376482400037],[-105.67353980951913,36.04424237707678],[-105.67319026446458,36.044511642137394]]},"properties":{"trail_name":"SAN LEONARDO","trail_no":"30","trail_type":"TERRA","gis_miles":2.119,"trail_surface":"NATIVE MATERIAL"}},{"type":"Feature","geometry":{"type":"LineString","coordinates":[[-105.4949698928094,36.09349522384933],[-105.49675235711608,36.09243301158613],[-105.49897828135579,36.08948549601412],[-105.50002679552207,36.088700629835294],[-105.50103889159978,36.087006154522086],[-105.50097345152673,36.08634524342665],[-105.50013636128102,36.08569252537736],[-105.50003048323266,36.085414573341815],[-105.50030457027307,36.085174806289906],[-105.5004352742462,36.084537931186674],[-105.50042003320107,36.08406571911666],[-105.50011996906562,36.08329510901846],[-105.50066240013383,36.082687651895704],[-105.50076871293255,36.08013691950655],[-105.50122473690409,36.07865355925732],[-105.50100201173743,36.07733211707186],[-105.50114658573649,36.076953692006676],[-105.50158007981578,36.07674805495057],[-105.50154627376386,36.0762460918772],[-105.50187976179262,36.0757227077792],[-105.50168938865735,36.074674553632896],[-105.50186554859201,36.07348567044413],[-105.50073840116292,36.07149190921028],[-105.50061922109673,36.07104498815006],[-105.50071612109602,36.070790065106145],[-105.5004060439418,36.06983118498019],[-105.50094092993312,36.068370655729765],[-105.5011833277316,36.06546749327966],[-105.50149963376505,36.0650409091972],[-105.50171970872458,36.06402086403126],[-105.50167359766908,36.06350900895703],[-105.5019632896758,36.062846608840694],[-105.50190487061667,36.06232486276572],[-105.50227885162252,36.06143839861083],[-105.50341290578892,36.06043546339433],[-105.50367887977906,36.05964546826021],[-105.5041795268333,36.05898521413194],[-105.50592012915438,36.05819125591158],[-105.50612467717879,36.057946967862975]]},"properties":{"trail_name":"ANGOSTURA","trail_no":"493","trail_type":"TERRA","gis_miles":2.898,"trail_surface":"NATIVE MATERIAL"}},{"type":"Feature","geometry":{"type":"LineString","coordinates":[[-105.65040338955195,36.00123182197642],[-105.6510334768199,36.00267543415633],[-105.65107541992933,36.00381344632453],[-105.65151621404745,36.00403419233202],[-105.65188914711811,36.003887914288484],[-105.65288733040735,36.0046353013426],[-105.65335955951647,36.00467330032094],[-105.6538665376599,36.00501313634249],[-105.65408382677008,36.005712926434796],[-105.65357078772315,36.006486570580535],[-105.65390247887711,36.00739309969717],[-105.65568385441692,36.00899493983394],[-105.65858925446952,36.01356578135038],[-105.65944711172206,36.0142522864035],[-105.66024667992654,36.01454129440037],[-105.66445729989053,36.01477984119167],[-105.6665478894689,36.01603269725805],[-105.66697330461629,36.01662471032205],[-105.66715723070774,36.017196187397],[-105.66744708379412,36.01744054541675]]},"properties":{"trail_name":"SAN LEONARDO","trail_no":"30","trail_type":"TERRA","gis_miles":1.687,"trail_surface":"NATIVE MATERIAL"}},{"type":"Feature","geometry":{"type":"LineString","coordinates":[[-105.45001907267253,36.1044468441103],[-105.45117082388794,36.103953232969076],[-105.45213725508951,36.103775116886084],[-105.45265747723572,36.10410584190546],[-105.4530338014395,36.105453770086044],[-105.45344750358,36.10599067114257],[-105.45371732271575,36.1068398672544],[-105.45374243776895,36.10737754433369],[-105.45343415473121,36.10773451840525],[-105.45337169274188,36.108014201450914],[-105.4535383107881,36.10811356645612],[-105.45339754777582,36.10833254349719],[-105.45393227588958,36.10825915145504],[-105.4543368500077,36.10856587647758],[-105.45501510316265,36.108593498442154],[-105.45550828425712,36.10840739638552],[-105.45719734062975,36.108326255274974],[-105.4584293858696,36.107905621140105],[-105.46215407265069,36.10726778782746],[-105.46313999387024,36.10724387576643],[-105.46437743719538,36.10777382877396],[-105.46655988480522,36.109121206849174],[-105.46841461440744,36.1112150880555],[-105.46908806258753,36.111539615064984],[-105.47276255154308,36.11300311307065],[-105.47415809987274,36.11318305901637],[-105.4755604112264,36.113617263999814],[-105.47735249170158,36.11443499701817],[-105.48054047450691,36.11543702298278],[-105.48213965994074,36.1162775660157],[-105.48503526465586,36.11700368195594],[-105.48927269262391,36.11718028773552],[-105.49078019694021,36.116926510609595],[-105.4941638415868,36.115640768219514],[-105.49657471400899,36.11428920487624]]},"properties":{"trail_name":"AGUA SARCA","trail_no":"16","trail_type":"TERRA","gis_miles":3.142,"trail_surface":"NATIVE MATERIAL"}},{"type":"Feature","geometry":{"type":"LineString","coordinates":[[-105.53100643856631,36.13485353595142],[-105.53171546966819,36.13420674881315],[-105.53417870215506,36.13345842155728],[-105.53408801307633,36.13280014846392],[-105.53329114475676,36.13121459627288],[-105.53301185861137,36.130282721149555],[-105.5330601685179,36.129105966970364],[-105.5332937315273,36.12862033688395],[-105.53605146994155,36.12630678737639],[-105.53884281039147,36.12431082391451],[-105.54032268559101,36.12281207060359],[-105.54201469386516,36.1216188703261],[-105.54516472947515,36.12052044597776],[-105.54655455671312,36.11968467477149],[-105.54720967784519,36.11951489470785],[-105.54838374613988,36.119865643691924],[-105.55034218572872,36.12154934782996],[-105.55097818789564,36.12182140183363],[-105.55128667995338,36.12169150979615],[-105.55153835192948,36.12078427964555],[-105.5518382639821,36.1206183636032],[-105.55351458932941,36.12029057445632],[-105.55503903562348,36.11974709128599],[-105.55551631475878,36.12006493330577],[-105.55613475390174,36.12011165027668],[-105.55707344606111,36.11953254213516],[-105.55805141626469,36.11935218605111],[-105.55877082432943,36.11826019384556],[-105.56136727482709,36.11729916055017],[-105.56455479951066,36.116939333310334],[-105.56602031078165,36.11628554612697],[-105.56706926599512,36.11603716402857],[-105.57015528275751,36.11682490796654],[-105.57193149609783,36.11616731576447],[-105.57317553337568,36.11615235468969],[-105.57458666665403,36.11571960654253]]},"properties":{"trail_name":"CORDOVA CANYON","trail_no":"17","trail_type":"TERRA","gis_miles":3.328,"trail_surface":"NATIVE MATERIAL"}},{"type":"Feature","geometry":{"type":"LineString","coordinates":[[-105.5988837464126,36.16422841238177],[-105.59944315855869,36.16446001738363],[-105.59970015861104,36.164400129359684],[-105.59972324558954,36.16410024631347],[-105.59939652447426,36.163628566262105],[-105.59954037049444,36.16349261323332],[-105.600429351737,36.16397725225379],[-105.60083205881531,36.16384225221005],[-105.60176306786477,36.16205024488769],[-105.60211269591622,36.16174646682183],[-105.60214361981805,36.16056527364339],[-105.60250994285335,36.16003827554318],[-105.6020040536385,36.158898098402325],[-105.60214131562508,36.15840155332005],[-105.60202888654082,36.1577372212273],[-105.60215670854897,36.157506682185314],[-105.60202489550163,36.15730674816319],[-105.6023209725407,36.15699873009981],[-105.60227168344127,36.15600501295409],[-105.60209943137102,36.15564976491102],[-105.60159783924311,36.15547648291446],[-105.60152214319828,36.15516357187212],[-105.60099263102201,36.15451711080638],[-105.60107098491632,36.15313057459449],[-105.60051523274002,36.1525496055401],[-105.60057895771565,36.152114284471274],[-105.60031703761652,36.151660311418716],[-105.60028463954734,36.15096402231646],[-105.59971632037546,36.15046425127497],[-105.59990528739331,36.150188330222655],[-105.59955904927632,36.149746047176755],[-105.59958042425089,36.14940560312457],[-105.59922500813806,36.14903323508966],[-105.59911699408165,36.148670899041825],[-105.59923897508929,36.148449407001515],[-105.59902841403338,36.14835128999918],[-105.59923144902815,36.147780038901864],[-105.59971847408075,36.14714200277797],[-105.59960050596659,36.1461553886373],[-105.6000094940195,36.145718338548015],[-105.59997653699634,36.14554044652332],[-105.60036258806832,36.145376231476234],[-105.60056824507416,36.14492216739629],[-105.60157720624656,36.14431531424654],[-105.6019868093311,36.1442321162102],[-105.60317239252102,36.143376433012925],[-105.6034307094447,36.141865022771746],[-105.60327381837854,36.1415164587288],[-105.60327362934807,36.14117386767758],[-105.6034232953692,36.14103337264783],[-105.60331241032313,36.14079501861863],[-105.60382763436364,36.139949465462095],[-105.60385672626445,36.13875926128234],[-105.60402482425788,36.13826030319791],[-105.60459788934172,36.137757047089146],[-105.6052171663801,36.136624716883574],[-105.60638213459384,36.13608915873539],[-105.60689161163151,36.135225590576454],[-105.60742473771103,36.134774362477835],[-105.60792237771398,36.133550225265665],[-105.60820022775634,36.133325679215865],[-105.60808626570622,36.133049028181105],[-105.60829545172645,36.13274819812387],[-105.60826632767655,36.13225925005245],[-105.60856580770495,36.13182272696968],[-105.60832264461392,36.131411498922354],[-105.60833474155204,36.130683427812755],[-105.60863657256019,36.13001248669475],[-105.6083366314145,36.12912822857996],[-105.60790943628642,36.1287652655506],[-105.60801764228904,36.12852129550779],[-105.60788897620628,36.127913396424375],[-105.608175336141,36.12645366918926],[-105.608033965029,36.125548319062005],[-105.6078055829353,36.125069398003745],[-105.60730898678796,36.12466395997205],[-105.60592776631249,36.12279570977315],[-105.60576094220139,36.12196486365859],[-105.6054754681049,36.12159892062045],[-105.60572379006078,36.120472968437475],[-105.6055599659448,36.1195789973133],[-105.60610671498542,36.11865438614301],[-105.60606719394524,36.11830072309239],[-105.60625063995153,36.11790761602279],[-105.60604999988725,36.11769000200199],[-105.6060466058473,36.117248254936065],[-105.60554427970408,36.11690369391379],[-105.60517428853483,36.1159296227896],[-105.60445667533902,36.1155365587727],[-105.60429718427791,36.11525111773926],[-105.60434450625755,36.11490152368418],[-105.60408569516989,36.114566996649195],[-105.6008459832364,36.112232465488724],[-105.60031387811509,36.112210339516466],[-105.59986539303208,36.11240867657235],[-105.5997175759676,36.11205555252811],[-105.5987919967572,36.11202411957738],[-105.59761471552304,36.11236132269656],[-105.59638830930459,36.11300078186376],[-105.59424037186322,36.113457728057504],[-105.59300761758124,36.113396219120176],[-105.59057593598125,36.112781645169996],[-105.59030999592615,36.11283254119314],[-105.58946521062556,36.11157902105475],[-105.58807497122704,36.110600894989375],[-105.58788633113811,36.11007440592149],[-105.58749589503189,36.10986445391285],[-105.58741770798885,36.10957633687429],[-105.58643310673163,36.109166440870325],[-105.58584698956246,36.108741065840775],[-105.58565042145976,36.108079377753164],[-105.58501349628582,36.10772862573775],[-105.58365972196493,36.10753462978764],[-105.58279451379593,36.10781832688062],[-105.58229072164936,36.10743986485329],[-105.58126765939213,36.10712703186607],[-105.58046018023305,36.10737662295053],[-105.57993191410814,36.107304801970564],[-105.57906618698729,36.10813392014524]]},"properties":{"trail_name":"OSHA CANYON","trail_no":"20","trail_type":"TERRA","gis_miles":6.073,"trail_surface":"NATIVE MATERIAL"}},{"type":"Feature","geometry":{"type":"LineString","coordinates":[[-105.61175932891452,36.0696174384712],[-105.61182187889193,36.0692026094054],[-105.6115036877617,36.06853538232394],[-105.61181697880035,36.06817750625214],[-105.61176815870746,36.06724948511596],[-105.61237087774363,36.06612875591293],[-105.61230993467551,36.06551173082404],[-105.61275647772423,36.06492953871085],[-105.61281513270761,36.06459173065678],[-105.61355236779895,36.06375423348845],[-105.61398577988014,36.06357310843607],[-105.61428348289118,36.06294183632421],[-105.61430922372222,36.06096181702598],[-105.614465209727,36.060619903965694],[-105.61437153057642,36.059150973751045],[-105.61494707756923,36.05760704948622],[-105.61451869244578,36.0572967574646],[-105.6146557594306,36.056776080378604],[-105.61459006631796,36.05566612221613],[-105.6141228650576,36.0539014389788],[-105.60943779280042,36.05155600989977],[-105.61055034514169,36.05259754499114],[-105.61083305531365,36.05382936315934],[-105.61000999005591,36.05299866008267],[-105.60870922770361,36.05231111705527],[-105.60931715490553,36.05305466213132],[-105.60959183406801,36.054199455286984],[-105.60930236596822,36.053803755244495],[-105.60706345230918,36.05202247810767],[-105.60285623112038,36.04923846293494],[-105.60171760884383,36.04899729296497],[-105.60105203464065,36.048385194911866],[-105.59910480010458,36.047257098855894],[-105.59700995756036,36.04641237685097],[-105.59161041011603,36.04376270476742],[-105.59101107597998,36.04374419179945],[-105.59044097883152,36.04351084479756],[-105.59015180673376,36.043136564758264],[-105.58936565453472,36.04287922976533],[-105.58915041649415,36.04296616179085],[-105.58906911645228,36.042698202755396],[-105.5885760063457,36.042743561790864],[-105.58775453613787,36.042475653798405],[-105.58751166302457,36.04180773371231],[-105.58666597678516,36.04124295267675],[-105.58565044653102,36.04094377569088],[-105.58176738448212,36.03892314661328],[-105.58097529126259,36.038447517587926],[-105.5808936812166,36.038133037545514],[-105.5798534059235,36.03745464950409],[-105.57972578184358,36.03687203142408],[-105.5793649127672,36.03692386945287],[-105.57908064167556,36.036606789421796],[-105.57791914538053,36.03621522043044],[-105.57742633917097,36.035090482290315],[-105.57669666097361,36.03470755527525],[-105.57579539968708,36.0337493691838],[-105.57534493157237,36.03359409218662],[-105.57533781953805,36.033222001131215],[-105.57492932440753,36.03278027208859],[-105.5740445681641,36.03226925906326],[-105.57393378507788,36.031572052965096],[-105.57320871788339,36.03121055095294],[-105.57325735276326,36.02972073872648],[-105.57214037045497,36.02906519269296],[-105.57279444157673,36.0287808046123],[-105.57368725178992,36.028927550582495],[-105.57447955892775,36.0284743504685],[-105.57494582402427,36.02838266342767],[-105.57556375307126,36.027340536235386],[-105.57563122105002,36.026926650169365],[-105.57706499723851,36.02541336385905],[-105.57735008718147,36.02403798563604],[-105.57767414623137,36.023778799578345],[-105.57789454722976,36.02319807947835],[-105.57831828528246,36.02271656538151],[-105.57834533719006,36.02159647721181],[-105.57811929912246,36.02140434719612],[-105.57791910299049,36.02041437905915],[-105.57755263985466,36.01980406998875],[-105.577468081719,36.018476985794415],[-105.57664570033711,36.01623029050487],[-105.57625310424169,36.01614630251505],[-105.575915239128,36.01571497046989],[-105.57621853810919,36.01472684430396],[-105.57599814503084,36.014397814267305],[-105.57622802293324,36.012700667999184],[-105.5761252738927,36.012500785975135],[-105.57731447894832,36.010097709545356],[-105.57766689892253,36.00890448834576],[-105.57789645087462,36.00777268816251],[-105.57789362078695,36.006781555013845],[-105.57839616271168,36.00464059066323],[-105.57866401474482,36.00433396360162],[-105.57963973577127,36.002142349215994],[-105.57952524371139,36.00175296916415],[-105.57998975466464,36.00003321387894],[-105.58012455557355,35.99865089066356],[-105.57982758342578,35.99772595254185],[-105.5798619123462,35.996731793390516],[-105.58006576635032,35.9962574783075],[-105.58097063746564,35.99525910710513],[-105.58188116064592,35.99498647301139],[-105.5822314107006,35.99471429995024],[-105.58325880381668,35.99341103269503],[-105.58314508571287,35.992518667567545],[-105.58254454555754,35.99228304156694],[-105.58261186853535,35.9918581064992],[-105.58340255658727,35.99042835323869],[-105.58290395621421,35.98744879582002],[-105.58314507717964,35.9864378526542],[-105.58268364000975,35.98568051156709],[-105.5818511107835,35.98522925254753],[-105.58113664651137,35.98395246839713],[-105.5813392375006,35.983311363289076],[-105.58010210605379,35.98137894907037],[-105.5801974849762,35.98024925489512],[-105.57857285852108,35.9792135168335],[-105.57798264926929,35.97785046266287],[-105.57478152744656,35.97665320966826],[-105.57364017817484,35.9764738477073],[-105.57239753091288,35.976664606807915],[-105.57113650367204,35.9771439469529],[-105.5701673745184,35.97787207711845],[-105.56962826439614,35.97785660614735],[-105.56938118935861,35.97806063519227],[-105.56793028103831,35.97811935328506],[-105.56709899482557,35.97781900028804],[-105.56515438243592,35.978351094480544],[-105.56504318431809,35.9772900023275],[-105.56433537311237,35.97675463728797],[-105.56461534408446,35.97571875211609],[-105.56450930780098,35.972753036676394],[-105.56425198064767,35.97166107552714],[-105.56357096138882,35.970449389384335],[-105.56296767120381,35.96988196833396],[-105.5590210241122,35.96752474120779],[-105.55575965213357,35.96470214697193],[-105.55542646001811,35.96423711792126],[-105.55541724190093,35.96292084372384],[-105.5534641743693,35.96185247067608],[-105.553306618253,35.960926816545964],[-105.55122131952247,35.95792285621464],[-105.5509824333365,35.95640928500078],[-105.55079634026413,35.95605851995877]]},"properties":{"trail_name":"MIDDLE FORK SANTA BARBARA","trail_no":"24","trail_type":"TERRA","gis_miles":11.874,"trail_surface":"NATIVE MATERIAL"}},{"type":"Feature","geometry":{"type":"LineString","coordinates":[[-105.6337833180954,35.97007204226464],[-105.63331506799429,35.9701150852982],[-105.63286454493183,35.970554729390244],[-105.63174542168144,35.970558373455596],[-105.63062453747627,35.9710826785992],[-105.6289455420801,35.970854825662165],[-105.62810341193465,35.97134834478504],[-105.62750366780271,35.971376275823935],[-105.62660339557617,35.971092474833476],[-105.62572280341483,35.97150278194602],[-105.6244147411371,35.971678642048175],[-105.62404769712826,35.9725167691952],[-105.62301482694335,35.97304730733468],[-105.62230683679765,35.97319523439787],[-105.62099460549611,35.97310962046098],[-105.62002045229127,35.97326341954051],[-105.61942284911403,35.972768381500785],[-105.61881237496442,35.97262277051419],[-105.61816484869782,35.971235417343365],[-105.61753139248704,35.97044979426205],[-105.61495159475132,35.96865086114125],[-105.6136442194303,35.968330730168795],[-105.61083624183719,35.96874400739337],[-105.6079492343136,35.97015386877222],[-105.60726091417541,35.97033767083966],[-105.60644496298777,35.970283193878686],[-105.60528613569439,35.96989911088809],[-105.60475560558059,35.96995813392766],[-105.60361219238011,35.97059500008948],[-105.60329166542489,35.971926447308014],[-105.60263472433198,35.97254733243928],[-105.60137420409839,35.97310587659614],[-105.60057669792408,35.973157203650004],[-105.60001426482334,35.973446269726026],[-105.5994931727089,35.97347366776028],[-105.59731488827882,35.97413817898616],[-105.59638057606698,35.97411127103619],[-105.59464376262171,35.97347300504082],[-105.59304720925478,35.973370462117856],[-105.59269524915372,35.97311750410022],[-105.58914774528924,35.97232805718688],[-105.5874353579074,35.972352230289644],[-105.58560352959492,35.97347463956425],[-105.58477976543648,35.97377392565693],[-105.58184304779577,35.97397753485745],[-105.57933043820714,35.973689915959625],[-105.57548821424031,35.97248901200151],[-105.57323292975639,35.972738727169514],[-105.57210362049803,35.972681005226164],[-105.5696582870296,35.973594224504915],[-105.56837618076742,35.97388430362273],[-105.56569372929297,35.97533726099636],[-105.5627556639188,35.978590018655304],[-105.56201583386274,35.97984443488667],[-105.55864724830573,35.98211187242248],[-105.5585385722231,35.98144746032888],[-105.55800209805261,35.9808751962739],[-105.55498390524124,35.97934297821826],[-105.55318374178835,35.978783293238266],[-105.5477188083567,35.97643719520173],[-105.54175405085745,35.97460024627057],[-105.53878527607934,35.973322091250054],[-105.5372085147026,35.97306093930196],[-105.53592902931021,35.97185853519512],[-105.53488426303848,35.971432689191495],[-105.53408784280207,35.97077357013836],[-105.53102482095427,35.96894116503978],[-105.52699744886336,35.9668041259511],[-105.5246424213025,35.96643577803183],[-105.52306168790199,35.965912995044526]]},"properties":{"trail_name":"SKYLINE","trail_no":"251","trail_type":"TERRA","gis_miles":7.188,"trail_surface":"NATIVE MATERIAL"}},{"type":"Feature","geometry":{"type":"LineString","coordinates":[[-105.60924885763454,36.0841379417924],[-105.60896171054304,36.083831191763196],[-105.60886868346627,36.08319872967389],[-105.60859323639606,36.0831036976757],[-105.60820016724493,36.082390695591805],[-105.60811343617016,36.081764961503104],[-105.60772643006223,36.08152559548982],[-105.60525488945575,36.0809339445451],[-105.60485134634077,36.08065706552716],[-105.60466022025224,36.08014036046084],[-105.60426117015471,36.0800494214705],[-105.60393784009703,36.08021732551445],[-105.6026557667422,36.07945581947501],[-105.60189492555406,36.07925745948964],[-105.60030794312516,36.078431174458245],[-105.59949451387058,36.077614649383264],[-105.59791362244609,36.076822996356654],[-105.59672377515552,36.07655429038569],[-105.59637821604875,36.07622329635623],[-105.59399055144405,36.07543976437778],[-105.5929243041865,36.075231156408556],[-105.59119818470992,36.074219007357385],[-105.5892939372624,36.073988338433644],[-105.58780108188658,36.07352432145095],[-105.58739156675922,36.073122382414574],[-105.587407597712,36.072547251327435],[-105.58704786958792,36.07205559227471],[-105.58638179441044,36.071737197265705],[-105.58616568833159,36.07139355922678],[-105.58595657220548,36.070496521104474],[-105.58611897721983,36.07024616405754],[-105.58511940092264,36.06941996499183],[-105.58436130472317,36.06908652698597],[-105.58401204656954,36.06823364187841],[-105.58364690348019,36.06814903288698]]},"properties":{"trail_name":"JICARITA CREEK","trail_no":"38","trail_type":"TERRA","gis_miles":1.98,"trail_surface":"NATIVE MATERIAL"}},{"type":"Feature","geometry":{"type":"LineString","coordinates":[[-105.58582836727099,36.16184254678865],[-105.58619069123111,36.16048010656367],[-105.5852727129618,36.159767652510794],[-105.58424407859134,36.158197754336136],[-105.58332691033497,36.157629190304725],[-105.58280034420979,36.157550613323735],[-105.58170300688411,36.15665677025422],[-105.58158769979775,36.155976531159205],[-105.58092340359785,36.15540501311253],[-105.57997728127079,36.15411361097464],[-105.57996487022312,36.153608798899874],[-105.57968701911541,36.1530985108398],[-105.5780391035412,36.150798489592],[-105.57759403742362,36.150600039588284],[-105.57700427223769,36.14999658553248],[-105.57597646200827,36.15001054859466],[-105.57546862886524,36.14968392157541],[-105.57491067864639,36.14862952445027],[-105.5744930425262,36.14833176043008],[-105.57432553244999,36.14789702237485],[-105.57401372336501,36.147728678367855],[-105.57394913130885,36.147259546301434],[-105.57324999713099,36.147023695306956],[-105.57235262284885,36.14611457122338],[-105.57231753178588,36.145494541132635],[-105.57185442460047,36.14457695002235],[-105.57210245959527,36.143891757905315],[-105.5720741585147,36.14305569778186],[-105.57178149142112,36.14274154875191],[-105.57184165134198,36.141697706592176],[-105.57030287990261,36.14063895052355],[-105.57008907476289,36.13960542838134],[-105.57029455871348,36.13852934020828],[-105.56965833847374,36.1374369720819],[-105.56998058745569,36.13641892991069],[-105.5699153923699,36.13561685079443],[-105.57043919241121,36.134757875635245],[-105.57050271437826,36.134225652551855],[-105.57002446421131,36.13355401247921],[-105.57027913621422,36.132941992372736],[-105.56972827207318,36.13274627037558],[-105.56940022096731,36.132382698340336],[-105.56910063978664,36.131103906166366],[-105.5686731446399,36.13053119110554],[-105.56891848164965,36.13002064401479],[-105.5688235845804,36.12948015793944],[-105.56929649961283,36.1286484747873],[-105.57000414171455,36.12800500064965],[-105.5699483866105,36.126972365498276],[-105.57051261170436,36.1266032854101],[-105.57103500375607,36.125863389268794],[-105.57139752073493,36.12470766207456],[-105.5714435256751,36.12391632195339],[-105.57183814069296,36.12311880981093],[-105.5721042587286,36.122847070754744],[-105.57265503985234,36.12284894672288],[-105.57287245587607,36.12256616866786],[-105.57315783693502,36.12250845664258],[-105.5730424118736,36.12210781358928],[-105.57349423793322,36.1216368384924],[-105.57371357089187,36.12061476932658],[-105.57416142494465,36.12007619321981],[-105.57411440190691,36.11976988817664],[-105.5743309909375,36.11956599813352],[-105.57418285187826,36.119273104098255],[-105.57448405891901,36.11897014603536],[-105.57442418777809,36.117531565823384],[-105.57478439982275,36.11712284174116],[-105.57480422980659,36.11689059470525],[-105.57452693465324,36.11586188856735],[-105.57469539961987,36.115058689437205],[-105.57496225262709,36.11446463133269],[-105.57551486971118,36.11401345023287],[-105.57580321071445,36.11332011511224],[-105.57611926576945,36.11314053706694],[-105.57583384165486,36.112569415998024],[-105.57488591034048,36.11142222088149],[-105.5742485212039,36.11149450592948],[-105.57254910973508,36.11050705388066],[-105.57210847063156,36.110455064898595],[-105.57171256749082,36.10986868483383],[-105.57105770732238,36.10962625183571],[-105.57048754714278,36.10904283078156],[-105.57031630302261,36.10811954265321],[-105.57043440892234,36.10668774643181],[-105.5699263727688,36.106241635394646],[-105.56959887854943,36.10459332916678],[-105.56899752829484,36.10324158499928],[-105.568870761138,36.10179066678929],[-105.56926505717422,36.101200522677885],[-105.57040556237565,36.100584287519105],[-105.57388714213077,36.10028869927194],[-105.57561656847797,36.09982684510193],[-105.5779138970184,36.100109047010314],[-105.57887148621987,36.099957668931836],[-105.58007483553091,36.10042111093114],[-105.58210067797187,36.10026816279017],[-105.58258023613419,36.1008860348548],[-105.5831533052826,36.10111033685498],[-105.58468347265803,36.101473379820156],[-105.58632965501366,36.10131883170104],[-105.58675527813811,36.101645819725206],[-105.58707642927224,36.1023474668116],[-105.58860390158493,36.10200864767179],[-105.59006649292891,36.102188528613475],[-105.58765535556526,36.10419058205388],[-105.58620797124496,36.10424049614573],[-105.5837963026441,36.103564828185114],[-105.58078540798344,36.10373272638576],[-105.5795330617393,36.104149002521126],[-105.57758871839383,36.105174904788186],[-105.57665412120545,36.10541606787878],[-105.57631570318112,36.105999204985835],[-105.57649969225585,36.10637697703168],[-105.57828591868505,36.10669743997557],[-105.57875323881086,36.106934097983775],[-105.57878506187947,36.10762814908587],[-105.57930491308089,36.10858580219899],[-105.57920879013123,36.10939767432618],[-105.57942627623183,36.10998263940113],[-105.57915821120493,36.110358084472956],[-105.5790521972343,36.110958136568996],[-105.57846423814692,36.11146134467871],[-105.57728364792912,36.111993256827205],[-105.57701601093173,36.112700621948726],[-105.57631111682741,36.11330865708093],[-105.57581646486102,36.11494102835421],[-105.57508165971255,36.115126707424906],[-105.57469539961987,36.115058689437205]]},"properties":{"trail_name":"COMALES CANYON","trail_no":"22","trail_type":"TERRA","gis_miles":8.354,"trail_surface":"NATIVE MATERIAL"}},{"type":"Feature","geometry":{"type":"LineString","coordinates":[[-105.52821976958016,36.13079079350523],[-105.52826076155695,36.130425397448136],[-105.52877173360422,36.129663712304136],[-105.52876079545719,36.1280329330604],[-105.52861618036921,36.127407040975],[-105.52927763947737,36.126950894868095],[-105.5299592125452,36.125988953684164],[-105.53051100965617,36.12584338863017],[-105.53090329664435,36.124715744438284],[-105.53036009941609,36.123515913290156],[-105.52928472703249,36.12191245211252],[-105.52951083303341,36.12135022901504],[-105.52981834608504,36.12115336296765],[-105.52926811680948,36.11943773074256],[-105.52925778567081,36.117898354512434],[-105.52948236364692,36.117058907373476],[-105.52988323071604,36.1168227273147],[-105.5299962877166,36.116542742266176],[-105.52964616656783,36.11575091316784],[-105.52998782160313,36.11528284207776],[-105.52992176547279,36.113978118886045],[-105.53044392552012,36.11318839673718]]},"properties":{"trail_name":"AGUA PIEDRA","trail_no":"19A","trail_type":"TERRA","gis_miles":1.403,"trail_surface":"NATIVE MATERIAL"}},{"type":"Feature","geometry":{"type":"LineString","coordinates":[[-105.528751908386,36.12725195394386],[-105.52793165514717,36.12663635289946],[-105.52644771765988,36.12489854172556],[-105.52630168458603,36.124435625664674],[-105.52617954555426,36.124386473664465],[-105.52584828753575,36.12501748477837],[-105.52571107749456,36.124900160768746],[-105.52547459340556,36.124495011721855],[-105.52513498120405,36.12308175952979],[-105.52552410818355,36.121863839324554],[-105.52484672409163,36.122543955465964],[-105.52426803112955,36.124439151783825],[-105.5240286250867,36.124562340816276],[-105.52405345699566,36.12347192565136],[-105.52372644683936,36.12253658853024],[-105.52374442977118,36.12172194740703],[-105.52319864867101,36.121974461476725],[-105.5230475385199,36.12065177428728],[-105.52351728453733,36.11965781011085],[-105.52357042044468,36.11847679893073],[-105.52312403938197,36.118900958020326],[-105.52165639807583,36.119166472145736],[-105.52171638801612,36.118339704018254],[-105.52263118512784,36.11728106480619],[-105.52277248912566,36.11689848774062],[-105.5223944640766,36.11730306782333],[-105.52196013096722,36.117169491828626],[-105.52141015787097,36.117478132906975],[-105.52123571182234,36.117370947901016],[-105.52105621774696,36.116975024852145],[-105.52124744574171,36.11643053275934],[-105.52103788764602,36.11588149268928],[-105.52013868838566,36.1152220826428],[-105.52015870133594,36.114610095549864],[-105.51985530815284,36.11331182137292],[-105.51902608289464,36.11249886829929],[-105.51892474380095,36.111697915185154],[-105.51870479971232,36.11125447413145],[-105.51889909074805,36.1111648761067],[-105.51914504974147,36.110466509987575],[-105.51974620587562,36.110456473951054],[-105.51972493074426,36.109026802737915],[-105.51997866674989,36.108445920636],[-105.5199647077119,36.10805201557775],[-105.52065285977818,36.10705473538811],[-105.52087230668447,36.10543827813287],[-105.52034967539726,36.10351825787536],[-105.51954743115098,36.102771130810034],[-105.51885460686593,36.10130752563089]]},"properties":{"trail_name":"INDIAN LAKE","trail_no":"19C","trail_type":"TERRA","gis_miles":3.026,"trail_surface":"NATIVE MATERIAL"}},{"type":"Feature","geometry":{"type":"LineString","coordinates":[[-105.50059647792587,36.057821420165304],[-105.50132112414944,36.05851103122677],[-105.50306508355142,36.058627480142974],[-105.50395315771519,36.0582215450304],[-105.50554220006754,36.058169669930294],[-105.50629226620845,36.05785639883962],[-105.5063546641917,36.05750786378365],[-105.5066826142506,36.05733949973932],[-105.50713620836866,36.05752364374064],[-105.50734943544002,36.05778990876823],[-105.50888657275446,36.05743989262639],[-105.50921977780607,36.05717608256738],[-105.51021283003038,36.05719094251193],[-105.51121339527873,36.05745861749397],[-105.51195965843971,36.05738349943936],[-105.51277972959757,36.05708457334684],[-105.51384928584076,36.05711816128977],[-105.51557218524634,36.05733022222146],[-105.51710350863092,36.057791924201815],[-105.51894192302683,36.05759915706607],[-105.52121451359592,36.05826547803405],[-105.52212751987624,36.05912025510937],[-105.5222594958705,36.058718479041396],[-105.52251861094608,36.05891569605594],[-105.52346448517218,36.05907159902439],[-105.52326379407,36.05842334193868],[-105.52369343200128,36.056548445632224],[-105.52327658574893,36.05474711638599],[-105.52417914187915,36.053924995210096],[-105.52491781291131,36.05240711693925],[-105.52521118396137,36.0522277708953],[-105.5255002389533,36.05139930975406],[-105.52607393704317,36.05095727565436],[-105.52737647335977,36.051231041619836],[-105.52778646443001,36.05098374955892],[-105.53035608700426,36.050953174405024],[-105.53109161413182,36.05052633629824],[-105.53169972321557,36.049927201172935],[-105.53173482120141,36.04967685913331],[-105.53206547826679,36.04957621809903],[-105.53253812129725,36.04871762394263],[-105.53253039122363,36.04790144182055],[-105.53305322226865,36.04707945766673],[-105.53342789725531,36.04597287947884],[-105.53397450336483,36.04582317542459]]},"properties":{"trail_name":"SERPENT LAKE","trail_no":"19","trail_type":"TERRA","gis_miles":2.763,"trail_surface":"NATIVE MATERIAL"}},{"type":"Feature","geometry":{"type":"LineString","coordinates":[[-105.54133211364376,36.04158960436167],[-105.54144047662066,36.04105042327439],[-105.54210819372939,36.040583094165456],[-105.5421019066472,36.03966576902809],[-105.54250993265639,36.03872933486383],[-105.54150589021417,36.036265012552086],[-105.53995697773144,36.03473030041148],[-105.53826666928964,36.03402114640311],[-105.5375908610738,36.03329164733277],[-105.537082864953,36.03321503535071],[-105.53612943968203,36.03256791230888],[-105.53588143659496,36.0322106432696],[-105.5359125045819,36.03198285623357],[-105.53622192062902,36.03172903117753],[-105.53631621759996,36.0311583620863],[-105.53613483854171,36.030958572066815],[-105.53435119708617,36.030331755076155],[-105.53386985794774,36.02998595805217],[-105.53389563285994,36.02892198089084],[-105.5349156589482,36.02732164159122],[-105.53505775791109,36.02653663446507],[-105.5351868029178,36.026283617419594],[-105.53595356005694,36.02590829131874],[-105.53635581306068,36.0249237731475],[-105.53627089300183,36.02447110908441],[-105.53646438500436,36.02400593100329],[-105.53616130182886,36.02278339283722],[-105.53674658390874,36.02219700271517],[-105.53664617185693,36.02186386767092],[-105.53603686367143,36.02130986762306],[-105.53596931262581,36.02096306157485],[-105.53554046448653,36.02047361652621],[-105.5354378174051,36.019809160432345],[-105.53487751022706,36.019214364375436],[-105.5346443201233,36.01862937730105],[-105.53385424688214,36.01790261723769],[-105.5320954943817,36.01670006215893],[-105.53158761026096,36.016623426176906],[-105.53096197706589,36.01600185311974],[-105.5292087386425,36.01566249417034],[-105.52815833436155,36.015148715154076],[-105.5254525486746,36.01424324217485]]},"properties":{"trail_name":"HORSESHOE LAKE","trail_no":"36A","trail_type":"TERRA","gis_miles":2.62,"trail_surface":"NATIVE MATERIAL"}},{"type":"Feature","geometry":{"type":"LineString","coordinates":[[-105.61274669161348,36.075024936223805],[-105.61266762554733,36.074476108146186],[-105.61174225329083,36.07392173611698],[-105.61149963625408,36.07412122016099],[-105.61123484317696,36.07392062014638]]},"properties":{"trail_name":"CENTENNIAL","trail_no":"100","trail_type":"TERRA","gis_miles":0.156,"trail_surface":"NATIVE MATERIAL"}},{"type":"Feature","geometry":{"type":"LineString","coordinates":[[-105.67044291189292,35.83914696347201],[-105.6707704230317,35.839901986566815],[-105.6706829980388,35.84020959461815],[-105.6691855326846,35.83998900167105],[-105.66879684256236,35.83958263263222],[-105.66771342730163,35.839371678662744],[-105.6674317052452,35.839447968690386],[-105.66774611432616,35.839570402690796],[-105.66792661940063,35.83996330573952],[-105.66757597732548,35.84000166876543],[-105.66670201206247,35.83922350569858],[-105.66610581292008,35.839120335717304],[-105.66563439384883,35.839514831803804],[-105.66649527905706,35.839695077781464],[-105.66700048524515,35.84056022988256],[-105.6665219721118,35.84025682586446],[-105.66568382992035,35.84021238190592],[-105.66384088255631,35.84077041909586],[-105.66351417051852,35.84117779817592],[-105.66365690364083,35.84221983132457],[-105.66433073572449,35.841446071169386],[-105.66448120775704,35.841432487158684],[-105.66463249481494,35.84170986619175],[-105.66487985697061,35.842866960351664],[-105.6644588999567,35.84379241851511],[-105.66453183702538,35.84439636260179],[-105.66731047685118,35.84674819479594],[-105.66768877398925,35.8473637848668],[-105.66751252599386,35.847871599953336],[-105.66614497278708,35.849015115204004],[-105.66521117362197,35.849520595333786],[-105.66404250749069,35.85102206962692],[-105.66407606655365,35.85166125272113],[-105.6643884496817,35.852331137803986],[-105.66611963816564,35.85344301887169],[-105.66634646725842,35.85392666393135],[-105.66600704420664,35.85420519699283],[-105.6647722039395,35.854311543079845],[-105.66404202981846,35.85479958519525],[-105.66250169488752,35.85956574200093],[-105.66163459477657,35.860523002194824],[-105.65983732348124,35.86175396848341],[-105.6596861928494,35.86638162818828],[-105.65939339990776,35.86780775841961],[-105.65810027982849,35.87022587485777],[-105.65767024885677,35.87165879309803],[-105.65626769583369,35.875004599682036],[-105.65629938691681,35.87587960781178],[-105.65613370592455,35.87639511089887],[-105.65485600077301,35.87794117420496],[-105.65362445457895,35.878880284417136],[-105.65235075732147,35.87919837553835],[-105.65198230123805,35.87918756155792],[-105.65148629608089,35.87865713550677],[-105.65088467492596,35.87842432650639],[-105.64880557844725,35.87827199360323],[-105.64806633526223,35.878047574612054],[-105.64648695601585,35.87928070988849],[-105.64541558475146,35.878999160907895],[-105.64409037650167,35.87953845706535],[-105.64354073338293,35.879588430104526],[-105.6428681342844,35.880187471233356],[-105.64245866820228,35.88029683927336],[-105.64145925904131,35.88101956443965],[-105.64033097182637,35.88145274856983],[-105.639701479723,35.88188536367113],[-105.6390673515945,35.882040479731025],[-105.63852084352162,35.88260956784808],[-105.6377277243575,35.88276456991712],[-105.63748848632456,35.88300165796658],[-105.63749447335977,35.8833910710248],[-105.63617327312542,35.88409836520732],[-105.63544872403807,35.8849590763785],[-105.63524497402503,35.88533398044663],[-105.63536827408008,35.88564902748695],[-105.63501884005422,35.8862514485977],[-105.63437460496642,35.88690058573243],[-105.63405562187832,35.88670901972199],[-105.63312436066212,35.88662126776249],[-105.63258851850321,35.886173832726044],[-105.63176463129645,35.88591845373509],[-105.63126653418786,35.885952451768894],[-105.63045137998651,35.885736655783354],[-105.62945518376948,35.88580695885136],[-105.62802285751344,35.88655106404585],[-105.62584093716211,35.888129975409065],[-105.62383791571806,35.88818305953246],[-105.62196915636324,35.88891595975041],[-105.61902184273826,35.88932097098116],[-105.61821863867091,35.89061503322214],[-105.61784959269802,35.89187657843319],[-105.61816298689153,35.89329283562822],[-105.61871421108927,35.8941457827248],[-105.61879135621868,35.89543437691423],[-105.62027753766044,35.896684044016574],[-105.620453341735,35.897088294067245],[-105.62024764077213,35.898043700222814],[-105.62035449392684,35.899545520442565],[-105.61981702894016,35.90108083870446],[-105.61769402451107,35.901614918907214],[-105.6174511974883,35.90197816897587],[-105.61672757136422,35.90241538108339],[-105.61546198906935,35.90228498813673],[-105.61333869164295,35.90285134634431],[-105.61106700923527,35.90401379865018],[-105.60818040374805,35.905845810092266],[-105.60738426159558,35.9061433981829],[-105.60596460327132,35.90607278225414],[-105.60407180086759,35.90630755039864],[-105.60342298181385,35.907359519594294],[-105.60377564992034,35.907674579621364],[-105.60368548293481,35.908072464686406],[-105.60236214669882,35.90876739186724],[-105.60077282729381,35.908206950874565],[-105.60023268018756,35.90837663893129],[-105.5997990201301,35.90883265202493],[-105.59945542804701,35.90876329003427],[-105.59906219690093,35.908097739956816],[-105.59898736871071,35.90610716666162]]},"properties":{"trail_name":"DOCKWEILER","trail_no":"259","trail_type":"TERRA","gis_miles":9.006,"trail_surface":"NATIVE MATERIAL"}},{"type":"Feature","geometry":{"type":"LineString","coordinates":[[-105.51731303128503,35.87034220897551],[-105.51955086081179,35.87062528588955],[-105.52268878051837,35.87065387271343],[-105.52404753285718,35.87104514869434],[-105.52555837827016,35.871897687736066],[-105.52698206563582,35.872430238734495],[-105.52854415500995,35.87270283768582],[-105.53021225638793,35.87274563959634],[-105.53236163992405,35.87336628256633],[-105.53370083622202,35.873337839485],[-105.5345847554363,35.87352203146193],[-105.53572183464797,35.87302236132118],[-105.53654574684155,35.87312316628903],[-105.53849533823995,35.8726744391092],[-105.53975264054567,35.872947061078015],[-105.53979194257738,35.87321054211547],[-105.54021160166138,35.87309419007385],[-105.54019732867734,35.87331456410785],[-105.5404553857438,35.87341334910789],[-105.54074947478637,35.87314426805039],[-105.54187524204137,35.87317276498997],[-105.54239785114258,35.87298786293203],[-105.54296919027809,35.87307273991198],[-105.54325569736045,35.87328121692693],[-105.54453116964154,35.87322409184494],[-105.54519149575766,35.8728555447514],[-105.54559571787907,35.873209082781464],[-105.54611271598944,35.87314516874208],[-105.5462880929984,35.872795191679245],[-105.54768789919721,35.87146924439883],[-105.5477046021674,35.87108226133953],[-105.54849722525287,35.870019061133625],[-105.54909674637203,35.86984312207265],[-105.54890537430119,35.86952108503511],[-105.54893047323596,35.868704998910594],[-105.54909189020928,35.86798060679208],[-105.54930990524082,35.86778088474945],[-105.55010233845336,35.86818183676432],[-105.55153365178934,35.868354524708096],[-105.55201036287362,35.868093806641376],[-105.55264112101332,35.868073695602035],[-105.55307543808748,35.86780539353663],[-105.55417185632214,35.867676368454134],[-105.55512707350962,35.86736846935278],[-105.55596881573284,35.86776573336423],[-105.55635362886049,35.86824196641392],[-105.55753399617244,35.86878655042814],[-105.56002173474013,35.868899881302106],[-105.56013089378403,35.869124005329624],[-105.55995814677881,35.86950970639771],[-105.56004969981342,35.869671801416885],[-105.5603583958835,35.8696817924006],[-105.56039018090972,35.869902033432],[-105.56152677420648,35.87038453943938],[-105.56272460551041,35.87079138643174],[-105.56536383114239,35.87125458434977],[-105.56771965462961,35.87078268414311],[-105.56769797359894,35.87048570009961],[-105.56819713167629,35.87008723601085],[-105.56931673788172,35.869562517867365],[-105.57111861832522,35.870017683832295],[-105.57189126649197,35.86994323377664],[-105.57343123179452,35.86945139361392],[-105.57483147608703,35.86920570449639],[-105.57532801416403,35.868810528408275],[-105.57570298124107,35.86872929737445],[-105.57698171353944,35.86886421032121],[-105.57719546163443,35.869406919390705],[-105.57762129676267,35.86978405942304],[-105.5780463387597,35.86865285922813],[-105.5793286809757,35.86782985403038],[-105.58068137011729,35.86596824567206],[-105.58273980938188,35.86370128921212],[-105.58366483555744,35.86333521510377],[-105.58331997757655,35.864445910290925],[-105.58554291797962,35.86334922099783],[-105.58599736601936,35.86263398186395],[-105.5859888899352,35.86168623372163],[-105.587788641257,35.86074639847655],[-105.58944190647226,35.85895695211182],[-105.58949870744271,35.85846998203519],[-105.5896595634665,35.85832836800463],[-105.59058930366149,35.85817479592805],[-105.59174254293741,35.8583761608921],[-105.59265287002779,35.857066812642444],[-105.59334671812144,35.85635385949516],[-105.59557451160988,35.85622990034839],[-105.59637891771672,35.855383257174594],[-105.5966851406667,35.854015442950846],[-105.59731215877487,35.85364302585867],[-105.5997066612424,35.8528473416012],[-105.6005809944717,35.85323299360901],[-105.60150945369432,35.853401021580964],[-105.60279798488968,35.852324951344755],[-105.60340761901482,35.852192902289836],[-105.60402787008705,35.851423839138306],[-105.60503934129477,35.85120559504729],[-105.6085779169535,35.84966055861115],[-105.61041724833552,35.84931451245329],[-105.61088916340493,35.848896083363144],[-105.6119990345211,35.84736792006912]]},"properties":{"trail_name":"ROCIADA","trail_no":"250","trail_type":"TERRA","gis_miles":6.9830000000000005,"trail_surface":"NATIVE MATERIAL"}},{"type":"Feature","geometry":{"type":"LineString","coordinates":[[-105.49287605253788,36.09574675830913],[-105.49314681754818,36.095175153207585],[-105.49365718061468,36.094629856096056],[-105.49439588975612,36.09435183101131],[-105.4945490278353,36.0948583320784],[-105.49474849087807,36.094834970063296],[-105.4994132545461,36.0905331621461],[-105.50103563891506,36.09058366105926],[-105.5016514870797,36.09088121806809],[-105.50406160466247,36.09134835099791],[-105.50502843686523,36.091184881917115],[-105.50734403639163,36.091254957792835],[-105.50977609581001,36.089806587433934]]},"properties":{"trail_name":"RITO ANGOSTURA","trail_no":"9A","trail_type":"TERRA","gis_miles":1.202,"trail_surface":"NATIVE MATERIAL"}},{"type":"Feature","geometry":{"type":"LineString","coordinates":[[-105.61432906359154,35.96841963814252],[-105.61580984703863,35.96973512125436],[-105.61664605731843,35.97079018636442],[-105.61710971654612,35.972203287549796],[-105.6169239006017,35.97331318972722],[-105.61821320494812,35.97396921675107],[-105.62013933256631,35.97609827995921],[-105.62149622693498,35.97683506399128],[-105.62365936747224,35.97743466195604],[-105.62439109469793,35.978138597019324],[-105.62359920448743,35.9777617970086],[-105.62298133235083,35.977783039047566],[-105.62015092277257,35.97842204630742],[-105.62279421936373,35.978408355152304],[-105.62377982964021,35.979043358190566],[-105.62374073967104,35.979494351260485],[-105.62391509075252,35.97997804432302],[-105.62323267259694,35.979947782358],[-105.623448435674,35.98027573839472],[-105.62251290949209,35.98059164149633],[-105.62191508934792,35.98047528151349],[-105.62174223328337,35.98018090947932],[-105.62090763505876,35.97975247346335],[-105.62166334033704,35.980994995606096],[-105.62164587537426,35.98146390767747],[-105.62096003717978,35.98099863764735],[-105.61904090674443,35.980938681749514],[-105.61861836169261,35.98142771484743],[-105.61815058760162,35.981585648898225],[-105.61785144552704,35.98149928590255],[-105.61723590242137,35.981867593993506],[-105.61721799045372,35.982282413056836],[-105.61734684349321,35.982403464067566],[-105.61800888465648,35.98257361005472],[-105.61775562862869,35.98290399111902],[-105.61843942479985,35.983107832109965],[-105.61850992888715,35.98392339922833],[-105.61832356390929,35.98465238534856],[-105.61815745889096,35.98486736739046],[-105.61781339481179,35.98484434540691],[-105.6175198018009,35.985470201517884],[-105.61653974560026,35.985687113607206],[-105.61522403835876,35.98629567277477],[-105.61524693138365,35.98652095080729],[-105.61433817726859,35.987530869011486],[-105.61413008227977,35.9881900881225],[-105.61345295218604,35.98885170626109],[-105.61341568423857,35.98954611336745],[-105.61297475021887,35.99044769252835],[-105.61284454525025,35.991138066639515],[-105.61275755336484,35.99266668887404],[-105.61244160233984,35.993188963970695],[-105.61252125129383,35.99246053185672],[-105.6123664371939,35.991717518754214],[-105.61171709018235,35.99324450202104],[-105.61152657815336,35.993400995055545],[-105.61179928940606,35.99558368136738],[-105.61227532859168,35.99648283147476],[-105.61145840633276,35.99561922839244],[-105.61139067027666,35.9951530063264],[-105.61106860017712,35.9948413482983],[-105.61045172405754,35.99505410636597],[-105.61000228193565,35.99481296635586],[-105.61019707101421,35.99521092440432],[-105.61077505716784,35.99548521841193],[-105.610800199219,35.996003498488314],[-105.61114804037298,35.99686949659813],[-105.61005479205994,35.99609519554525],[-105.61057599728456,35.997323199699395],[-105.61040807827727,35.997668907760996],[-105.61039381335638,35.99860662190254],[-105.6109122255483,35.99946949900196],[-105.61085162857121,35.99988453406778],[-105.61121983472063,36.000646746160854],[-105.61150622389115,36.001857909326006],[-105.61138656895862,36.00293139749402],[-105.6108572618814,36.00340291459546],[-105.61065272393463,36.00453092877661],[-105.61093496905715,36.00520567486149],[-105.61132214718178,36.00563645890371],[-105.61109617222708,36.00672852008068],[-105.61189652053699,36.00821429625717],[-105.61164864257286,36.009254628427634],[-105.61208828982049,36.010951857656785],[-105.61247698396235,36.0115742157276],[-105.61220452395764,36.01221572583963],[-105.61235920105169,36.01289111893204],[-105.61211735615746,36.014711284219075],[-105.61156205902411,36.0146104352362],[-105.61120459196452,36.01484441329204],[-105.61186413330509,36.01703638858262],[-105.6126353205872,36.01827888072421],[-105.61324564887298,36.019972976942945],[-105.61367798903534,36.02071681902939],[-105.6135567271591,36.0224326872938],[-105.61400528241032,36.02414563752468],[-105.61469776370541,36.02573562272289],[-105.61456006580413,36.02720814895175],[-105.61495102793182,36.02766369399733],[-105.61527469908758,36.02860868612027],[-105.61523375818811,36.029855322309544],[-105.6154185792997,36.03065226741837],[-105.61569855239445,36.03101596745662],[-105.61586031056933,36.03259063668332],[-105.61555594567986,36.03462073900537],[-105.61571137578171,36.03538177011047],[-105.61484668370281,36.03668672635637],[-105.61399929358026,36.03745289752046],[-105.61398674467517,36.03856189668745],[-105.61325683170408,36.0407474370575],[-105.61358634588778,36.04199442922529],[-105.61346224290429,36.042497690307975],[-105.61357204296242,36.04287804335862],[-105.61338175394131,36.04312244140627],[-105.6136692261186,36.04440345658162],[-105.61359140218659,36.045373043731466],[-105.61276655108612,36.04633067492294],[-105.61226483809146,36.047667564152526],[-105.61227354719254,36.04879222932062],[-105.61255117433055,36.049651811433286],[-105.61219948330432,36.05024864554322],[-105.61235116036266,36.05052510357581],[-105.61374538676026,36.05148941663929],[-105.61492168205702,36.05186430262711],[-105.6150726881075,36.05205285764656],[-105.61503124011216,36.052210845672654],[-105.6145820480009,36.05209143668089],[-105.61445672800349,36.052439183740276],[-105.61553557638082,36.05397533490774],[-105.61538096337434,36.05429481796459],[-105.61537762351786,36.055930283209925],[-105.6146859134807,36.05726727545045],[-105.61481908952166,36.057393018461575]]},"properties":{"trail_name":"WEST FORK SANTA BARBARA","trail_no":"25","trail_type":"TERRA","gis_miles":8.951,"trail_surface":"NATIVE MATERIAL"}},{"type":"Feature","geometry":{"type":"LineString","coordinates":[[-105.66002560669533,36.03519828450812],[-105.65872721433655,36.034426880468054],[-105.65778665004312,36.033487421382],[-105.65689929282729,36.033293820404516],[-105.65534318142062,36.032634419396146],[-105.65397133909082,36.03237855843755],[-105.6522069886964,36.03238816854151],[-105.6507853883005,36.03150851849231],[-105.65002292711625,36.03135617051376],[-105.64908176291561,36.03147195258581],[-105.647812157596,36.0310723435997],[-105.64425314759902,36.02880533646675],[-105.642770086209,36.028149194454514],[-105.64095778976682,36.02773906149833],[-105.6406498456192,36.026845699382314],[-105.63954419135518,36.026660768418836],[-105.63886192221727,36.02683042948386],[-105.63740734481021,36.025908811430185],[-105.63668710563385,36.025738978446576],[-105.63548650331184,36.02513658842603],[-105.6346670550814,36.02460468539384],[-105.63394444685248,36.02384326532166],[-105.63195476628458,36.0224563892293],[-105.63069786995645,36.02192771822297],[-105.63046087487385,36.0215926191865],[-105.6304032998283,36.0212213681342],[-105.63062249984661,36.02087099106892],[-105.63053937276604,36.02016725196822],[-105.62999350256906,36.019318524872695],[-105.62971814438478,36.01792450067962],[-105.62936391022612,36.017023238564995],[-105.62953450506113,36.01471175020853],[-105.63005037801288,36.012848085899115],[-105.63034208104793,36.01250301183046],[-105.62977067394283,36.01276471190279],[-105.6298489169359,36.01248613085651],[-105.63060101203513,36.011697740694615],[-105.62971824786256,36.011984720788874],[-105.63029450492274,36.01120057163786],[-105.63032310681709,36.009925174444895],[-105.62981771076414,36.010611968577265],[-105.62981769574456,36.01038869354378],[-105.63004127462443,36.00845198524032],[-105.6304416696746,36.00800142114953],[-105.6297012815286,36.00822858722655],[-105.63010961859041,36.00789057415213],[-105.63003771253244,36.00741386708483],[-105.63071598154932,36.0058759958148],[-105.63024227647709,36.0062620629002],[-105.6305411094983,36.005741422804796],[-105.63062080243662,36.00483645066442],[-105.63147880655958,36.00404760749632],[-105.63059631636833,36.00412095155851],[-105.63122485447349,36.00371498546118],[-105.6312923434559,36.003342503401356],[-105.63180338455992,36.0032234033539],[-105.63198438857643,36.00294955730231],[-105.63196909753394,36.00250499423653],[-105.63229211051684,36.00148614506491],[-105.63281350760812,36.00119523599105],[-105.63267017952357,36.00059868190989],[-105.63307501857254,36.00012327681511],[-105.63276701447387,35.99978521678224],[-105.63306342854582,35.99984853677462],[-105.63288132343946,35.999101426673064],[-105.63314124036033,35.99753712242334],[-105.63343529235432,35.9967187992835],[-105.63336908130871,35.996368013234765],[-105.63350142232169,35.99617838819862],[-105.63366246337263,35.996347381214626],[-105.6339183034285,35.996330762197296],[-105.63387011237852,35.99588446413314],[-105.63431077646815,35.995780992092094],[-105.63470134158953,35.99616632112725],[-105.63490333863516,35.9961709771162],[-105.63517592164672,35.99560657301578],[-105.63553132470939,35.99541385596625],[-105.63550724862043,35.99446171982484],[-105.63588738867678,35.99413337775349]]},"properties":{"trail_name":"TRAMPAS LAKE","trail_no":"31","trail_type":"TERRA","gis_miles":4.813,"trail_surface":"NATIVE MATERIAL"}},{"type":"Feature","geometry":{"type":"LineString","coordinates":[[-105.67295646544424,36.04487466120534],[-105.67229932437085,36.045711002368755],[-105.6723747194012,36.04586364038724],[-105.67311965455183,36.04567991131639],[-105.67310132256664,36.04589467534966],[-105.67214258438356,36.04625348245911],[-105.67278061456364,36.0466750924851],[-105.67198625538144,36.04662639152399],[-105.67187528437421,36.046825711560324],[-105.67346039376399,36.04722085152724],[-105.67268237463526,36.04773666164975],[-105.67251700465756,36.04840922176003],[-105.67186233250219,36.048309928783254],[-105.67089867840656,36.0496721420432],[-105.67147735356666,36.050018126061374],[-105.67196834167751,36.05002797103426],[-105.67150023561665,36.05052675813617],[-105.67187719178425,36.05146926625532],[-105.67109824470288,36.05252437445857],[-105.67090875079451,36.05404357369696],[-105.66867229443424,36.055637871065784],[-105.66767110122922,36.0558553521566],[-105.66707428613817,36.05633809726358],[-105.666575722041,36.05650247831718],[-105.66673341610336,36.05680884235385],[-105.66603288300266,36.05744546648989],[-105.66599391802713,36.05782205554855],[-105.66616489510149,36.058230187599655],[-105.66599939608578,36.0584721236455],[-105.6648163208757,36.059094571807535],[-105.66368731360082,36.05884503183591],[-105.66203202027799,36.05938851601359],[-105.66188728536373,36.06072676222231],[-105.66102155820816,36.06116167333782],[-105.66089932420162,36.061397646380236],[-105.6608197283175,36.06291195361158],[-105.66138790251271,36.0636816896937],[-105.66130135652256,36.064012305748214],[-105.66073221739838,36.06404981278697],[-105.66055815537578,36.06423586082492],[-105.66059165844294,36.064911505924094],[-105.66088532457455,36.06565683901856],[-105.65980200444079,36.06688958126613],[-105.65926689932355,36.06691980330183],[-105.65764582103859,36.06780477052865],[-105.65777499098212,36.06683814537647],[-105.65691178980232,36.066992100449745],[-105.65596308762855,36.06743061457062],[-105.65414322299526,36.06487685829429],[-105.65330284174622,36.06418851924016],[-105.65288426063917,36.06403850824213],[-105.64604058718437,36.06492841677367],[-105.64469833187147,36.06479096783125],[-105.6434844625557,36.064294930827614],[-105.64221208310042,36.06236765961309],[-105.6422148710295,36.06155669649144],[-105.64261640999898,36.06019154026369],[-105.64266151088785,36.058818396055415],[-105.64308264987116,36.05755973684247],[-105.64339085992664,36.057405791801436],[-105.64390773495282,36.056390281619294],[-105.64500417108916,36.05515083036987],[-105.6453021310092,36.05348765610349],[-105.64473316888385,36.05351159014016],[-105.64428418390173,36.054854703367404],[-105.64328682774381,36.05559802453676],[-105.64214746762109,36.05710025882801],[-105.64177292755326,36.057283555877284],[-105.64185987059818,36.0575712469153],[-105.6417172636,36.057953674980894],[-105.64093790148634,36.058644841129706],[-105.64082106149303,36.059017588192354],[-105.6395848633444,36.06047260848217],[-105.63893445421307,36.0606361135445],[-105.6383663101876,36.06179012075041],[-105.63768513509139,36.062428955885665],[-105.63768049516007,36.0632191470043],[-105.63849034238932,36.06375992603814],[-105.63864421344795,36.064033267070144],[-105.63861593755908,36.06536400927106],[-105.6392767667448,36.06578985929638],[-105.63959052789455,36.06668989041282],[-105.63984566596578,36.0668488274218],[-105.63962981098939,36.067663497556374],[-105.63856847774521,36.067592589607486],[-105.63846668375434,36.067954203667576],[-105.6386167738489,36.068643477762016],[-105.63811055376787,36.06901116084658],[-105.63742475770233,36.07000876003584],[-105.63708354562982,36.070053748062456],[-105.63702239559953,36.069865658037855],[-105.63671346851785,36.0697252240348],[-105.63613851239526,36.0697960500789],[-105.63450583695709,36.06897800305145],[-105.63390914185064,36.069286763132425],[-105.63322561775453,36.06993347926907],[-105.63228566865068,36.07114259250484],[-105.63114300144346,36.071696301654256],[-105.63009575322123,36.07183730273632],[-105.63015436131064,36.07270146486234],[-105.62962246723636,36.07320996396941],[-105.63080011457802,36.07408923203253],[-105.63046982949963,36.07404016204443],[-105.62978455342709,36.074957090221595],[-105.62908770928622,36.07513063328818],[-105.62917872032529,36.07534197931454],[-105.62873483928247,36.075983596436444],[-105.62620145485353,36.07755595581942],[-105.6258409538159,36.078044459913535],[-105.6257320348352,36.078539282993965],[-105.6253405457664,36.07875367204888],[-105.62533668881743,36.07934110213706],[-105.62468594275218,36.08025278331147],[-105.62467828780566,36.080877126405426],[-105.62392844061668,36.08064109141374],[-105.6212009480159,36.080761815590684],[-105.62000191873601,36.0806369556418],[-105.62013963859182,36.078656213337155],[-105.61976657648297,36.07837063931614],[-105.61895288828853,36.07823450534314],[-105.61869300219438,36.07782824529745],[-105.6184656100465,36.07673165514643],[-105.61808330794412,36.07654279514043],[-105.61882414800262,36.07532521991494],[-105.61950432910139,36.07471696978422],[-105.61754651669114,36.07504151794685],[-105.61813063476458,36.074390639815306],[-105.6171030685496,36.07456478390125],[-105.61595798534505,36.075155814056444],[-105.61509539117318,36.07539910214309],[-105.61516061822734,36.07584670020632],[-105.61485707517824,36.07606153325619],[-105.61400917001892,36.076410039357725],[-105.6141343770054,36.07593925427993],[-105.6135900239163,36.07631157836739],[-105.6135080478706,36.07600283832595],[-105.61294201679958,36.076635702453714],[-105.61302259977242,36.076123719372305],[-105.61274669161348,36.075024936223805]]},"properties":{"trail_name":"CENTENNIAL","trail_no":"100","trail_type":"TERRA","gis_miles":8.803,"trail_surface":"NATIVE MATERIAL"}},{"type":"Feature","geometry":{"type":"LineString","coordinates":[[-105.51051474500179,36.090098853434775],[-105.51017459392436,36.09008794945298],[-105.50977609581001,36.089806587433934],[-105.5103233648503,36.0888711332617],[-105.51024586672952,36.08770104509058],[-105.5098097985761,36.08707315302176],[-105.50870291526152,36.086326451974095],[-105.50806881100742,36.08506248882129],[-105.50867644201357,36.0835857275643],[-105.50869947897196,36.08305606848344],[-105.50938005502789,36.08195827427904],[-105.50934959196606,36.08133581118737],[-105.50954198896687,36.08085498610406],[-105.5094385318761,36.080090246995255],[-105.51006303687655,36.078506062721154],[-105.51121615199179,36.07687668340948],[-105.51180398608568,36.07644479931045],[-105.51242029709378,36.0749679800529],[-105.51099282778124,36.07505994914971],[-105.51086622470932,36.07456670908306],[-105.50990714439763,36.07347588797507],[-105.51028215942681,36.072851697859555],[-105.509872155273,36.07215212977836],[-105.51061742338582,36.071533520642134],[-105.51060139328371,36.070417213475515],[-105.50971749693149,36.06867485126525],[-105.50932016183292,36.06856919627248],[-105.50911572776377,36.068305283244754],[-105.50904305559722,36.066602402993254],[-105.50931426063032,36.06628637693009],[-105.50935537759914,36.0658282018589],[-105.50907523044165,36.06475595371414],[-105.51026785762646,36.06381341250325],[-105.5105854585816,36.062495309286916],[-105.51141073972313,36.061998009164256],[-105.51228290691365,36.061937035104414],[-105.51368048917591,36.061351397935226],[-105.51423140624077,36.06068350380297],[-105.51412541917901,36.06025250774439],[-105.51459176724123,36.059770418644874],[-105.51448272618738,36.05943730360121],[-105.51372927798313,36.0590397575853],[-105.51288349670645,36.05805577348664],[-105.51177249244977,36.05797464653903],[-105.51054520914369,36.057629222558475],[-105.51042140007853,36.05720523650195]]},"properties":{"trail_name":"AGUA PIEDRA","trail_no":"19A","trail_type":"TERRA","gis_miles":2.999,"trail_surface":"NATIVE MATERIAL"}},{"type":"Feature","geometry":{"type":"LineString","coordinates":[[-105.47705968133485,36.13362001391386],[-105.47597868297673,36.13232084578206],[-105.4752673957677,36.13176665274037],[-105.47385121438337,36.13102271871134],[-105.47292324205603,36.12968295256443],[-105.46997150936639,36.129389100692464],[-105.46889374808264,36.12892127968508],[-105.46765087182571,36.12917612779576],[-105.46665735859001,36.129036878832835],[-105.4653445363269,36.12939884196368],[-105.46404425402159,36.129253285017654],[-105.4622323556268,36.12939562514468],[-105.46129159635676,36.128735337100416],[-105.46035038513087,36.12857466213115],[-105.45960738689742,36.12782563706205],[-105.45700939429811,36.12765544618796],[-105.4559343510801,36.12792325129084],[-105.4544608137337,36.12775394235132],[-105.45313855047904,36.12823576350072],[-105.45232509430294,36.12831326155977],[-105.45124232915776,36.129424171789594],[-105.44996464690146,36.129774383916654],[-105.44858214460328,36.129918679018935],[-105.44745541733765,36.12978089606393],[-105.44703791422674,36.12958861805942],[-105.44662239608189,36.12900865799653],[-105.44640438208864,36.12963831310379],[-105.4464204201475,36.130262588196565],[-105.44485067695865,36.13211663956643],[-105.44357615068438,36.132256601661744],[-105.44274168257316,36.13311986583995],[-105.44164080231486,36.13299998288616],[-105.44075315518934,36.13383709406361],[-105.43792333059379,36.134299745298],[-105.43725450443182,36.13417051531765],[-105.43677058129643,36.1338707663008],[-105.43454920181023,36.13402387745335],[-105.43381065362247,36.13378038245982],[-105.43084636202919,36.13461165875746],[-105.42898367584809,36.13729762526936],[-105.43089727340825,36.138760159377355],[-105.43282583605294,36.141138131621915],[-105.43320033519856,36.14183014170394],[-105.43324585529156,36.14276397284147],[-105.43304838428467,36.143187332916575],[-105.43217120116984,36.14411794210747],[-105.43183635620315,36.145343502310936],[-105.43120419909727,36.14575313940932],[-105.43060674603636,36.14658247456865],[-105.42872560667347,36.147263142780616],[-105.42722049733052,36.14721560886126],[-105.42630380116444,36.14766867498271],[-105.42639658020245,36.14786198300632],[-105.42625889520373,36.148225353068916],[-105.42728185342023,36.148071361986126],[-105.42803835659896,36.148167389956456],[-105.42850036772307,36.14839428696355],[-105.43034001912396,36.14824681983406],[-105.43102862325789,36.14800993675831],[-105.43286531356082,36.14676591546443],[-105.436051957242,36.14636217421793],[-105.43812712862197,36.14538222594982],[-105.43925470180031,36.14453318475655],[-105.44003125894906,36.144239791667225],[-105.44204159728751,36.14295666935736],[-105.44413205570719,36.14238621814981],[-105.44525504491119,36.14183769900199],[-105.44533324990323,36.1415497299542],[-105.44611809704836,36.14119495785519],[-105.4475358833568,36.1410772137548],[-105.44816640147823,36.14084721068356],[-105.44900669863068,36.14043466557262],[-105.44928206566163,36.140085407504095],[-105.45115330901844,36.13936270828651],[-105.45160318307302,36.13883670018132],[-105.45199962814648,36.13865973513165],[-105.45318085040851,36.13861867705658],[-105.45420152066394,36.13891036404084],[-105.45459874881054,36.13955627111462],[-105.45513528395163,36.139786199117786],[-105.45596651121294,36.14062508119522],[-105.45685474745912,36.14114886922201],[-105.45689616848449,36.14133003624676],[-105.45661864643678,36.14149553528778],[-105.45653335244197,36.141770529334],[-105.45714753463992,36.14244540639943],[-105.45841576396624,36.142908902395]]},"properties":{"trail_name":"POLICARPIO","trail_no":"13","trail_type":"TERRA","gis_miles":6.556,"trail_surface":"NATIVE MATERIAL"}},{"type":"Feature","geometry":{"type":"LineString","coordinates":[[-105.53044392552012,36.11318839673718],[-105.53048980551333,36.11299515270553],[-105.53002447433995,36.112217014616014],[-105.53030070727597,36.1107939153866],[-105.53010776416819,36.11006561328861],[-105.53014041208282,36.109018279129664],[-105.53063703607593,36.10768025790012],[-105.53059183901263,36.10707933681266],[-105.53022632483993,36.10605523268042],[-105.52940642054254,36.1047755135363],[-105.52919582035392,36.10317822530903],[-105.5299822873585,36.10123303297152],[-105.52999777633372,36.10091331992268],[-105.5297132362387,36.10056153788649],[-105.52987588024942,36.10026980083327],[-105.52977703808676,36.09868155960087],[-105.52990064205083,36.0979618794857],[-105.53104198616901,36.09639936818495],[-105.53114529617203,36.096171264144665],[-105.53063393102913,36.09585345012682],[-105.5308141660434,36.0955568620718],[-105.53111931510504,36.095479177042364],[-105.53075246399115,36.09512299101034],[-105.5293881616777,36.0950431520778],[-105.52917488660799,36.09479601205313],[-105.52919635158578,36.09449058500608],[-105.52902527953943,36.09440069600257],[-105.52764120927091,36.09487910815493],[-105.52760495224969,36.09473137213486],[-105.5264279029425,36.09424644813069],[-105.52560235370478,36.093654683089945],[-105.52524258558074,36.09316562703756],[-105.52413693828598,36.092639716023086],[-105.52256972290509,36.09231260306523],[-105.52136009857173,36.091614177030884],[-105.52030860332488,36.091493514073974],[-105.5187698349372,36.09101714009204],[-105.51676484149866,36.09115103622887],[-105.51453016998282,36.09099367333531],[-105.5127486375359,36.09046459235965],[-105.51051474500179,36.090098853434775]]},"properties":{"trail_name":"AGUA PIEDRA","trail_no":"19A","trail_type":"TERRA","gis_miles":2.666,"trail_surface":"NATIVE MATERIAL"}},{"type":"Feature","geometry":{"type":"LineString","coordinates":[[-105.53397450336483,36.04582317542459],[-105.53469611443415,36.04477038822462],[-105.5355414346087,36.04459757014957],[-105.5356499296094,36.04432886710291],[-105.53618931672057,36.044216013054616],[-105.536763176814,36.04381449796105],[-105.53894553828023,36.04354550479392],[-105.54022609753761,36.04320390566829],[-105.54133211364376,36.04158960436167],[-105.5417870258231,36.04246658546691],[-105.54192979085747,36.042492987462595],[-105.54201398083487,36.04202153438691],[-105.54250764895481,36.04212523637383],[-105.54316952816978,36.042879563448686],[-105.54341922019358,36.04251329337915],[-105.5435091492459,36.042878024428695],[-105.54374031031256,36.043046021440496],[-105.54399923932353,36.04251066334509],[-105.54418815939962,36.04289297639152],[-105.5442518753903,36.04262446834752],[-105.54446111745125,36.042783547359214],[-105.54482686145026,36.04183974019628],[-105.54517463149064,36.041412164111904],[-105.54495312541204,36.04108409607552],[-105.54516353834647,36.03980290187095],[-105.54531814339741,36.03998702188963],[-105.54586523451623,36.039941707851035],[-105.54653054463391,36.039582554758496],[-105.54864381807594,36.039215630580735],[-105.54955084731007,36.0395626115801],[-105.54997211438342,36.03932213751959],[-105.55048003650242,36.03937896449862],[-105.55014435237163,36.038748845423505],[-105.55124959263118,36.038879261378916],[-105.55076359846751,36.03825937631407],[-105.55119453657633,36.03839670430966],[-105.5516733946779,36.03832961927178],[-105.55148687562469,36.03820070926324],[-105.55180906868178,36.03802785321858],[-105.55183799666625,36.03777763317935],[-105.55231076076302,36.03767177513602],[-105.55240121073847,36.03716196805423],[-105.55348493399964,36.037366587022],[-105.55533143940553,36.03727014590034],[-105.55532815338101,36.03699968885994],[-105.55452657316296,36.03656613384142],[-105.55553760540114,36.036694436801966],[-105.55559492139754,36.03650709377053],[-105.55523478828115,36.036103052730766],[-105.55546014431276,36.03588788468537],[-105.55542835328981,36.03570771666016],[-105.5540553399374,36.035204678664336],[-105.55374849283554,36.03482968762588],[-105.55390160285853,36.03470050559759],[-105.55487261408199,36.03476363455072],[-105.55500730509611,36.034580442515384],[-105.55493882102662,36.03396543342703],[-105.55589614323648,36.03390915836298],[-105.555621417101,36.033069712252924],[-105.55584521113468,36.03288159821168],[-105.55657131129018,36.03279708815686],[-105.55629402714375,36.03184045002934],[-105.55690825828951,36.03193001000713],[-105.5570486682551,36.03118104888654],[-105.55750951937856,36.03140880989394],[-105.55768168440996,36.03132686687165],[-105.5575044802711,36.03020072071288],[-105.55843490949485,36.030369944684274],[-105.55847819643613,36.029592370565055],[-105.5593641106228,36.02945465849298],[-105.55927756854973,36.02884439240634],[-105.5612922990539,36.02943699537837],[-105.56195335419301,36.02933247232435],[-105.56250278225201,36.02860187318278],[-105.56308392241884,36.029016125211236],[-105.56534628696714,36.029478808149406],[-105.56692018230594,36.029315856033556],[-105.56752082942242,36.029107905967464]]},"properties":{"trail_name":"SERPENT LAKE","trail_no":"19","trail_type":"TERRA","gis_miles":3.673,"trail_surface":"NATIVE MATERIAL"}},{"type":"Feature","geometry":{"type":"LineString","coordinates":[[-105.57064205042523,36.1005448454994],[-105.57019189730448,36.10032159649221],[-105.56928623810984,36.10041891655956],[-105.56705671355029,36.09974931158911],[-105.56623421230073,36.09901506252701],[-105.56612495121857,36.09836390543578],[-105.5655814591232,36.09866428051247],[-105.5653569340695,36.09862702351999],[-105.56527515803164,36.098406525491725],[-105.56594228504729,36.0968909992257],[-105.56583454698726,36.09648580317128],[-105.56539651885569,36.09610921314034],[-105.5652185287612,36.09549247905833],[-105.56455198556402,36.094954682016514],[-105.56340677026402,36.09446871801043],[-105.56269358809772,36.09439769004129],[-105.55972224825986,36.09246421992457],[-105.5593388232234,36.093024982031],[-105.5597299944362,36.09443861622006],[-105.55944801136282,36.09432498321943],[-105.55951874543408,36.094951242309186],[-105.55929969642386,36.09539177838801],[-105.55934500946232,36.0957116234333],[-105.55902319242452,36.096100798510385],[-105.55832047130478,36.096530065615696],[-105.5576105671499,36.09658070366464],[-105.55693031603835,36.097045919773926],[-105.55685978498266,36.096595464710575],[-105.55670164393608,36.09646997970096],[-105.55604747778752,36.09645047773615],[-105.55375677131434,36.09691412293907],[-105.55314140215593,36.09668481194055],[-105.55250730802425,36.096804940995526],[-105.55209067091694,36.09664908699641],[-105.55176615884939,36.09670918402434],[-105.5497444443216,36.095873257016756],[-105.54925993620547,36.09578983003249],[-105.54903103717015,36.095971192072994],[-105.54864023108337,36.09598199809739],[-105.54855143603795,36.09569390305935],[-105.5479059928696,36.09542863905717],[-105.54771539485318,36.09572702811303],[-105.54809237599945,36.09642401919555],[-105.54755892791657,36.09684117928915],[-105.54703860678721,36.09669930429818],[-105.54697729580182,36.09701964134979],[-105.54714474985867,36.097237506372736],[-105.54678188276715,36.09712421337685],[-105.54662576868913,36.09663807931308],[-105.54612164655305,36.09637892330356],[-105.54594601358049,36.09713478642712],[-105.54543653050335,36.097556334520014],[-105.5447450664335,36.09852190370505],[-105.54414371131088,36.098662124761105],[-105.54403506032222,36.09906606982803],[-105.5436465942396,36.099117418858334],[-105.54309389116872,36.0997194669808],[-105.54262928107198,36.099804967020646],[-105.54222568901922,36.1002327841083],[-105.54132605884689,36.10056817821103],[-105.54098844781825,36.10110162731067],[-105.54007299759077,36.10085331832675],[-105.53908861343056,36.10154068848719],[-105.5384895283112,36.101712425547795],[-105.53783197422204,36.10237352268525],[-105.53775940725522,36.10293281977335],[-105.5374373302068,36.10320248183254],[-105.53744510022386,36.10337599785812],[-105.53866446649403,36.10333445978084],[-105.5391876076288,36.10353045177971],[-105.53934645481519,36.1052336970258],[-105.53916128781692,36.105723630110084],[-105.54015033709166,36.106318717141626],[-105.54026950113733,36.10653230216667],[-105.54017870313716,36.10676035620622],[-105.53820304977734,36.10770699546319],[-105.53660412945953,36.10817335762635],[-105.53635933547066,36.10891988975253],[-105.53566074030826,36.108857417783845],[-105.53500846418528,36.10912272586163],[-105.5344600390982,36.109530690954784],[-105.53442075215222,36.11024052206348],[-105.53426751313215,36.11040221909668],[-105.53352352194267,36.110149104102064],[-105.53320044487394,36.11019228712736],[-105.53288091285245,36.11076024023111],[-105.532935660908,36.1112490043012],[-105.53187903878943,36.112589522563745],[-105.53164097279465,36.113252526677016],[-105.53151627576986,36.11328886068976],[-105.53076373153323,36.11252512461912],[-105.5305346444783,36.11248556862653],[-105.53033643045315,36.11270464067092]]},"properties":{"trail_name":"COMALES CUTOFF","trail_no":"22A","trail_type":"TERRA","gis_miles":4.405,"trail_surface":"NATIVE MATERIAL"}},{"type":"Feature","geometry":{"type":"LineString","coordinates":[[-105.6115264777489,36.09096463768204],[-105.61109541865704,36.09101867671522],[-105.60924821220519,36.090593077759145],[-105.60793638793432,36.09085668587507],[-105.60605723059489,36.091783547123335],[-105.60553406253409,36.09242248924953],[-105.60461688837968,36.09300206038976],[-105.60308270208073,36.093512037555506],[-105.60240667688977,36.09306778452836],[-105.60174744475358,36.09319916458647],[-105.601060806633,36.09357678868298],[-105.60015469242629,36.09353765572997],[-105.59964625129223,36.09331091572561],[-105.59879238102425,36.09244665664596],[-105.59694037357158,36.09202539969075],[-105.59569845434719,36.09263788185485],[-105.59511053325748,36.09311412496044],[-105.59367896496093,36.093391696085426],[-105.59397655705052,36.09365005210681],[-105.5953949763858,36.09384341905314],[-105.59549261843901,36.09419749810045],[-105.59536860942708,36.09437693713457],[-105.59490854731919,36.09432372515339],[-105.59470212730238,36.09465773121546],[-105.5943563492239,36.09464711523402],[-105.59417232420752,36.09492859428686],[-105.59392957615752,36.0949791293086],[-105.59440948936921,36.09615451845669],[-105.59428362637978,36.096592951529686],[-105.59318215313537,36.09662307559838],[-105.59265184703462,36.09682918866013],[-105.5922138239229,36.09667719566291],[-105.5919050238857,36.097039451735135],[-105.58951806038105,36.09738728392639],[-105.5893097223415,36.09746847095066],[-105.58941012140541,36.09793653601492],[-105.58896245128982,36.097765023015334],[-105.58822861206744,36.09711244996032],[-105.5879779739541,36.09646709687827],[-105.58721697069203,36.095434027767865],[-105.58656028850093,36.09493928273206],[-105.58585121532973,36.0948020187528],[-105.58540008624807,36.09502314081219],[-105.58384185389524,36.09498621389744],[-105.58333067472435,36.09435084583204],[-105.58178715425926,36.09300794072076],[-105.58018299566531,36.09036091841764],[-105.57934531840534,36.08954679934439],[-105.57916217523206,36.08805108313096],[-105.57951014028268,36.087740614064174],[-105.5842507901996,36.08608184253954],[-105.58503196732629,36.08553225241165],[-105.58334097493972,36.08545080349793],[-105.58092693034493,36.08484873954833],[-105.57845340976078,36.08451842564284],[-105.57578592810981,36.08392464970918],[-105.57396399573008,36.084253445864555],[-105.57262622741631,36.0840998169194],[-105.57164529825938,36.084814485083655],[-105.571105336199,36.08550225121816],[-105.56890223472948,36.08578320038855],[-105.56821991864291,36.08653677254122],[-105.56708339342782,36.08698865167513]]},"properties":{"trail_name":"INDIAN CREEK","trail_no":"27","trail_type":"TERRA","gis_miles":4.301,"trail_surface":"NATIVE MATERIAL"}},{"type":"Feature","geometry":{"type":"LineString","coordinates":[[-105.62136781616252,36.104601329149666],[-105.62097684204929,36.10431289412928],[-105.62030894599238,36.10536092332509],[-105.62001209693071,36.10541586335059],[-105.61981749786743,36.10519417332878],[-105.61938876781778,36.105719051432345],[-105.61864754361594,36.10531687141536],[-105.61824733954218,36.10549738746572],[-105.61786323845213,36.10545255148144],[-105.61751356040554,36.10581183755557],[-105.61740250342497,36.10631285663706],[-105.61674577630177,36.10658406271594],[-105.61630280625909,36.10722360383748],[-105.61616924728986,36.107909112947866],[-105.61593653026256,36.10819034300349],[-105.61520722812722,36.10850818909364],[-105.61499586510573,36.10880071914971],[-105.61443097798777,36.108898928197405],[-105.61398736291957,36.10925208227611],[-105.61354623082885,36.109344940315744],[-105.6135610728733,36.1098087113843],[-105.61309537480834,36.11025474947821],[-105.61304109982598,36.110590787531684],[-105.61363638613877,36.11261465079982],[-105.61361185317116,36.113042475865235],[-105.61336468613408,36.11324925091063],[-105.61233987687557,36.11292550992198],[-105.6119556067574,36.11256415889029],[-105.6100446692374,36.11153176384729],[-105.60916299896536,36.110693043773196],[-105.60627800721711,36.10955085277053],[-105.6045929207601,36.10865731873506],[-105.60438275267757,36.10825783268747],[-105.60365706246066,36.107646790638334],[-105.60250729314973,36.10704775261573],[-105.60052049049901,36.10473124238478],[-105.60044541843942,36.10424850931685],[-105.5996889552574,36.104109412340144],[-105.59782029187716,36.10454837351481],[-105.59649616155508,36.104265367549694],[-105.5953484253133,36.104442400643116],[-105.59537847521999,36.103311920472045],[-105.59472405604404,36.102982805460904],[-105.59450369095784,36.10256736241155],[-105.59312473755374,36.10149637433157],[-105.59213471732205,36.101388106373044],[-105.59038102497485,36.101910201553466],[-105.5910624010809,36.101380901434496],[-105.5910753910656,36.101175682403],[-105.59074009096572,36.100896621380734],[-105.58989759377978,36.10093116043503],[-105.58951366467217,36.100688546421075],[-105.58926982052525,36.0996464412792],[-105.58962428251965,36.09868447511448],[-105.58961093246167,36.09806338102223],[-105.58896245128982,36.097765023015334],[-105.58844781313128,36.09727845297242],[-105.58633394766062,36.097318116101555],[-105.58555299346219,36.097055973107786],[-105.58000775338702,36.09896496071689],[-105.57757512193675,36.1000450660205]]},"properties":{"trail_name":"BEAR MOUNTAIN","trail_no":"28","trail_type":"TERRA","gis_miles":3.821,"trail_surface":"NATIVE MATERIAL"}},{"type":"Feature","geometry":{"type":"LineString","coordinates":[[-105.87466277147091,35.89614620325315],[-105.87392509017059,35.894589981063],[-105.87340842400036,35.89395998099861],[-105.87347509093625,35.8930549808593],[-105.87259009076261,35.89332664795114],[-105.87194675755235,35.89256164787385],[-105.87085509026865,35.89209998086783],[-105.87040175712421,35.891603313819715],[-105.87052009112845,35.89134998177496],[-105.87020675705263,35.891281647782854],[-105.87032009103078,35.89074164769549],[-105.87019175797978,35.89048498166447],[-105.86950008982292,35.89045498069996],[-105.86889342364022,35.889911648653715],[-105.86839009050878,35.889691647649855],[-105.86789175734235,35.88905831458387],[-105.86756342326086,35.888963314588636],[-105.8669517570753,35.888399980539674],[-105.86662675699728,35.88833664854893],[-105.8663050908783,35.88779498148647],[-105.86500175753439,35.88718498147046],[-105.86385175716786,35.885923314348055],[-105.86355509103643,35.8851749812532],[-105.8637734250485,35.884754981177686],[-105.86368009001245,35.88457998115688],[-105.86339842393521,35.88441498114846],[-105.86237509070858,35.884433314210305],[-105.8615699264628,35.88367448314318],[-105.86136342333721,35.88276164801845],[-105.86200509136113,35.88139498077687],[-105.86177342423377,35.880526648660215],[-105.86141342412238,35.88016998162758],[-105.8606284239409,35.880096647661965],[-105.8598050907971,35.88055331477784],[-105.85880009157101,35.88053164783263],[-105.85803175838306,35.88034164884856],[-105.8572734241686,35.879821647814495],[-105.8568284250753,35.8798899818504],[-105.85631009094402,35.87970998185339],[-105.85592675787449,35.87989331490296],[-105.85559509184291,35.880379981994984],[-105.8548950907074,35.88061664807081],[-105.854250091534,35.880278314057406],[-105.85248675817017,35.88061664820985],[-105.85222009114452,35.88100498228343],[-105.85129342497383,35.8814183153988],[-105.85122675800429,35.88193831448051],[-105.85071342490748,35.882141647540614],[-105.85038342386531,35.882501648613555],[-105.85005175779695,35.882566647642435],[-105.8498384247321,35.88236831462504],[-105.84837009040595,35.88238498171233],[-105.84753675819793,35.88213164872248],[-105.84629675796968,35.88268664787718],[-105.84573675784667,35.882708314912776],[-105.84550842376882,35.882399981879765],[-105.8453317577553,35.882696647934374],[-105.84460342457766,35.882523314950504]]},"properties":{"trail_name":"SCOUT","trail_no":"234","trail_type":"TERRA","gis_miles":2.771,"trail_surface":"NATIVE MATERIAL"}},{"type":"Feature","geometry":{"type":"LineString","coordinates":[[-105.63773494359032,35.82781575464529],[-105.63537899322782,35.82972066706752],[-105.63477315808747,35.82966693209423],[-105.63266332063984,35.82995259125841],[-105.63234232956137,35.82987662226543],[-105.63214637048287,35.82947690021648],[-105.63253043344231,35.82801528297422],[-105.63164744622918,35.82783719099809],[-105.62876398358418,35.827844654164764],[-105.6286994385216,35.82728867408471],[-105.6276639783039,35.82745183916874],[-105.62788942330857,35.82692317007615],[-105.62747536617438,35.826444210027795],[-105.62661390099638,35.826615796103084],[-105.6239715443762,35.82628729620532],[-105.62326104030187,35.82726646639364],[-105.62308055020026,35.82655941029746],[-105.62270857516643,35.82713102740496],[-105.62125539290776,35.82790258160463],[-105.62076985583545,35.828322952695885],[-105.61924419748425,35.82821291876688],[-105.61913928545718,35.828172087766795],[-105.61932315148987,35.828073547741354],[-105.61903501841907,35.82800134974703],[-105.6187834683743,35.82813470878154]]},"properties":{"trail_name":"VALLE LARGO","trail_no":"248","trail_type":"TERRA","gis_miles":1.5510000000000002,"trail_surface":"NATIVE MATERIAL"}},{"type":"Feature","geometry":{"type":"LineString","coordinates":[[-105.61880173737633,35.828110861776935],[-105.61860230537121,35.828568097857264],[-105.61836914524723,35.82773904474572],[-105.61807509923636,35.82837381385831],[-105.61784717414376,35.82789441079909],[-105.61751031414813,35.828816449957365],[-105.61704556806971,35.82911248902871],[-105.61566786866578,35.82801094394181],[-105.6152917825302,35.827417805874035],[-105.61511214755362,35.828153069995096],[-105.61476257342515,35.827573265927796],[-105.61401848020314,35.82693436887426],[-105.61391964917887,35.82690996687622],[-105.6141111832634,35.8273906239377],[-105.61301517895535,35.82666758789165],[-105.61294322804453,35.82788386007907],[-105.61271313904969,35.828538822190964],[-105.61223962387785,35.8277792231037],[-105.61148682066465,35.8272642100693],[-105.6109966395481,35.82718613308567],[-105.61005303328868,35.82663084405617],[-105.60938697507434,35.82587809498091],[-105.60860021195812,35.82657158813059],[-105.60815277983659,35.82632522911918],[-105.60773722676464,35.82656938717982],[-105.60693365664085,35.82721872632385],[-105.60631561159217,35.82825604751568],[-105.60559589940186,35.82791962550626],[-105.60510142725363,35.827487056469444],[-105.60429101404772,35.827205563473555],[-105.60318081271686,35.826256529394186],[-105.60286563963683,35.826147812395895],[-105.60079639421983,35.8266854105957],[-105.59751343846415,35.826452651749086],[-105.59490635580435,35.82557800076684],[-105.59274362928652,35.825193599832986],[-105.59054631272815,35.824430287843974],[-105.58781678208754,35.824095297950116],[-105.58671548684656,35.82416241202346],[-105.5852596874558,35.82341620399445],[-105.58284752083891,35.822533812999765],[-105.5817725415344,35.821798453950485],[-105.58123192941419,35.821809348983145],[-105.58066484831666,35.82215097806721],[-105.5800758872541,35.822953586222084],[-105.57952600115689,35.82325436329899],[-105.57831445601803,35.82478793159985],[-105.57691212370823,35.82483969368813],[-105.57553205347064,35.82566906489242],[-105.57279307492777,35.82648966517338],[-105.57174071876692,35.827357049364615],[-105.57008630343218,35.827774378522456],[-105.56969098936952,35.82807428059044],[-105.5686343231238,35.82797195763562],[-105.56766181793002,35.828251768733615],[-105.56635115772482,35.829275775963346],[-105.56526453451396,35.8296538230827],[-105.56412304933436,35.83053562728124],[-105.56317537221278,35.831585647494094],[-105.56235116105282,35.8318722935846],[-105.56194889003038,35.832655067725796],[-105.56097891187113,35.83332740988292],[-105.5603847767933,35.83396675801347],[-105.55978782767852,35.834187140080985],[-105.55885378954659,35.835082335269654],[-105.55815485141386,35.83535961335161],[-105.55736016830934,35.83621023852555],[-105.55674494518848,35.836407773590636],[-105.55656823117508,35.83671004064637],[-105.5554445039841,35.83741431181716],[-105.55354213462564,35.83820147304514],[-105.55325689159264,35.838558220115296],[-105.55289111752022,35.83866951615308],[-105.55264394349891,35.83906335522672],[-105.55158565529403,35.839438201344024],[-105.55133046325274,35.83962204738645],[-105.55120477025535,35.83997765444727],[-105.55032251711741,35.8406688456022],[-105.54941976592812,35.840820917677014],[-105.54883029582977,35.84121191076985],[-105.54855529879163,35.84148304382651],[-105.54878033788769,35.84200966689307],[-105.54840291490352,35.84316998508976],[-105.54801295285034,35.84356548017185],[-105.54637684751962,35.84398323032882],[-105.54572152741223,35.8444402074354],[-105.54344298094921,35.8449939166498],[-105.5416575666584,35.84625958894328],[-105.54121136456939,35.84638722098815]]},"properties":{"trail_name":"VALLE LARGO","trail_no":"248","trail_type":"TERRA","gis_miles":5.955,"trail_surface":"NATIVE MATERIAL"}},{"type":"Feature","geometry":{"type":"LineString","coordinates":[[-105.6593248040364,35.81179578199282],[-105.65887860479859,35.81020010377807],[-105.6591462518361,35.809941403723734],[-105.65947137591873,35.81005585172234]]},"properties":{"trail_name":"COWLES POND","trail_no":"323","trail_type":"TERRA","gis_miles":0.169,"trail_surface":"NATIVE MATERIAL"}},{"type":"Feature","geometry":{"type":"LineString","coordinates":[[-105.81566573313425,35.87120917892526],[-105.8154923700994,35.87125319194183],[-105.81544616411782,35.87158357899404],[-105.8149665150418,35.871940053075136],[-105.81451765104275,35.87310121827506],[-105.81474618618607,35.874161680420826],[-105.81471625823357,35.87478397251582],[-105.81444414930232,35.87627047075432],[-105.81395704731656,35.877682609994025],[-105.81395446140405,35.878693411145676],[-105.81369822445309,35.87991259334316],[-105.81311614139354,35.88072089649795],[-105.81309559247009,35.881651944638634],[-105.81263990139139,35.88191578670444],[-105.81238573237005,35.88232238978003],[-105.81242347446528,35.883318126927115],[-105.81225898947265,35.883824300012414],[-105.81179213041536,35.88436245512003],[-105.81177375650127,35.88539545827592],[-105.8113778845221,35.88664849248653],[-105.81133445464856,35.88821049472305],[-105.81231380098188,35.88952588286363],[-105.81265841812656,35.8903027519601],[-105.81273539420503,35.891005704060966],[-105.81308294035992,35.89189189217372],[-105.8134271414689,35.892260409209015],[-105.81344764050024,35.89256706225377],[-105.81296838845168,35.89323681038179],[-105.81292971051522,35.894064485508004],[-105.81221674745773,35.895230103723804],[-105.81071217813708,35.89540525983695],[-105.81055547011715,35.8955774288718],[-105.81069893818277,35.89596256192124],[-105.81093481221872,35.89577108987893],[-105.81079879127758,35.89679386503995],[-105.81041445315957,35.89642475600686],[-105.8095756959742,35.89644642005858],[-105.80996175806938,35.89654923005167],[-105.81020126915976,35.89697206710123],[-105.81010222118537,35.89751949818891],[-105.81022278424493,35.89789376723804],[-105.80999648122267,35.8982174752996],[-105.81034170931574,35.89840051330707],[-105.81073811445144,35.898941471365205],[-105.81086185854716,35.89972236647501],[-105.81132373970627,35.90036351454437],[-105.81072595864848,35.90123081070885],[-105.80958849741673,35.901484914812634],[-105.81055096173392,35.902657311932664],[-105.81056368975958,35.902918429971],[-105.81009405469703,35.903403220070786],[-105.8109420929212,35.9038020790815],[-105.81097856295528,35.90409928412389],[-105.81059554591995,35.90467464923223],[-105.81145175315557,35.90518359625899],[-105.8115021531941,35.9054957843028],[-105.81143961820403,35.9057700553475],[-105.81112918015695,35.906024429403544],[-105.81098749219966,35.90687566253923],[-105.81043087113055,35.90750723366597],[-105.81028480013218,35.90789969173319],[-105.80964035999101,35.90793116677518],[-105.80992001807408,35.908167150794334],[-105.81058034422209,35.90817380275719],[-105.81173635553974,35.90885539979243],[-105.81228369974767,35.90983701190779],[-105.81326774303874,35.91065416597327],[-105.81355410419502,35.91171199111515],[-105.81363678325862,35.91222869118774],[-105.81348174724442,35.91246188623165],[-105.81336036932029,35.913640804415174],[-105.81348551744486,35.91474676057354],[-105.81430290075967,35.91626086475296],[-105.8145896849375,35.917563287931415],[-105.81488299115087,35.91925545016775],[-105.8146689142201,35.92059416538055],[-105.8147156372966,35.921349889491026],[-105.81608406874354,35.92296719965395],[-105.81620714886645,35.92405891181025],[-105.81600724698387,35.92591141909912],[-105.8164388171645,35.92687506121839],[-105.81671990636599,35.92846112143955],[-105.81706291249247,35.929031945505095],[-105.8173206956293,35.92993838862586],[-105.81740125976579,35.931292229823775],[-105.81722795186415,35.93285858006825],[-105.81737754601423,35.934191948259134],[-105.81766473913362,35.93482324433698],[-105.8172491881185,35.93571042549378],[-105.8172817282351,35.936960030678904],[-105.81697665325423,35.93795632084563],[-105.81730798343945,35.9392270540166],[-105.81713631141338,35.939367514047554],[-105.81715977248813,35.94016109016493],[-105.81735174056969,35.94060288321991],[-105.81765891665367,35.94077885222845],[-105.81741003262944,35.94113658929639],[-105.81746072068293,35.94161833336554],[-105.81764258273923,35.94179775538181],[-105.8175052817335,35.94208242543241],[-105.81752119480431,35.94284993454629],[-105.81789982793138,35.94333604459713],[-105.81827068700959,35.94328305556768],[-105.81788039498555,35.94400359969807],[-105.81791998406752,35.9448387718208],[-105.81833236825082,35.94588000995265],[-105.81881124141883,35.94657718702921],[-105.8186830124115,35.946820794073105],[-105.81878107748949,35.94746061016311],[-105.81835727245367,35.94813202128811],[-105.81800401639727,35.9483882493469],[-105.81746464639124,35.94969411457352],[-105.81656208730115,35.950965600816],[-105.81659371637815,35.95176402193356],[-105.8163958114134,35.95267028308059],[-105.81665009255465,35.95363369021],[-105.81686000561652,35.95380472422341],[-105.81651135565367,35.95511620343977],[-105.81761312510653,35.95747549472878],[-105.81713192106686,35.95824915687236],[-105.81709717019423,35.95978966810479],[-105.81728445727101,35.96018811915349],[-105.81693623122317,35.96052956022479],[-105.81692094329225,35.961355915349216],[-105.81606276425175,35.96307841465661],[-105.81559485336025,35.96550667604683],[-105.81582214346227,35.96609076312098],[-105.81568418253825,35.967307457310916],[-105.81582448864053,35.968115741423645],[-105.81623235778522,35.96872722449143],[-105.81660672897159,35.96989782064476],[-105.81635195609432,35.97194408396549],[-105.81674650523817,35.97257881303745],[-105.81663928426741,35.9731848761343],[-105.81621395320239,35.973526235210024],[-105.81651596035599,35.97450717233915],[-105.81660053945761,35.97544914647507],[-105.81752612881195,35.97713079067273],[-105.81730111181798,35.97777149278157],[-105.81726910290661,35.97886185894644],[-105.81755758012164,35.98057673618604],[-105.81691219404352,35.98132783933577],[-105.81771280223732,35.98149836131476],[-105.81769972231643,35.98243249445518],[-105.81749325132215,35.98302228355531],[-105.81759743638489,35.9834714836164],[-105.8175065753809,35.9836570916494],[-105.81672716012832,35.982763415561095],[-105.81668378920365,35.983730331708124],[-105.8159748761901,35.985378105995544],[-105.81609593323871,35.98562336402519],[-105.81586971122293,35.98601858309736],[-105.81674883754958,35.987501699268],[-105.816738636574,35.98780543531398],[-105.81655814454498,35.98793366334361],[-105.81681612161405,35.9880639593481],[-105.81684779364015,35.98828009237857],[-105.81645351261427,35.988987406507164],[-105.81738609887938,35.98963441854972],[-105.81723617592161,35.99049518168704],[-105.81710375889844,35.99056836470571],[-105.81635131865355,35.98969389161871],[-105.81546948243295,35.98942517662973],[-105.8144757151145,35.98832662752327],[-105.81260728868999,35.9882448426195]]},"properties":{"trail_name":"BORREGO","trail_no":"150","trail_type":"TERRA","gis_miles":10.291,"trail_surface":"NATIVE MATERIAL"}},{"type":"Feature","geometry":{"type":"MultiLineString","coordinates":[[[-105.83453613852389,35.74629650809262],[-105.83462808056025,35.74648063911499],[-105.83441614251929,35.74655393613816],[-105.83391345648796,35.747491305307825],[-105.83369620255591,35.7488417035232],[-105.83408587577232,35.750343337726584],[-105.83405217892741,35.75222975701195],[-105.83431750703421,35.75278202307973],[-105.83371817093247,35.75315229216975],[-105.83238568581653,35.755253756561835],[-105.8321265867505,35.75515797456234],[-105.83204006478789,35.755815373666046],[-105.8321720538529,35.75622768472043],[-105.83177627683726,35.75706956286964],[-105.83146756679432,35.757370169932486],[-105.8320442249101,35.75722144287707],[-105.83225528799831,35.75769825993668],[-105.83310588626392,35.758577813020075],[-105.83324932841238,35.7599274782146],[-105.83303520941774,35.76054321231939],[-105.83317054649241,35.761058825389114],[-105.83278914536736,35.76059567934137],[-105.83272594837076,35.760798093375406],[-105.83379920378006,35.76276715160969],[-105.83315588974459,35.76401843083458],[-105.83306078277433,35.76460866992872]],[[-105.82429315699697,35.77825418848139],[-105.82474395317936,35.779201260597766],[-105.82581442344433,35.77950375858177],[-105.82573758347904,35.780103951676324],[-105.82456547524714,35.78044626379501],[-105.82291707488146,35.78046989489312],[-105.8226197878386,35.78074171595102],[-105.82344138006889,35.781285102985485],[-105.82510487044297,35.781319462895205],[-105.82610359169665,35.781676855891575],[-105.82648063180694,35.78198012391547],[-105.82693036691322,35.78204840289991],[-105.8278181141977,35.78304848499916],[-105.82804997028585,35.78346985204912],[-105.8280622883287,35.78393339811804],[-105.8290478525359,35.78378728703954],[-105.82951908765473,35.78394578903625],[-105.82960186877553,35.785129305209274],[-105.82933474375113,35.7855363172857],[-105.83013241597432,35.78605980531849],[-105.83021747905705,35.78679679842426],[-105.8304337001098,35.786849369419784],[-105.83164317331837,35.786141118244],[-105.83190673138465,35.78622810124188],[-105.83202843750831,35.787344187402496],[-105.8318441495283,35.788050409519144],[-105.8320475735941,35.78828674254291],[-105.83170603756591,35.788841799645866],[-105.83238024171688,35.788848292608115],[-105.8329030938877,35.789474513672104],[-105.83320412588705,35.788690964537196],[-105.83374252896526,35.78820642943352],[-105.83396749197871,35.78778190035689],[-105.83468653912011,35.787561992282576],[-105.83537332932814,35.78819629833842],[-105.8355410523279,35.787761075263425],[-105.83637886950262,35.78761989119412],[-105.83664903753306,35.7872752771269],[-105.83686758059339,35.78740898413439],[-105.83674688063327,35.78818150625733],[-105.83617660853757,35.788545940344726],[-105.83583205150998,35.789115550450056],[-105.83512546540726,35.78974982358584],[-105.83498613542925,35.790363402685976],[-105.8350814755353,35.79134341482763],[-105.83488306355113,35.792038324943334],[-105.83455809552717,35.79259884104614],[-105.83362743738068,35.79330543720567],[-105.83349208138291,35.79367992926964],[-105.83361210446549,35.79432524235963],[-105.83342833245875,35.79472061942953],[-105.83362190665042,35.79643671267599],[-105.83379228172008,35.7968027447212],[-105.83362557682096,35.798397532970135],[-105.83398334797695,35.79927781408169],[-105.83516274227041,35.79962823406653],[-105.83513128931523,35.800227364158296],[-105.83559824547133,35.80082697022141],[-105.835510252527,35.80169675735703],[-105.83583389562553,35.80200086738407],[-105.83584830867899,35.802581490470395],[-105.83542128765617,35.80341756562041],[-105.83579914378613,35.80394488367779],[-105.83650718797045,35.80424996168295],[-105.83632298696364,35.80464527375282],[-105.83557602078892,35.80455202178176],[-105.83619199797441,35.80510706682964],[-105.83679476310579,35.805071657789675],[-105.83667075212308,35.80559100787478],[-105.83568479095905,35.806236101028254],[-105.83581929900228,35.80638907704346],[-105.83572488199935,35.806597909080246],[-105.8358654290357,35.80665561608081],[-105.83568784700459,35.806754432105805],[-105.83600740408336,35.80684057410038],[-105.83582379905252,35.80695704512842],[-105.83609140212678,35.807125147138294],[-105.83575351805275,35.80714106116006],[-105.83532454598114,35.807419214226464],[-105.83576770509488,35.807590463226695],[-105.8344102319387,35.809283682558814],[-105.83430202797788,35.81001404067463],[-105.83365427586789,35.810412340771656],[-105.83276789175841,35.81143114397546],[-105.83306946987106,35.811954723036706],[-105.83304279792917,35.81269395414916],[-105.8326095598949,35.81341406928211],[-105.8325455019391,35.814088252386945],[-105.8322488418605,35.81394519438254],[-105.83203928377492,35.81349718332737],[-105.83184121974517,35.81366400736382],[-105.8310345407727,35.81605773476934],[-105.83037946670456,35.81695784794205],[-105.83036132074544,35.81747606702088],[-105.83069144788783,35.81826902512088],[-105.83069150295945,35.81909460924473],[-105.83029148895602,35.82008470541629],[-105.83029127903393,35.82098355155115],[-105.82949465993154,35.82185201372724],[-105.82845917386246,35.82371978606704],[-105.8283539579119,35.824560527199225],[-105.82850951799837,35.82515724627977],[-105.82831944306791,35.826447393484266],[-105.8271551769035,35.82754649371611],[-105.82709484595077,35.828246525824646],[-105.82739717506078,35.82873703488081],[-105.82760119323015,35.83016406608312],[-105.82914927073992,35.832057924278104],[-105.8292410288063,35.83258663735212],[-105.82824931561645,35.83294899246354],[-105.8264145442097,35.832979501573725],[-105.8259969121324,35.83316254562519],[-105.82540792204968,35.833723493743285],[-105.8244462359724,35.83530557303594],[-105.82507160209828,35.835148234976344],[-105.82454647805258,35.83597145213007],[-105.82479977017859,35.83677129423542],[-105.82464515715851,35.83693739426925],[-105.82465870618785,35.83724094231396],[-105.82382408897296,35.836910449312455],[-105.82420470022477,35.83883279757887],[-105.82440597530223,35.83920749962346],[-105.82489094642926,35.83942432362807],[-105.82496268848561,35.839888972693586],[-105.82521513256256,35.84012608171463],[-105.82418461438489,35.840728026864284],[-105.82402449938714,35.84116504093903],[-105.82427078846692,35.8414513009678],[-105.82400728645128,35.84194806605742],[-105.82418837152048,35.84227950809671],[-105.82379839544426,35.84240370013779],[-105.82343338234551,35.84220440712893],[-105.82322796930838,35.842304681155795],[-105.82301863728433,35.842565766207024],[-105.82311340832553,35.842796817236234],[-105.82280511331244,35.84343779135009],[-105.82292486644565,35.844663623527],[-105.82271959247392,35.845516209666684],[-105.82278637456507,35.846394082794525],[-105.82365384595198,35.848618099077996],[-105.82381740707648,35.84963101622048],[-105.82329056901379,35.850262231345475],[-105.82354741518738,35.851599602531195],[-105.82339601419477,35.85207379961102],[-105.82202680706534,35.85409959299368],[-105.82131215597309,35.85487291115078],[-105.82202013914005,35.854975988125425],[-105.82296253539144,35.85544828214196],[-105.82272251537482,35.85587267021942],[-105.82301074948765,35.85643066528641],[-105.82297272252868,35.857000077373975],[-105.82244400653241,35.858399168614184]]]},"properties":{"trail_name":"BORREGO","trail_no":"150","trail_type":"TERRA","gis_miles":9.907,"trail_surface":"NATIVE MATERIAL"}},{"type":"Feature","geometry":{"type":"LineString","coordinates":[[-105.91144119626973,35.741728289000314],[-105.90898137763526,35.740723154990434],[-105.90874215654267,35.74026759193577],[-105.9081727443944,35.740018831931096],[-105.90599703788067,35.73968068100502],[-105.90482447057956,35.73921777900276],[-105.90422592646743,35.73946329307386],[-105.90147759782842,35.739151739184564],[-105.89994352851878,35.73952379432834],[-105.89869713231334,35.74036148652547],[-105.89811785620088,35.74055382458752],[-105.89776822814794,35.74084344465109],[-105.89750511116222,35.74168883579303],[-105.8969522580491,35.741805165842145],[-105.89595559089399,35.74258183501584],[-105.89472342461443,35.74252268207758],[-105.89251912220243,35.74343976934155],[-105.89202266613484,35.74393879844493],[-105.89159006904858,35.74405662348738],[-105.88999972477794,35.745026732724185],[-105.888097630384,35.745373118885176],[-105.88763337031831,35.7458108309775],[-105.88621295206764,35.74657412717349],[-105.88578195501762,35.74710804927832],[-105.88427910973795,35.747748082460554],[-105.8825949493835,35.747989368593274],[-105.88072199996884,35.74802088270535],[-105.87925867866944,35.74833003583565],[-105.87885000760745,35.748667062909675],[-105.87805768545678,35.748967959000254],[-105.87644902512382,35.749264083136914],[-105.87537924484424,35.74878618812646],[-105.87483885473713,35.74894126418071],[-105.87281363824786,35.74850146523075],[-105.87245884519116,35.74876064429002],[-105.87184411703437,35.7485315132908],[-105.8709260998369,35.748614337355875],[-105.86973960752678,35.748084544344294],[-105.86934487343783,35.74807312636523],[-105.86866692231082,35.74835274744607],[-105.86778971708362,35.747985237441156],[-105.866697934913,35.74882859663037],[-105.86567488870114,35.749016245717165],[-105.86537564365574,35.74926344477144],[-105.86464086246701,35.74897418977012],[-105.86412600436189,35.749085805816335],[-105.86376653631811,35.749507171900255],[-105.86289311014163,35.74971839498202],[-105.86212945501823,35.75026168110738],[-105.86190813400171,35.75064235817723],[-105.86147495891997,35.75081454522791],[-105.8601327847149,35.75190599046878],[-105.85930081454498,35.75208581254348],[-105.85809285932682,35.752678685701696]]},"properties":{"trail_name":"WINSOR","trail_no":"254","trail_type":"TERRA","gis_miles":3.454,"trail_surface":"NATIVE MATERIAL"}},{"type":"Feature","geometry":{"type":"LineString","coordinates":[[-105.63352399832229,35.92759125089926],[-105.63298471424265,35.92806279600127],[-105.63258237415592,35.92810167703037],[-105.63225346810478,35.92835950908808],[-105.63138868292008,35.92846320315363],[-105.63107982289968,35.929021679255364],[-105.63152263405273,35.92963876832252],[-105.63098283396471,35.93001576941036],[-105.63087253400762,35.93078953653301],[-105.6303505249376,35.931326911643936],[-105.62895428670262,35.932217614858416],[-105.62812286150039,35.93203475787898],[-105.62784826044617,35.932118328907364],[-105.62739805132172,35.931848193892776],[-105.6274265013132,35.93167757286549],[-105.62698112225118,35.932110410956255],[-105.62622468010127,35.93233379703355],[-105.62433214669713,35.93256150117708],[-105.62364086153192,35.93244283019917],[-105.62322785645661,35.932640308252715],[-105.62246453028196,35.932598487290505],[-105.62208222620956,35.93275050933543],[-105.62168397610726,35.93260065233593],[-105.62166945208436,35.93237557730295],[-105.62092344489247,35.93209177830338],[-105.62066116678487,35.93153293723454],[-105.62019862866612,35.931359163235136],[-105.61914503243173,35.931378825298914],[-105.61891038139548,35.93156618234065],[-105.61781020816866,35.931791439438],[-105.61680086993346,35.931687251480675],[-105.6156699836952,35.93186062757201],[-105.61520567557791,35.931708885576064],[-105.61453228544012,35.93185914663752],[-105.61422526436152,35.931746722638344],[-105.61154915186522,35.93293054297086],[-105.61019055951013,35.93235032196208],[-105.60902848423639,35.9321979370063]]},"properties":{"trail_name":"SOUTH AZUL","trail_no":"258","trail_type":"TERRA","gis_miles":1.7850000000000001,"trail_surface":"NATIVE MATERIAL"}},{"type":"Feature","geometry":{"type":"MultiLineString","coordinates":[[[-105.62955121297237,35.95665295849471],[-105.63066938415355,35.95586095131109],[-105.63183070323903,35.95386446994409],[-105.63276186047871,35.954219145943476],[-105.63332763752088,35.95325294176569],[-105.63414757563501,35.95245781559885],[-105.63484659474192,35.951889492473086],[-105.63656100604955,35.95101589924269],[-105.63714148612148,35.95035182910944],[-105.63723259711358,35.9500285630556],[-105.63785303920078,35.94943630293077]],[[-105.6373286499953,35.94843018081002],[-105.63695148486795,35.94793961575813],[-105.6368937417986,35.94729470466462],[-105.63660207968756,35.94677205560297],[-105.63651216558227,35.94579805746188],[-105.63612900445472,35.94532093441237],[-105.63557016831508,35.945155366419826],[-105.63543086030249,35.94536844845988],[-105.63522307624555,35.94524972545406],[-105.63474038014343,35.9453184104923],[-105.63398485302162,35.9458605346174],[-105.63206538055024,35.9453869356572],[-105.63147935644537,35.94568943773652],[-105.63117331237342,35.94565008374835],[-105.62930357488972,35.944909017745054]]]},"properties":{"trail_name":"RITO AZUL","trail_no":"263","trail_type":"TERRA","gis_miles":1.437,"trail_surface":"NATIVE MATERIAL"}},{"type":"Feature","geometry":{"type":"LineString","coordinates":[[-105.738999918652,35.821013929804444],[-105.73809077648126,35.82138832891297],[-105.7376506204199,35.82181513600242],[-105.73883173076777,35.82278362508013],[-105.73880086478292,35.82303846212021],[-105.73846268274063,35.8234227751974],[-105.73845253177643,35.82386169826395],[-105.73903827100695,35.8250115494031],[-105.73801987079315,35.82517027348551],[-105.73766197874222,35.825505489556484],[-105.73699528360545,35.82564684461604],[-105.73654543450718,35.82567306264583],[-105.73475840906215,35.82514623566936],[-105.73393049388287,35.82521261072696],[-105.73319865970306,35.82502558074089],[-105.73188878432727,35.82406721267211],[-105.73009355588724,35.82361966170796],[-105.72931579170928,35.823571802745455],[-105.72889660163278,35.82377021179938],[-105.72902053763555,35.82348273374907],[-105.72849312654813,35.82383452983224],[-105.72856996353947,35.82353577778293],[-105.72765912338427,35.82409448791926],[-105.72752461732368,35.82374220587405],[-105.72683665716745,35.82371369690929],[-105.72515419475303,35.82327133193948],[-105.7245531306438,35.82356175901768],[-105.72314554334473,35.823740936125525],[-105.72287124526433,35.823520949108165],[-105.72276995221381,35.82319920106561],[-105.72156079590893,35.8228001520751],[-105.72207253901007,35.82264720602265],[-105.72218158200508,35.822308059965415],[-105.7204618686014,35.82208604603087],[-105.71995817043387,35.82145166596442],[-105.71879867924658,35.8222818971559],[-105.71823311812105,35.82229220318992],[-105.71752005490437,35.82163130013152],[-105.71696972669413,35.82062441001165],[-105.71597668739055,35.819682901927116],[-105.71483697904443,35.81862819983398],[-105.71373335875838,35.818173870829],[-105.71318930460123,35.81776349079851],[-105.71279516944894,35.817022726709716],[-105.71216500530316,35.81696657173749],[-105.71041586274377,35.81502239754546],[-105.71005043868202,35.81525269960111],[-105.70966349959264,35.81521971761838],[-105.70900013641038,35.814827587597456],[-105.70695693889901,35.81419749661999],[-105.70529731845062,35.81330437458095],[-105.704719569258,35.81257137450379],[-105.70341322387311,35.81149892441745],[-105.7029810597149,35.81078748533521],[-105.70180715633926,35.8094798302058],[-105.70097163911169,35.809008850182906],[-105.69960110976618,35.8085575001936],[-105.69714667619621,35.80831391329784],[-105.69649743600257,35.80775414625087],[-105.69524719576216,35.8082069783908],[-105.69242069312253,35.80812031253996],[-105.69171605592346,35.80764040450818],[-105.69165315486583,35.80713703143601],[-105.69077484660606,35.80640459337614],[-105.69012214445598,35.80635748940654],[-105.68840503212711,35.80699519360109],[-105.68791639301774,35.80699410262895],[-105.68607422549285,35.80568900353821],[-105.6855268443709,35.8056945545704],[-105.68372299492232,35.8051729515954],[-105.68243117666069,35.805489287717194],[-105.68070851828817,35.80563775183835],[-105.67996869016169,35.80608901094878],[-105.67863442189947,35.80650832508848],[-105.67712905557434,35.806642630195036],[-105.6763128093902,35.80662475423922],[-105.67560366219047,35.806149713208384],[-105.67381092174926,35.80568548024133],[-105.67328746662842,35.80564228026487],[-105.6728574005452,35.805792486312164],[-105.67342270767786,35.80586379729046],[-105.6732561756746,35.806256915359185],[-105.67412349692275,35.806882887403724],[-105.67431034301013,35.80740978547231],[-105.67484870816969,35.80786242150964],[-105.67527766728658,35.808104162521396],[-105.6764941125797,35.80834677548813],[-105.67811697402402,35.809286541536466],[-105.67846904017522,35.81012389964235],[-105.67989894956116,35.81088808367533],[-105.68013150763997,35.81119709970852],[-105.68015857370116,35.811834777802964],[-105.68051800080725,35.812131899827065],[-105.68211055516025,35.81209410972998],[-105.68447923061217,35.81119321145841],[-105.68520437076594,35.81109600040213],[-105.68543317180074,35.810906784360476],[-105.68569416693819,35.811820613483064],[-105.68555855403763,35.81332038671666],[-105.68521260502492,35.814067784849],[-105.68536669410385,35.81458174191754],[-105.68663425341455,35.81489539989196],[-105.686930490522,35.81537148994663],[-105.68819314785398,35.815944294960325],[-105.68855015093592,35.81596810194339],[-105.68914571404714,35.81571400187094],[-105.68954304515577,35.81594246188254],[-105.69134511650945,35.81537224069327],[-105.6919141696543,35.81557525069108],[-105.6913573805269,35.815541811718035],[-105.69080293242479,35.81579477078798],[-105.69015179731196,35.81617375788238],[-105.68983512428541,35.81668520797755],[-105.68913216216437,35.817103207080834],[-105.68865215303562,35.81685616907122],[-105.6871511837079,35.816948629171335],[-105.68624337848213,35.81668623318391],[-105.68517668224008,35.81664653823919],[-105.68401846098192,35.81665741330739],[-105.68315737082104,35.817024246412025],[-105.68170414747863,35.8168239184653],[-105.67976076499171,35.8162208204861],[-105.67881929477002,35.816092624520856],[-105.67843095268971,35.81616861455456],[-105.67898572384524,35.81653178357742],[-105.67891541185196,35.816790960620445],[-105.67868014180773,35.81688803764858],[-105.67786377758853,35.816465600631865],[-105.67512624595832,35.8162602437581],[-105.67407363667195,35.81567226873004],[-105.67231990225957,35.81544138379594],[-105.67185664016603,35.8155579508401],[-105.67133785001158,35.815114449803104],[-105.66579364760508,35.813196308832474],[-105.66452274731813,35.81316657790096],[-105.66357095108008,35.812876501911916],[-105.66228090381004,35.813091885018395],[-105.6607022984528,35.81304600510207],[-105.66053817836897,35.81250118802944],[-105.65961074913783,35.81222815304154]]},"properties":{"trail_name":"WINSOR","trail_no":"254","trail_type":"TERRA","gis_miles":8.727,"trail_surface":"NATIVE MATERIAL"}},{"type":"Feature","geometry":{"type":"LineString","coordinates":[[-105.82244677153207,35.8583886956125],[-105.82184011251317,35.859728253848246],[-105.82154645745585,35.859821975879264],[-105.82079356036303,35.86068725105233],[-105.82039776829417,35.86091123110876],[-105.82017135528622,35.86140000319509],[-105.81958085117155,35.86159683425862],[-105.81850434501186,35.86252301045953],[-105.81772437292847,35.86356580966083],[-105.81742724294277,35.86449217881681],[-105.81696291689649,35.86515105994236],[-105.816746993012,35.86703254823683],[-105.81636513700413,35.86792099739205],[-105.81635695404195,35.868376494460804],[-105.81592997098679,35.86883759555453],[-105.81607601903356,35.86900083557058],[-105.81607442810788,35.86985854669921],[-105.81581833115031,35.87100222588543],[-105.8156366411288,35.87122146192879]]},"properties":{"trail_name":"BORREGO","trail_no":"150","trail_type":"TERRA","gis_miles":1.064,"trail_surface":"NATIVE MATERIAL"}},{"type":"Feature","geometry":{"type":"LineString","coordinates":[[-105.61989705012945,35.96031153560262],[-105.6194977870321,35.96022158861221],[-105.61924786694597,35.95987727457492],[-105.61925191989755,35.95931371049002],[-105.6187549167112,35.95845625639002],[-105.6173932362959,35.95719746927971],[-105.61622224100232,35.95684106929387],[-105.61569423788563,35.95685965832722],[-105.61530406373946,35.95618863924894],[-105.6139193533499,35.95528280319297],[-105.61334204213486,35.95430327307922],[-105.61245575892775,35.954206341115885],[-105.61198809979338,35.953867929092056],[-105.61133256459601,35.953291272043344],[-105.61068775136572,35.95231032893325],[-105.60903839996162,35.95191603296934],[-105.60832520876448,35.951489984946555],[-105.6080738086411,35.950722945845854],[-105.60718134237322,35.94994745978089],[-105.60668111124134,35.949721223775796],[-105.60610477603649,35.948855544679006],[-105.60628050201306,35.9481369815609],[-105.6059904658046,35.946495357330946],[-105.60518136255668,35.945734264263315],[-105.60376643916929,35.944929978224195],[-105.60224712668614,35.94329808006666],[-105.60214493561844,35.94278547099553],[-105.60239555463995,35.94238843992138],[-105.60236400159182,35.941918941852606],[-105.60332878569751,35.940653465606616],[-105.60323236658762,35.93964284446027],[-105.60362912066064,35.93946065540999],[-105.60391398363048,35.938384577231794],[-105.60480864471982,35.93711172098875],[-105.60494627668892,35.936405076874564],[-105.60482104762531,35.93599789082058],[-105.60499510361453,35.93542790272484],[-105.60463125445251,35.93450649760735],[-105.60464400341255,35.93401580253285],[-105.60439232332816,35.93369572949924],[-105.60441821428098,35.93308900040649],[-105.60494658832604,35.93224869924966],[-105.60458119419933,35.931734929193524],[-105.6045564850537,35.930130238953666],[-105.60411480080427,35.92840667372003],[-105.60427280272603,35.9271046865151],[-105.60356412243522,35.925592030328566],[-105.601628375806,35.923352166103456],[-105.60069533854853,35.922798385074024],[-105.60019905839063,35.92226314502213],[-105.59983882030059,35.92215643102689],[-105.59923438518213,35.922351506091125]]},"properties":{"trail_name":"CHIMAYOSOS","trail_no":"246","trail_type":"TERRA","gis_miles":3.442,"trail_surface":"NATIVE MATERIAL"}},{"type":"Feature","geometry":{"type":"LineString","coordinates":[[-105.44880016722348,35.76985988471234],[-105.44858198520416,35.7702054817771],[-105.44826511914019,35.77028878980783],[-105.4483893071811,35.77044060782373],[-105.44797033210709,35.77067346788293],[-105.4466098248314,35.771021047013285],[-105.44707568896192,35.77132226203233],[-105.44475539654921,35.772582220355716],[-105.44413418242183,35.77272396741266],[-105.4444841035151,35.772894419418506],[-105.44398767942354,35.773126319481946],[-105.44453544756593,35.7733507884847],[-105.44528206773393,35.773354783442635],[-105.44526601974007,35.773468458460734],[-105.44412630854309,35.77415353462965],[-105.44197373609204,35.774530482809716],[-105.44110373294595,35.775104352946336],[-105.44051711987724,35.77583728609085]]},"properties":{"trail_name":"HERMITS RIDGE","trail_no":"225","trail_type":"TERRA","gis_miles":0.879,"trail_surface":"NATIVE MATERIAL"}},{"type":"Feature","geometry":{"type":"LineString","coordinates":[[-105.80272878026044,35.80225282332393],[-105.80296485632743,35.80241870633524],[-105.80305453237676,35.802756904380885],[-105.80256513336903,35.80392946558513],[-105.8020510983052,35.804517401702945],[-105.80116870114706,35.80496572782094],[-105.80072757008935,35.805436355916974],[-105.80026120810663,35.806838426154314],[-105.8000135270749,35.80711054620946]]},"properties":{"trail_name":"WINSOR","trail_no":"254","trail_type":"TERRA","gis_miles":0.41300000000000003,"trail_surface":"NATIVE MATERIAL"}},{"type":"Feature","geometry":{"type":"LineString","coordinates":[[-105.58689849266317,35.85620118084286],[-105.5864267385198,35.85576722580458],[-105.58536614926946,35.85562156684359],[-105.58479345711804,35.8553554538364],[-105.58457287013469,35.856117528963935],[-105.58347435095567,35.85689168514374],[-105.58223946173239,35.85750894530777],[-105.58292354376736,35.856144286062786],[-105.58288478868621,35.85530886393908],[-105.58253655466572,35.85597242505913],[-105.58191598057584,35.85653950018025],[-105.5813604844784,35.85685144125922],[-105.58039162627836,35.85704914434467],[-105.58118151340429,35.85645990421051],[-105.58138285841612,35.85607619214105],[-105.5814434643697,35.85538401803327],[-105.58110904524665,35.85482952796892],[-105.58003662700658,35.854833327031145],[-105.57816058952628,35.85414373803502],[-105.57828534558573,35.85450673708258],[-105.5791945728855,35.855613158197066],[-105.57901304686432,35.85583803724142],[-105.57805589267828,35.85616669134596],[-105.57824298467735,35.85567256326072],[-105.5771092773646,35.85499673522402],[-105.57668288327083,35.85501750325166],[-105.57633047421685,35.85530600731544],[-105.57553312204277,35.85535912036926],[-105.57302793246272,35.85514642148115],[-105.57258176231731,35.85462287742791],[-105.57145377900282,35.85391219038563],[-105.57059444972822,35.852967255292555],[-105.56895206039401,35.853358972446],[-105.56528507653235,35.852902652587915],[-105.56210461589494,35.853774562902146],[-105.56041597253099,35.853944155024706],[-105.5595396443277,35.8538659040633],[-105.55851632703252,35.853107363007716],[-105.55772455182992,35.85281870200968],[-105.55389549097112,35.85281609122928],[-105.5518221075285,35.85307358438731],[-105.5507306462577,35.852773159404656],[-105.5499797270908,35.8527907864505],[-105.54933347891927,35.85248405144132],[-105.54903005085669,35.852546830468256],[-105.54801932860153,35.85221821247673],[-105.5464430572396,35.85212092355262],[-105.54584566305111,35.85149184949208],[-105.54467534577304,35.851312164532175],[-105.54382519551737,35.850562284467884],[-105.54361549042613,35.85005194840296],[-105.54362768036545,35.849319864291836],[-105.54285111711283,35.84841446319983],[-105.54194192086418,35.84789827717422],[-105.54215903989562,35.84769970413174],[-105.54240296888376,35.84693125800178],[-105.54153464067936,35.84681942703483],[-105.54122858757322,35.84638685498712],[-105.53992642529361,35.84653085308362],[-105.53798375682528,35.84615401313834],[-105.53781215775281,35.845761756089004],[-105.53669177942233,35.844848228015486],[-105.53613162122689,35.84404220292598],[-105.53612519420632,35.84382087789296],[-105.53553473501353,35.8431243588218],[-105.53518346077908,35.8413272265707]]},"properties":{"trail_name":"ESTEROS","trail_no":"226","trail_type":"TERRA","gis_miles":4.415,"trail_surface":"NATIVE MATERIAL"}},{"type":"Feature","geometry":{"type":"MultiLineString","coordinates":[[[-105.52264991566523,35.96426292682],[-105.52142664311147,35.96107041941021],[-105.52082700094522,35.960708567390434],[-105.52106180695654,35.96023524030561],[-105.52136038800388,35.960009854254416],[-105.52134049988493,35.958700850058534],[-105.52154204185568,35.957848639918595],[-105.52325375304909,35.955665759491154],[-105.52524794533186,35.95377905109192],[-105.52587069831678,35.95200719178925],[-105.52769854355242,35.95000829038274],[-105.52850659064245,35.948963496178784],[-105.52883907764613,35.94815098603728],[-105.52984580576232,35.946894493790005],[-105.5304935667795,35.94542705653165],[-105.53039125374232,35.94526381051301],[-105.52996915663954,35.94517152452349],[-105.52984220955551,35.94453568543512],[-105.53069877863544,35.94324967219201],[-105.53100958662918,35.94237908504299],[-105.53294440191345,35.94066215167285],[-105.5343274251679,35.94002170149658],[-105.53570603038213,35.93893164525288],[-105.53807096283627,35.93805526198444],[-105.53888971095714,35.93733488982869],[-105.53982980812121,35.93679777469357],[-105.54108274827686,35.93536069540495],[-105.54324321969868,35.93463931717161],[-105.54588161709442,35.93239107968087],[-105.54664276212036,35.93073150238712],[-105.54762372024902,35.929683656172756],[-105.55269894705243,35.925841653301525],[-105.55309493809834,35.92534924620459],[-105.55352762409633,35.92421405000871],[-105.55371202702759,35.92295049180784],[-105.55415637302241,35.92174799460116],[-105.55739856835551,35.917227065733535],[-105.5586813095232,35.91584982645219],[-105.55990560271763,35.91493001124312],[-105.5640842374113,35.912136343581565],[-105.56564364468733,35.911290747364305],[-105.56743578795547,35.90975584402991],[-105.5680264820241,35.909022497885445],[-105.56823753401633,35.90839011477809],[-105.56941300413565,35.906734270460994],[-105.57064958518083,35.904069051988444],[-105.5712617132324,35.90308482780498],[-105.57151011321058,35.902194233656566],[-105.57228270927435,35.90093702942275],[-105.5736130194048,35.89900889605577],[-105.57460951755628,35.89818301587397],[-105.57551035564799,35.89691607963132],[-105.57563978161832,35.89624167152232],[-105.57617092066734,35.8954360303704],[-105.57670444666478,35.894032372128265],[-105.57766980672925,35.8922857148097],[-105.57777979769476,35.89160587670098]],[[-105.57825682471349,35.89059158252074],[-105.57846524570475,35.88995421041274],[-105.57839056260542,35.88900435827403],[-105.57902639448255,35.88595248877775],[-105.57857295426703,35.88464273860662],[-105.57757259696605,35.88376043853134],[-105.5768075287624,35.88339075451968],[-105.57669886270436,35.883002966467494],[-105.57679036069264,35.882632527406436],[-105.57795997188234,35.881798208213475],[-105.57833914287468,35.880731884031015],[-105.57843010280982,35.87975142087814],[-105.57916559782606,35.87804098757811],[-105.57920127177977,35.87741602748192],[-105.57866029155839,35.87626376233947],[-105.57860664447807,35.87547773722418],[-105.57888897044565,35.874376068041926],[-105.5786989712653,35.87279003481394],[-105.57794700187482,35.87023503447223],[-105.57762129676267,35.86978405942304]]]},"properties":{"trail_name":"VALDEZ","trail_no":"224","trail_type":"TERRA","gis_miles":8.068,"trail_surface":"NATIVE MATERIAL"}},{"type":"Feature","geometry":{"type":"LineString","coordinates":[[-105.72272103203626,35.981833055875434],[-105.72211472989399,35.98175745189932],[-105.72152362472643,35.981354842873294],[-105.72172785569924,35.98052460373704],[-105.72091744843244,35.97954977363804],[-105.71908172701761,35.97950214873731],[-105.71861167989451,35.97929787073395],[-105.71681430539151,35.978147585665816],[-105.71659934030231,35.977678921608074],[-105.71618443717811,35.97732091257848],[-105.71459631784647,35.97759076371099],[-105.7138559736527,35.97726999070586],[-105.7131667235008,35.977296128749664],[-105.71281609140732,35.97712458474434],[-105.71196608910391,35.97583360160017],[-105.71088615280632,35.9751953765671],[-105.71099020479475,35.97479829050159],[-105.71018225154691,35.974033340433785],[-105.71003049946796,35.97352062036572],[-105.71016548849255,35.973456441348276],[-105.70960461028221,35.97248880023579],[-105.70981196423989,35.971477175072195],[-105.70970822009367,35.970074247867935],[-105.70906397392146,35.96975379185723],[-105.70898066488151,35.969511261825716],[-105.70791348961964,35.96924771484804],[-105.70741097143171,35.96838618074806],[-105.70666957320289,35.96766796968331],[-105.70639017913821,35.967643359695835],[-105.7055280439849,35.96809480781343],[-105.70383210362705,35.96834132894862],[-105.70338849950966,35.96813511994342],[-105.70302898443427,35.96819221497278],[-105.7016202620903,35.967864304005225],[-105.70084123792407,35.967956324064154],[-105.70034384579957,35.96780550007037],[-105.69958967964214,35.96793547213354],[-105.69839293235927,35.96776324017703],[-105.69756861713003,35.96725225014816],[-105.6970743420174,35.96722923617332],[-105.69662791295062,35.967607114255884],[-105.69610153782793,35.96755140827801],[-105.69478148349951,35.96717424129791],[-105.6937215811649,35.96606251119261],[-105.69327299407237,35.96615214823202],[-105.69196680972529,35.96552782521403],[-105.6907289684865,35.9659637673511],[-105.68986692639798,35.96715517757966],[-105.68837171615785,35.96823389182801],[-105.68808700409627,35.96825854384819],[-105.68743592690754,35.96776743581225],[-105.68523631149279,35.968652339072385],[-105.68390238316172,35.968281711094015],[-105.68348666304472,35.96800827607708],[-105.6829215989334,35.968181183135776],[-105.6823707187902,35.9679541591336],[-105.68141430859876,35.96821251122774],[-105.6809794304797,35.96796499721579],[-105.68043882628017,35.96706885011271],[-105.6800836392178,35.96726466316264],[-105.6798546481585,35.96717236516208],[-105.6793387340852,35.96765405826419],[-105.67894634995386,35.96715752221242],[-105.67726346650521,35.966336568186755],[-105.6761176831475,35.96518106707979],[-105.67444376274547,35.96486969613001],[-105.67217975110476,35.963341657031876],[-105.67178231995929,35.96269626195805],[-105.67054250857741,35.96150522785117],[-105.66980582339184,35.9612694038584],[-105.66899303121319,35.96130761491119],[-105.66867214312875,35.961163489908124],[-105.66830533605803,35.961294063948976],[-105.66770315489707,35.960995263939],[-105.66742694683747,35.9610210369588],[-105.66717752075006,35.96066031591911],[-105.66690916869192,35.960682890938045],[-105.66596482641029,35.95988087587239],[-105.6649338390289,35.95816162167405],[-105.66493484298223,35.95762603759365],[-105.6641451947295,35.956758189509124],[-105.66396986361133,35.95585706938402],[-105.6633317893852,35.95490554127815],[-105.66336237132515,35.95414100216166],[-105.66366460429833,35.95306168898215],[-105.66329054718048,35.95267194394533],[-105.66219159088294,35.95208317792054],[-105.66154528176634,35.952404946006226],[-105.66119564167546,35.95226087500478],[-105.66039678649922,35.952291055055525],[-105.66026337948061,35.952419479082565],[-105.66004439542296,35.95232111308043],[-105.65828071106303,35.952721258242526],[-105.65776036390757,35.952275692205745],[-105.65774352585221,35.951686247118246],[-105.65832748192022,35.95096887897681],[-105.65904997004743,35.950573761875724],[-105.65905980802523,35.95029509383331],[-105.65965467808077,35.949407383665616],[-105.66114696029449,35.94803078737268],[-105.6613636792862,35.947381560262684]]},"properties":{"trail_name":"DOME","trail_no":"151","trail_type":"TERRA","gis_miles":5.899,"trail_surface":"NATIVE MATERIAL"}},{"type":"Feature","geometry":{"type":"LineString","coordinates":[[-105.78464083578545,35.80875615233983],[-105.78451806874054,35.80855409331658],[-105.78464340573282,35.80814185524743],[-105.78522583181474,35.807586142130496],[-105.78564873472398,35.805446840784825],[-105.7855933626529,35.80476878968613],[-105.78518183049282,35.80398075259137],[-105.7844034792882,35.80362472158262],[-105.78398480420398,35.8037317366227],[-105.78343506906467,35.80354003062547],[-105.78312977297217,35.80325927560081],[-105.78232317476201,35.802911900594964],[-105.7812420015019,35.80269554262457],[-105.77983849212283,35.80193687859118],[-105.77879983091555,35.80222131069358],[-105.77846120388436,35.80273512879022],[-105.77820309980865,35.80252566777358],[-105.77762251967086,35.80243167079277],[-105.77729071057682,35.8022010667772],[-105.77704407846387,35.801532618690864],[-105.77679332438817,35.80130451667098],[-105.77682757534566,35.800724916581956],[-105.77705496136069,35.800311851506834],[-105.77694618431502,35.80006444947588]]},"properties":{"trail_name":"NAMBE LAKE","trail_no":"400","trail_type":"TERRA","gis_miles":1.07,"trail_surface":"NATIVE MATERIAL"}},{"type":"Feature","geometry":{"type":"LineString","coordinates":[[-105.76911691081821,35.8145236040983],[-105.7694044248303,35.813921257991296],[-105.76887298065431,35.813260168922476],[-105.76869305061639,35.813286649936835],[-105.76842890749813,35.812602075849135]]},"properties":{"trail_name":"RIO NAMBE","trail_no":"160","trail_type":"TERRA","gis_miles":0.169,"trail_surface":"NATIVE MATERIAL"}},{"type":"Feature","geometry":{"type":"LineString","coordinates":[[-105.79513379011178,35.80856787470871],[-105.79395568688084,35.808937627831895],[-105.79353303381784,35.80929956691057],[-105.79146725641597,35.80998486913216],[-105.7901335330679,35.809403574121546],[-105.78893218386979,35.810213530312225],[-105.78766787763249,35.810732839462865],[-105.78707465447225,35.810412116448745],[-105.78688047540481,35.810134194418154],[-105.78605339321457,35.810069679456014],[-105.78559075105153,35.80937919937888],[-105.78474878781311,35.80879723233982],[-105.78399741363584,35.8086875773665],[-105.78295569446034,35.80934685952539],[-105.78245449440551,35.81000585865319],[-105.78164153533587,35.811298028894015],[-105.78106803933964,35.8128203771557],[-105.78063534326182,35.81303706521308],[-105.78024103115789,35.812853810208246],[-105.77958725302362,35.81298964626619],[-105.77898569887958,35.81287692728382],[-105.77863873581506,35.813026826326265],[-105.77853293681163,35.813259726367335],[-105.77784235367872,35.813505730444],[-105.77343976667669,35.813288491664366],[-105.77159692427874,35.813445414793804],[-105.77001147789586,35.813113351835035],[-105.7691126576633,35.81274557983142],[-105.76535263475989,35.81201136193713],[-105.764809254652,35.812166924991686],[-105.76499297771431,35.81241266801806]]},"properties":{"trail_name":"WINSOR","trail_no":"254","trail_type":"TERRA","gis_miles":2.056,"trail_surface":"NATIVE MATERIAL"}},{"type":"Feature","geometry":{"type":"LineString","coordinates":[[-105.79618434349142,35.82178343363275],[-105.79591223241303,35.82158014161791],[-105.79442657806072,35.821342523667624],[-105.79329576476958,35.82089581466562],[-105.79111484416786,35.81957129959212],[-105.78807909452982,35.82003001983552],[-105.7876710264629,35.8203092439009],[-105.78580415801558,35.8199571379554],[-105.78532413100997,35.82112970515909],[-105.78424839079919,35.82146882527185],[-105.78384380274733,35.82191324036185],[-105.78318159953352,35.821152168285636],[-105.7829048863906,35.820216358160955],[-105.78262228229711,35.81986574712457],[-105.78126699599915,35.819919557210554],[-105.7800266747042,35.8197121712507],[-105.77937444953525,35.81944346124784],[-105.77932044450289,35.81920899121571],[-105.77969530654744,35.81875705112635],[-105.779748479527,35.81838394306721],[-105.77881713523364,35.81739876097277],[-105.77644435365428,35.8168273610233],[-105.77381241197808,35.81580687002131],[-105.77276299975408,35.81592681509962],[-105.77102544334647,35.81570096816552],[-105.77073636225849,35.81543054114154],[-105.76990830406078,35.815283501167016],[-105.76923491688245,35.8149611631573],[-105.76898751979655,35.814606789118216],[-105.76914324282237,35.814503572093784]]},"properties":{"trail_name":"RIO NAMBE","trail_no":"160","trail_type":"TERRA","gis_miles":1.963,"trail_surface":"NATIVE MATERIAL"}},{"type":"Feature","geometry":{"type":"LineString","coordinates":[[-105.79622535406567,35.98864103562982],[-105.79621390303427,35.988313150581426],[-105.7958286599018,35.987784918524824],[-105.79640869884474,35.9856611781736],[-105.79698843686094,35.9843715639471],[-105.79705188481955,35.98373929184893],[-105.79654403566458,35.98326634780765],[-105.79595960040015,35.9817424076137],[-105.79543103523449,35.981200900563366],[-105.79557482424622,35.98096892752035],[-105.79557956416294,35.980008708376495],[-105.79508415594145,35.978746678216496],[-105.79459918079363,35.97829732917741],[-105.79460315875738,35.977873770113824],[-105.79423705363376,35.97739760206385],[-105.79439745466615,35.97735888504877],[-105.79439410163779,35.97704388900186],[-105.79462768070269,35.97718876400999],[-105.79512781780909,35.977128552971955],[-105.79544519281013,35.97633276983453],[-105.79580520489641,35.976399669823614],[-105.79595731191327,35.97620441978561],[-105.79586899985495,35.975764936725014],[-105.79652209198342,35.975566499657454],[-105.79698652414196,35.976190615723844],[-105.79681545303312,35.97538615761346],[-105.79592227578536,35.974836481583054],[-105.79441937740984,35.97438333660246],[-105.79404889322538,35.9732247244506],[-105.79353971405425,35.97257101238239],[-105.79206311163901,35.97159845432255],[-105.79161797849474,35.97108743527192],[-105.79093563033702,35.971027132302474],[-105.79050678517945,35.97032385422212],[-105.79046003013502,35.96993635416686],[-105.79018410807065,35.96990542117825],[-105.78972451990863,35.969229140103685],[-105.78944453885289,35.969306886131584],[-105.78924560077462,35.96892115308537],[-105.78866165564055,35.96888037211314],[-105.78826724852959,35.96861962609702],[-105.78708897123656,35.96828036711453],[-105.78635731603897,35.967891187098765],[-105.78593625990105,35.967391199048365],[-105.78537412777257,35.967358674076095],[-105.78394009436607,35.96637670601226],[-105.78280557212264,35.96649179309526],[-105.78220585197263,35.966308898102675],[-105.78165979078145,35.96552018801631],[-105.78178419464113,35.96360334772219],[-105.78149735748377,35.962540097579684],[-105.7794348288363,35.96041175838071],[-105.77804613846966,35.95976907336498],[-105.77706275022705,35.95950727738275]]},"properties":{"trail_name":"RITO QUEMADO","trail_no":"157","trail_type":"TERRA","gis_miles":3.049,"trail_surface":"NATIVE MATERIAL"}},{"type":"Feature","geometry":{"type":"LineString","coordinates":[[-105.68113905067653,35.935526902339966],[-105.68121962672173,35.935837530381946],[-105.68014984153284,35.936416184530614],[-105.67850203017753,35.936570494649004],[-105.67755096301866,35.937187859796666],[-105.67710882796572,35.93771456690129],[-105.67594219171704,35.937856884990076],[-105.67435788334524,35.93766063905223],[-105.67259412895325,35.937692398158944],[-105.6704536244919,35.93789625031329],[-105.66942234428868,35.93821246542038],[-105.66715735878358,35.93823491255466],[-105.66656221768038,35.938578639640646],[-105.66535564943669,35.93888094375577],[-105.66445420323807,35.93891731381339],[-105.66294140393788,35.93935808796698],[-105.66130932065325,35.9402821482001],[-105.66081893162595,35.94122599937014],[-105.66010209951382,35.94177867849457],[-105.6601456505552,35.942140590546344],[-105.65731551798262,35.942839412814905],[-105.65412812023821,35.94248885194653],[-105.65195993676608,35.94264160509481],[-105.6512005415786,35.94244234710877],[-105.65042410634271,35.94173256104713],[-105.65032487627411,35.94120255397327],[-105.64968114906766,35.94048948790339],[-105.64956210199931,35.940013008838726],[-105.64825439063944,35.93924602179911],[-105.64496128098116,35.9401521081255],[-105.64415559083425,35.94053624022979],[-105.6403618133066,35.94422056100244],[-105.63931990715162,35.94511660119723],[-105.63858623802159,35.94550875729858]]},"properties":{"trail_name":"JOSE VIGIL","trail_no":"351","trail_type":"TERRA","gis_miles":2.848,"trail_surface":"NATIVE MATERIAL"}},{"type":"Feature","geometry":{"type":"LineString","coordinates":[[-105.80003192207687,35.80708603220469],[-105.79953467000063,35.807487301293534],[-105.79864894381092,35.80757958335832],[-105.79513379011178,35.80856787470871]]},"properties":{"trail_name":"WINSOR","trail_no":"254","trail_type":"TERRA","gis_miles":0.29000000000000004,"trail_surface":"NATIVE MATERIAL"}},{"type":"Feature","geometry":{"type":"LineString","coordinates":[[-105.8053602872745,35.79562830417778],[-105.8050205582292,35.795981416250356],[-105.80423239408698,35.79637041335401],[-105.80376765703402,35.79695735646889],[-105.8038438660601,35.797062510480295],[-105.80457243820604,35.79686967940949],[-105.80381443716476,35.79834790067506],[-105.80247564703004,35.80024363803667],[-105.80299247413913,35.80017189899624],[-105.80227948005262,35.80101068416315],[-105.80106815083472,35.80161698732378],[-105.8027498372655,35.80225751432342]]},"properties":{"trail_name":"WINSOR","trail_no":"254","trail_type":"TERRA","gis_miles":0.753,"trail_surface":"NATIVE MATERIAL"}},{"type":"Feature","geometry":{"type":"LineString","coordinates":[[-105.85809285932682,35.752678685701696],[-105.85719658916666,35.753138176822105],[-105.85540206298292,35.75564624730163],[-105.85500440192833,35.756040660383704],[-105.85351338566956,35.756895060597465],[-105.85215703152129,35.75868144194351],[-105.84992967311946,35.75977971323619],[-105.84981816213084,35.76019974030564],[-105.84875740487888,35.760020865339634],[-105.84793206870545,35.76014365340538],[-105.84753696660931,35.76005080041409],[-105.84730592157545,35.76025496345797],[-105.8467081984346,35.76016723047908],[-105.84386044889442,35.76126640580742],[-105.84295566370845,35.76144953788682],[-105.84235492962745,35.762063750013525],[-105.84055603629378,35.76284570823415],[-105.83919398399588,35.762913698322436],[-105.83808293572555,35.76265220834684],[-105.83722448653616,35.76267644239974],[-105.83583173526603,35.76314522054997],[-105.83506115909618,35.763169080597734],[-105.833074954776,35.76459204092539],[-105.83317779083033,35.76495574697413],[-105.8325848417977,35.76610988218153],[-105.83253067083331,35.76666204826757],[-105.83269866704046,35.76862707055315],[-105.83302795310664,35.76854274052155],[-105.83312620713902,35.768664611534255],[-105.83282510510632,35.769063418611424],[-105.83278335922863,35.77058791284277],[-105.83324840039538,35.77131694992559],[-105.83331545947966,35.77211978704237],[-105.83359592359167,35.772692795112356],[-105.83362226067251,35.77356055624117],[-105.83390543483885,35.7747549014043],[-105.8337128138333,35.775187893480386],[-105.83293295658514,35.77432869839606],[-105.83263653451608,35.77429522040804],[-105.83225044339777,35.77392221537415],[-105.83162703929489,35.77434065847276],[-105.83116371424684,35.77498073359552],[-105.82998756401389,35.77532161571419],[-105.82948576994715,35.77584492882161],[-105.82856150472061,35.77560889483916],[-105.82717836141072,35.77559336591618],[-105.82657230329144,35.775777933978645],[-105.82633051930776,35.77659068411461],[-105.8251686900044,35.77607953710448],[-105.82230955137777,35.77620959828805],[-105.82329473763501,35.77664261429657],[-105.82401514085748,35.77735748036262],[-105.82429622099339,35.77820496547382],[-105.82419946499907,35.77852061252676],[-105.82431267606108,35.77894585758417],[-105.82410441805659,35.77943139766904],[-105.82393296900294,35.779253155652114],[-105.82321743986004,35.77944671772222],[-105.82292179173885,35.778807853643215],[-105.82271870670239,35.778910227670245],[-105.82240594260993,35.778647796648784],[-105.8221519245787,35.77894203370754],[-105.82163604647425,35.77906563675572],[-105.82161224543573,35.778681290699375],[-105.82140690236876,35.778436459674346],[-105.82086852528695,35.77887973877184],[-105.81975321204884,35.77900344385441],[-105.81832054280193,35.77984508906305],[-105.81724574856338,35.77986014912699],[-105.81603540033632,35.78035737027114],[-105.81556038726104,35.780713002351796],[-105.8149279422071,35.781722134539656],[-105.81460134415168,35.78192352958869],[-105.81207239360614,35.782140606766426],[-105.8110883124118,35.782432972866815],[-105.81082666439305,35.78289136695072],[-105.81090725045688,35.78342240802586],[-105.81052276639446,35.78369259208849],[-105.81170938765766,35.783674308017645],[-105.81188850472611,35.784003678056855],[-105.811548791688,35.78444002514193],[-105.81116626960302,35.78444452516455],[-105.81125162465185,35.78478883221134],[-105.81085940656669,35.78481624023795],[-105.81077062857361,35.785125507289536],[-105.80979822340146,35.78564409442324],[-105.80958123745381,35.786809767610805],[-105.80921377242798,35.787459622729536],[-105.80917039251294,35.78855441589649],[-105.80881220646098,35.7888775519656],[-105.80872061948138,35.78934970404177],[-105.80764418834293,35.79052676228037],[-105.80701689523836,35.79093676737797],[-105.80611840306261,35.79122298547252],[-105.80593049805543,35.79162506154371],[-105.80570656098844,35.791428122527],[-105.80547963894438,35.79150383855144],[-105.80495286989066,35.792242399692604],[-105.80476607192325,35.793101510832344],[-105.80565736910329,35.792883091748394],[-105.80604658920937,35.793105409759455],[-105.806004041247,35.79364953484359],[-105.80612195128434,35.793777289856],[-105.8058398192729,35.794373052961724],[-105.80602259332568,35.794511391972],[-105.80611504638208,35.79492513202884],[-105.80535104127293,35.795633915179174]]},"properties":{"trail_name":"WINSOR","trail_no":"254","trail_type":"TERRA","gis_miles":6.021,"trail_surface":"NATIVE MATERIAL"}},{"type":"Feature","geometry":{"type":"LineString","coordinates":[[-105.76499297771431,35.81241266801806],[-105.76494624771526,35.81254415504054],[-105.76389673448105,35.81254661110119],[-105.76409217658646,35.813259545197084],[-105.76398892757393,35.81338132022135],[-105.76262908223886,35.813019807245134],[-105.76268682133178,35.81394384038066],[-105.76341272361861,35.815383494555306],[-105.76331374060345,35.81546345257303],[-105.76263389943378,35.8152581555812],[-105.76160681409817,35.81403183845596],[-105.76051198880272,35.813444082430514],[-105.75919204345328,35.81281423241168],[-105.75701541990279,35.812071730425174],[-105.75613153565605,35.81150297939047],[-105.75370043507621,35.81107833346627],[-105.75335954296038,35.81061989341698],[-105.75029861830073,35.81089949863483],[-105.74658577843904,35.81052832879228],[-105.74558209623211,35.81072886788007],[-105.74531772019513,35.81098363393353],[-105.74514589320134,35.811499109020936],[-105.74464664512742,35.81193358311491],[-105.74386117092644,35.81163942611581],[-105.7424272705991,35.81155919018607],[-105.74215471857451,35.81197865126484],[-105.7420181016046,35.812679198378014],[-105.74119153246549,35.81320543250462],[-105.74029722029007,35.81348766959838],[-105.73860517099654,35.81446434884245],[-105.7368343356067,35.8145324089544],[-105.73682306063493,35.81488777500848],[-105.73738085184155,35.81583415011874],[-105.73839045611449,35.81638072614289],[-105.73921747938714,35.817394956247874],[-105.73955298854499,35.81835164637242],[-105.73943066555834,35.81882162945013],[-105.7394587597201,35.820616225718254],[-105.73896912964628,35.82102710380819]]},"properties":{"trail_name":"WINSOR","trail_no":"254","trail_type":"TERRA","gis_miles":2.68,"trail_surface":"NATIVE MATERIAL"}},{"type":"Feature","geometry":{"type":"LineString","coordinates":[[-105.7810383453348,35.81284096616046],[-105.78104719743754,35.8140040033347],[-105.78078125242637,35.814560937433605],[-105.78089730253745,35.81554372957456],[-105.7804214584815,35.81612422368913],[-105.77929613722753,35.816093505749194],[-105.7785556770802,35.816301946823046],[-105.77793150692418,35.81610969283003],[-105.77721040178061,35.81631087090168],[-105.77616758953842,35.81620380994555],[-105.77538123237653,35.816362071014545]]},"properties":{"trail_name":"UPPER NAMBE","trail_no":"101","trail_type":"TERRA","gis_miles":0.534,"trail_surface":"NATIVE MATERIAL"}},{"type":"Feature","geometry":{"type":"LineString","coordinates":[[-105.86618034006644,35.728737200641966],[-105.86493206777308,35.72856147368703],[-105.86494902483824,35.72927424379316],[-105.8644126607524,35.72966527688264],[-105.86442078978787,35.730056609940966],[-105.86401396674673,35.73063187305071],[-105.86394607177726,35.73116259313431],[-105.86378072875803,35.73136717217453],[-105.86335976267287,35.73146753921373],[-105.8632940537063,35.732026036301384],[-105.86297184766994,35.73243799838172],[-105.86265185760233,35.73248106640653],[-105.86267619165463,35.733025303486905],[-105.86247544566507,35.73366564159457],[-105.86150539344392,35.733608846641594],[-105.86154547152572,35.73445491676641],[-105.86183458061151,35.734702936787116],[-105.86183889663974,35.73501947183446],[-105.86156423161368,35.73542790691154],[-105.86113932053098,35.73556702795673],[-105.86109144557608,35.73621450205676],[-105.86090051655889,35.73650892011194],[-105.8610621466288,35.73690235916179],[-105.86095504562886,35.73718006820969],[-105.86054630355105,35.73733401925618],[-105.859700147323,35.73687676823594],[-105.85963385933705,35.73721183529011],[-105.86027624858518,35.738429616436264],[-105.85954972950296,35.739354664616855],[-105.85958574254906,35.73979628668111],[-105.85869963036471,35.73994998375499],[-105.85837087333203,35.74042087084456],[-105.85873341048664,35.74127735095245],[-105.85825225649735,35.7426461011856],[-105.8580418764416,35.74254347118229],[-105.85769736929343,35.74171554507758],[-105.85747163625237,35.74182286710665],[-105.85698503127817,35.743380859368585],[-105.85724058440364,35.744175572473345],[-105.85684017843462,35.7455704147058],[-105.85690154949745,35.74614095778802],[-105.85731077764781,35.74682648986754],[-105.85706121969874,35.74806267806752],[-105.85708638177908,35.74892959019629],[-105.85752673490768,35.749281877223964],[-105.85821173628027,35.75183189156775],[-105.85854860039137,35.752249181611084],[-105.85794111429782,35.752734237718755]]},"properties":{"trail_name":"CHAMISA","trail_no":"183","trail_type":"TERRA","gis_miles":2.392,"trail_surface":"NATIVE MATERIAL"}},{"type":"Feature","geometry":{"type":"LineString","coordinates":[[-105.62105394363621,35.69753181493947],[-105.61846520019647,35.69916288033357],[-105.61759623408805,35.70016847953517],[-105.61682855696606,35.70075031866683],[-105.6163745709273,35.70148399880365],[-105.61567099681733,35.7020387299276],[-105.61203775811401,35.70332306232889],[-105.6112396769733,35.7037656114413],[-105.61062927683203,35.70371235046803],[-105.60888544338864,35.70309373847388],[-105.60671081092093,35.70331724863164],[-105.60492337951288,35.70322577771974],[-105.60364096024568,35.703458856828064],[-105.60176944980752,35.703235659900976],[-105.60142163671932,35.70311490390251],[-105.60023962637312,35.70216347582601],[-105.59937602216893,35.70203719985612],[-105.59869965403222,35.702209183920694],[-105.59692704872893,35.70330226918701],[-105.59305860796253,35.704468608583895],[-105.5913894265997,35.704597016698486],[-105.59016810335638,35.70494918682134],[-105.587903341949,35.70611472612671],[-105.58670037769552,35.706301056223474],[-105.58514996932011,35.705972681262146],[-105.58340418393233,35.70601023736732],[-105.57987477727896,35.70761135881069],[-105.57890792413725,35.70848553499806],[-105.57738477586838,35.70932937121255],[-105.57628480185926,35.71209816069405],[-105.57453870472565,35.71510315824813],[-105.57367294460948,35.71601064343481],[-105.57291114547893,35.71647830054896],[-105.57255946146621,35.717249004685605],[-105.57118689329315,35.718817229001054],[-105.56966611601767,35.71957813520291],[-105.56846253084053,35.720657036434716],[-105.56749907673395,35.72193119768243],[-105.56729855175048,35.722648013802264],[-105.56614038967919,35.72484164920013],[-105.56519500754973,35.725801814399276],[-105.56454250843974,35.7262240445004],[-105.5621707569554,35.72677334771874],[-105.56163453191,35.72764509088118],[-105.56059825873598,35.72832340204292],[-105.5605408687711,35.72888251713079],[-105.56097519492963,35.72959553621384],[-105.5608774779967,35.730632197376224],[-105.560501130962,35.73121043948511],[-105.56070003008617,35.732137777614014],[-105.5611865632237,35.73246955563647],[-105.56145923132202,35.732903243686465],[-105.56173024950232,35.734295652881585],[-105.56126718047213,35.735153211037705],[-105.55984436528144,35.73664533834457]]},"properties":{"trail_name":"OSHA MEDIO","trail_no":"900","trail_type":"TERRA","gis_miles":5.143,"trail_surface":"NATIVE MATERIAL"}},{"type":"Feature","geometry":{"type":"LineString","coordinates":[[-105.72923456340125,35.8892965996237],[-105.72780453907805,35.8892566787002],[-105.72695219383824,35.888691483664545],[-105.72535661643023,35.888103536668275],[-105.72434412013625,35.88732723561017],[-105.72425899912932,35.887465843635866],[-105.72376776501702,35.887438196660064],[-105.72291155686797,35.887924449782396],[-105.72287815584087,35.8876990357505],[-105.7222538207142,35.88784743780883],[-105.72218011367501,35.88758704077395],[-105.72117620244047,35.887471372814524],[-105.71975894607176,35.88687686380699],[-105.71899145990399,35.886920703857825],[-105.71848349475259,35.886486487821884],[-105.71820861871386,35.88674745387697],[-105.71778100662318,35.88680450691017],[-105.7164830852449,35.88579344483323],[-105.71528288993481,35.885314841830535],[-105.71396828755968,35.884382586766336],[-105.71324908929574,35.88319847463]]},"properties":{"trail_name":"PANCHUELA WEST","trail_no":"243","trail_type":"TERRA","gis_miles":1.165,"trail_surface":"NATIVE MATERIAL"}},{"type":"Feature","geometry":{"type":"MultiLineString","coordinates":[[[-105.82283471834481,35.85524010611812],[-105.82276307533348,35.85529326213019]],[[-105.82154926203546,35.85498173415345],[-105.81912839751783,35.85524213833202],[-105.81665833205963,35.85631315963491],[-105.81603321500556,35.8572953228182],[-105.81446948178647,35.85878942013234],[-105.81322403053525,35.859097332250315],[-105.81096987213773,35.860312201562365],[-105.80955005481438,35.86023838463314],[-105.8065638062373,35.8612676889596],[-105.80454086089958,35.86257710327261],[-105.80330047667255,35.86315058943007],[-105.80186963247684,35.86457278072584],[-105.8006295202724,35.86540529492217],[-105.79945186002544,35.86558891701761],[-105.79773400472845,35.86658369626583],[-105.79692792255662,35.86667729832633],[-105.79577424735695,35.86734306949269],[-105.79506296726271,35.868085485645],[-105.7942426731128,35.868467724749664],[-105.7925719097832,35.868967273920894],[-105.79126520250085,35.869075998012505],[-105.79014462130638,35.86971706517324],[-105.78927953619765,35.87068707836867],[-105.78827698102859,35.871317236520945],[-105.78664920179203,35.87277578483357],[-105.78541665855784,35.87324714697532],[-105.7838413763112,35.87445571024746],[-105.78317785017339,35.874574751303534],[-105.78258502406916,35.87489866138632],[-105.77973892763605,35.87722496289935],[-105.77655206012318,35.87951023242594],[-105.7759634720561,35.88024995657082],[-105.77523103488801,35.88019862960537],[-105.7748037598076,35.880371260655885],[-105.77465340085213,35.88126802779911],[-105.77386365466378,35.88113113182412],[-105.77252679538533,35.881362816936],[-105.77258530045378,35.88199907102803],[-105.77245970544682,35.88224112607158],[-105.7712988482627,35.883104465268076],[-105.7709141292304,35.88372044838265],[-105.77043468215412,35.88407412346333],[-105.77022235016113,35.88469891356931],[-105.76902640091593,35.8849516236762],[-105.76698830958064,35.886329375000436],[-105.76622460542801,35.886535967075496],[-105.76510022027396,35.887651412307704],[-105.76415073510182,35.88811041843131],[-105.76146877053445,35.88847666664104],[-105.75896365807446,35.889621599957316],[-105.75807106793202,35.890275652106936],[-105.75733309377173,35.890328790157504],[-105.75648786161493,35.89069698726148],[-105.75491759436409,35.8918449515243],[-105.75456739434935,35.892573877653874],[-105.75174288182366,35.89378496199854],[-105.750018855483,35.894297079174834],[-105.74916726333475,35.894779942296424],[-105.74691551188131,35.895351604512165],[-105.7457477786638,35.89585037265439],[-105.74506381154049,35.89618938174474],[-105.74330180726295,35.897523542046585]]]},"properties":{"trail_name":"CAPULIN","trail_no":"158","trail_type":"TERRA","gis_miles":5.506,"trail_surface":"NATIVE MATERIAL"}},{"type":"Feature","geometry":{"type":"LineString","coordinates":[[-105.66727770890856,35.83596216217469],[-105.66708697080014,35.835203761071455],[-105.66713340676323,35.83465742798657],[-105.66751133082649,35.834411903927915],[-105.66760765280814,35.83395171685313],[-105.66702859855744,35.83255351567593],[-105.66561192306212,35.8304958454476],[-105.66556569802856,35.83022786040993],[-105.66522526693383,35.830013674397236],[-105.66406053354709,35.82855781424498],[-105.66350672640324,35.82832824824226],[-105.66212374092339,35.82636070002543],[-105.66163673577611,35.82591887098693],[-105.66142860567555,35.82529514390497],[-105.65942670407269,35.82350712375073],[-105.65849429470398,35.821658125525836],[-105.65839684656919,35.820353179334894],[-105.6585579985625,35.81985935325126],[-105.65936896364927,35.818764991039885],[-105.65937332161295,35.81833355397469],[-105.66019901961467,35.81621860460883],[-105.66018260358219,35.81588545055955],[-105.66112749865937,35.814333375271545],[-105.66135052064125,35.81354699514035],[-105.6621890707912,35.81311168402663],[-105.66363342112437,35.813227114961144],[-105.664947957454,35.81363714794743],[-105.66590564671615,35.8141902389758],[-105.66630550087181,35.81495505206799],[-105.66764496516727,35.81490634798377],[-105.66849622240183,35.815415369011525],[-105.66963530966105,35.81546568895374],[-105.67063210792095,35.815891597960636],[-105.67070233395476,35.81610081398807],[-105.67054767692672,35.81617662900839],[-105.66767623727765,35.81610107516186],[-105.66749266025,35.816256004195736],[-105.66830858048066,35.81681190523261],[-105.66978008380921,35.816803796146864],[-105.67000365788749,35.81713019418321],[-105.67038345909977,35.81860077638278],[-105.67069428417882,35.8187108473815],[-105.6727749716107,35.81832219620355],[-105.67420708401642,35.81930735826965],[-105.67502625328036,35.8202392203629],[-105.67561683151368,35.82140826850497],[-105.67712898102116,35.823362131712216],[-105.6783415893986,35.82458794482703],[-105.67886763559378,35.82548263193149],[-105.68018350190111,35.82563190887837],[-105.68226455742402,35.82629453185852],[-105.68254737944406,35.825795141767166],[-105.68267835434933,35.82436310954411],[-105.6831720633959,35.82362546540476],[-105.68492768569632,35.82256008214354],[-105.68561913684535,35.822494678094],[-105.68605622395627,35.822647025091804],[-105.68631343003591,35.8229019201154],[-105.68657744116133,35.82366815521556],[-105.68761826843912,35.82418759523394],[-105.6871640943952,35.82485296536014],[-105.6872049124204,35.82503928038583],[-105.6885911307971,35.82580783542183],[-105.68949737309137,35.82686485952883],[-105.6908702403923,35.82679401843928],[-105.69202824470756,35.82744368847051],[-105.69273072191449,35.828018304516604],[-105.69334648112176,35.82882077960197],[-105.69511962764258,35.83025448771573],[-105.69580630888461,35.83127517382981],[-105.69643698216795,35.832916884040515],[-105.69692767933194,35.83354294610647],[-105.69732068544042,35.833779970119515],[-105.69825560759716,35.83317617897495],[-105.69945133487774,35.83332810792911],[-105.70015082806103,35.83363789593547],[-105.70101435032643,35.83447129201121],[-105.70158366045752,35.83451526598508],[-105.7020271625496,35.834432941947185],[-105.70312465874032,35.83380163378918],[-105.70441081200265,35.83351050767146],[-105.70494450112444,35.83353869564502],[-105.70533266417887,35.83316472556647],[-105.70530686611588,35.832504926468715],[-105.70552809812071,35.83199019437857],[-105.70551281705809,35.83130697427667],[-105.70513153792585,35.83076517521713],[-105.70507816787566,35.83032372215382],[-105.70548818894892,35.83011109809822],[-105.70707240228273,35.8298755099718],[-105.70840608360662,35.83017120493959],[-105.70993361005351,35.83138642903456],[-105.71113593837012,35.83193766504831],[-105.71348289102323,35.833418614136086],[-105.71501460136224,35.83337829104193],[-105.71628856257557,35.83255361584469],[-105.7174809418167,35.83226034673206],[-105.71820657593878,35.831797294620735],[-105.7192072171509,35.831663453543115],[-105.7197181323197,35.832292852608354]]},"properties":{"trail_name":"WINSOR RIDGE","trail_no":"271","trail_type":"TERRA","gis_miles":7.081,"trail_surface":"NATIVE MATERIAL"}},{"type":"Feature","geometry":{"type":"LineString","coordinates":[[-105.78892957478142,35.86680200880608],[-105.78949210901229,35.86801165795514],[-105.78967451613744,35.868981754090115],[-105.78950207614548,35.86951617318016],[-105.78850947004166,35.87087040644054],[-105.78882583311457,35.870896830426254]]},"properties":{"trail_name":"VEGAS CAPULIN","trail_no":"162","trail_type":"TERRA","gis_miles":0.34,"trail_surface":"NATIVE MATERIAL"}},{"type":"Feature","geometry":{"type":"LineString","coordinates":[[-105.76822889701056,35.59774182248958],[-105.76872571615817,35.598173904526675],[-105.76923689236979,35.59932091567092],[-105.76986226650652,35.59928716763031],[-105.77037555964041,35.59951483263557],[-105.77068862566158,35.59894264953141],[-105.77095812572182,35.59894400951631],[-105.77149853987339,35.599307960540614],[-105.77146925189282,35.59961322558839],[-105.77180687699399,35.599916287614995],[-105.77216972408004,35.59997640860346],[-105.77233559214424,35.600295738642245],[-105.77348324045894,35.600984245681126],[-105.77533971491309,35.601453578646606],[-105.77638047128403,35.60308319483365],[-105.77633134129312,35.60331857387197],[-105.7766501933929,35.60365542590472],[-105.7767920404705,35.604195034978204],[-105.77731164261547,35.60453636800023],[-105.77695787659506,35.60522370212407],[-105.77729451270127,35.605589010160166],[-105.77748397579997,35.606251491249424],[-105.77820876699785,35.6066762842724],[-105.77835907901844,35.60652406424085],[-105.77870931110274,35.606596231231904],[-105.77911744623441,35.6070731142807],[-105.77920369328614,35.60745468233345],[-105.77984919846466,35.60786018035799],[-105.78050579569744,35.60887327847363],[-105.7805473857601,35.60949986356589],[-105.78103660188447,35.609678411565085],[-105.78225094430142,35.61139324275498],[-105.78316519154102,35.61181087176608],[-105.78348055664723,35.61223176781174],[-105.78355402670245,35.612687253876274],[-105.78434170494941,35.61352321295776],[-105.78477195113192,35.61453865808661],[-105.78570356141725,35.61544860117097],[-105.78605269555551,35.616156661258],[-105.78606305259676,35.61661333032637],[-105.7855696455034,35.616809922384085],[-105.7848772644685,35.6182131106352],[-105.7843397963363,35.61806898064395],[-105.78404630422321,35.617510018576304],[-105.78369643713683,35.61741243058146],[-105.78331351222398,35.61943740390886],[-105.78339889828986,35.61998620798685],[-105.784054794548,35.62129841014761],[-105.78471493374862,35.62192337920442],[-105.78486483281556,35.62231619025516],[-105.78525803292514,35.62257278327155],[-105.78532781896732,35.6228851283147],[-105.7857557191015,35.6233387273588],[-105.78604215723469,35.624151383465154],[-105.78598916332665,35.625368284651806],[-105.78677434754879,35.62591878069027],[-105.78685071259791,35.626295176742694],[-105.7880283409443,35.627275817823715],[-105.78853185107512,35.62749228282775],[-105.78891484219871,35.62793948387343],[-105.78933678037085,35.628854087987435],[-105.78941586847466,35.629863967135286],[-105.78967434857375,35.6303492481938],[-105.79012228588323,35.63280497053885],[-105.79082252310019,35.633516889606376],[-105.79103891919114,35.634016815669504],[-105.79222372950491,35.63459576368945],[-105.79292892474051,35.63551306778767],[-105.79315207285129,35.6362272128827],[-105.79311647487671,35.636618407943715],[-105.79347131199196,35.63704131098732],[-105.79392197809567,35.63707834996727],[-105.79418841018501,35.63742868000495],[-105.7942527973244,35.63889295322214],[-105.79402160830789,35.63930329029721],[-105.79595763090998,35.641296131487536],[-105.79630052504794,35.64201616257661],[-105.7961255230767,35.64280975770625],[-105.79726584641439,35.6437849507884],[-105.79756367052991,35.644359676858116],[-105.79803536465616,35.644605332868316],[-105.798112737708,35.64501035192498],[-105.79837580178136,35.64518207293589],[-105.79839704881007,35.64546242797698],[-105.79816332778692,35.6458021600415],[-105.79829896081598,35.64578799603165],[-105.7982411948211,35.64599862806673],[-105.7986005829405,35.64645758511542],[-105.7982303028878,35.64680756718927],[-105.79859425597202,35.64684316717389],[-105.79820095390284,35.647060469229054],[-105.79849735897622,35.64714515522499],[-105.79839407596988,35.64734046626031],[-105.79875818706957,35.64755634327215],[-105.79822802097192,35.64779799933876],[-105.79845327403521,35.64795076434896],[-105.79797744195615,35.64826784642385],[-105.79831878703962,35.648352958417284],[-105.79788180895692,35.64852641046825],[-105.79813075702312,35.6486505804728],[-105.79717128681567,35.64872799053912],[-105.79727112485496,35.64892719456348],[-105.79741160190054,35.6490937895806],[-105.79868133118337,35.64908893750754],[-105.79846353516592,35.64945335657488],[-105.79867520523335,35.64968987559854],[-105.79879813324347,35.64948742256098],[-105.79914321231452,35.64941831953094],[-105.80012664153487,35.64942907747653]]},"properties":{"trail_name":"GLORIETA BALDY","trail_no":"272","trail_type":"TERRA","gis_miles":5.285,"trail_surface":"NATIVE MATERIAL"}},{"type":"Feature","geometry":{"type":"MultiLineString","coordinates":[[[-105.53236119595415,35.815987362907116],[-105.53256987305721,35.816638737993536],[-105.53249423245762,35.821467286727],[-105.53315765269379,35.82247821984158],[-105.5337121109635,35.8241592640636],[-105.53418835460253,35.83031229796528],[-105.53399629383608,35.833509406458894],[-105.53368583291498,35.83522606673585],[-105.5341824471736,35.83692734596413],[-105.5341615782663,35.83805174613507],[-105.53463186850111,35.839545465333515],[-105.5350948626787,35.840397371435486],[-105.53518396477784,35.84131138156834],[-105.53404709372462,35.84364126598517],[-105.53374800775218,35.84473442016735],[-105.53374773386403,35.846026469362315],[-105.53326074881278,35.84669540449124],[-105.53334821692465,35.847760902647],[-105.53301191792342,35.84861712379553],[-105.53194986673981,35.849247804951645],[-105.53142846168461,35.84996005508912],[-105.53063972155604,35.85051882421868],[-105.53047029955573,35.850953674294054],[-105.53062497764661,35.85160189038301],[-105.53005366155756,35.85205299848388],[-105.53002692964422,35.853122272646736],[-105.53054198081605,35.85377173771518],[-105.53065230288142,35.854240188779485],[-105.531067874003,35.85456773280503],[-105.53146596523953,35.85626580603837],[-105.5314206353052,35.857140234172945],[-105.53156917237312,35.85753965122465],[-105.53055253528092,35.8591067965195],[-105.53039456536884,35.86052902774314],[-105.52917292618889,35.86161416097706],[-105.5292002512216,35.86192037302169],[-105.52951820132851,35.862331196065355],[-105.52940240842533,35.86374641928549],[-105.52846128427811,35.86448335245079],[-105.52823755529934,35.86530702758791],[-105.52794080825456,35.86555815464279],[-105.52796543130228,35.86604449471474],[-105.52725840317524,35.866408043810274],[-105.52672926613867,35.86735491098351],[-105.52520181895459,35.869182698347004],[-105.52372931881314,35.87136021476016],[-105.52251393963523,35.87245223799477],[-105.52143445055616,35.87433154434031],[-105.52104188663165,35.87621625464717],[-105.51999164448264,35.87721388385804],[-105.51718753513875,35.88049979451497],[-105.51682721217492,35.88184719173889],[-105.51683467522113,35.882360183815884],[-105.51605136109367,35.882916366944784],[-105.516136006151,35.88335745300647],[-105.51529510200429,35.88384144712783],[-105.51546080609998,35.88451418621978],[-105.51603836426644,35.88493854525052],[-105.51607731133318,35.88560589334896],[-105.51579115431501,35.88613610944536],[-105.5160564724837,35.887392130619524],[-105.51574464050307,35.88842039679253],[-105.51506269239883,35.88898166291645],[-105.5151583214583,35.88941925197694],[-105.51453515439546,35.89030542814643],[-105.51452098541633,35.89058221518894],[-105.51378191128528,35.89098231529184],[-105.51360356429348,35.89153728338577],[-105.51336589425588,35.89171847242681],[-105.5134731713078,35.89203887646892],[-105.51322028226575,35.89220763750894],[-105.5131129672768,35.892612167576154],[-105.51273919920925,35.89279979862593],[-105.5121916741428,35.89344902875537],[-105.51106928995297,35.89416282192759],[-105.5110553729743,35.894444540970866],[-105.5106041179248,35.895039942086626],[-105.510540531938,35.89535610813797],[-105.51011039586145,35.895585639197336],[-105.51012057892575,35.89629925730438],[-105.51034532802707,35.8968837023796],[-105.50996096697318,35.89725663145792],[-105.50986274598883,35.89768966952887],[-105.50901064381132,35.89784797060181],[-105.50796251371744,35.899473829907315],[-105.50646514046143,35.90039482613242],[-105.50592977444461,35.9015821843423],[-105.50601612651629,35.902183528427976],[-105.50540871545257,35.903018933588946],[-105.50458064934175,35.9038814247667],[-105.50309146606531,35.90454642495272],[-105.5026772370205,35.90510024506008],[-105.50193392688615,35.90547335415917],[-105.50121694478192,35.906125747298816],[-105.50124203281965,35.90649421635297],[-105.50180004603315,35.90750814547371],[-105.50208768313053,35.907885105513955],[-105.50253678624048,35.90799014050392],[-105.50273194530706,35.908251790532155],[-105.50256330145804,35.91042120486892],[-105.50213052742698,35.9111803030083],[-105.50261433761489,35.912091051117706],[-105.50263073264198,35.912360014157336],[-105.50217677256448,35.912640046225725],[-105.50229865563963,35.91318932630148],[-105.50279942582067,35.913977057391364],[-105.50280052988064,35.91466292749473],[-105.50168404568008,35.915238442645816],[-105.50172538475145,35.91595120375087],[-105.5022023479065,35.916501584806326],[-105.50165678279117,35.91658408785026],[-105.50143025076348,35.91685000590337],[-105.50119977575856,35.917387399997644],[-105.50131244982173,35.91782225905677],[-105.5008144027897,35.91873854222356],[-105.50072065384911,35.91966179636812],[-105.4999361047734,35.9208144615871],[-105.49960480181774,35.92217692881156],[-105.49897641374251,35.922932788961724],[-105.49891149875269,35.923216697008236],[-105.49860928470083,35.923400859053466],[-105.49875332384346,35.92466615723583],[-105.4990650579792,35.92542058633161],[-105.49875303003242,35.926834976562745],[-105.49845226100092,35.92724819664237],[-105.4984470800775,35.928140198777086],[-105.49820869307196,35.928690788873794],[-105.4957261097066,35.93089338334898],[-105.49537211179648,35.932835872662125],[-105.49466056371443,35.93372687983747],[-105.49349653053481,35.934664706045936],[-105.49253143242049,35.935838444278524],[-105.49027126608887,35.937855283712835],[-105.49025405029691,35.94028411307984],[-105.49003773130842,35.9409725861961],[-105.48979765850036,35.94378982063443],[-105.48915870456402,35.94616305302892],[-105.48871513149982,35.94656924911576],[-105.48825017040795,35.94671278216419],[-105.48807210840788,35.94716980524336],[-105.48858360967128,35.94887144747021],[-105.49081156641111,35.95161354075469],[-105.49103209753463,35.95246026786952],[-105.49074656954978,35.953368116022794],[-105.49089652769877,35.954687735212865],[-105.49130783183914,35.955237052271904],[-105.49207888406602,35.955852618320066],[-105.49550361828398,35.96098833389573],[-105.49628280451607,35.96164176594916],[-105.49771266285231,35.9618150068926],[-105.50925848748437,35.962266983293524],[-105.51325647743133,35.96283181314753],[-105.51430049365224,35.96267724306392],[-105.51542581890878,35.96272211900566],[-105.52111907532891,35.964346389921054],[-105.52262738766086,35.9642705658225],[-105.52440032425454,35.966508735056784],[-105.52511238839774,35.966318305986974],[-105.52794620509049,35.96696598792064],[-105.52836647323032,35.96748645797463],[-105.53009223669737,35.9683973310119],[-105.53179411520335,35.96981464412673],[-105.53355227164914,35.97039951711308],[-105.53593044730485,35.971793430185215],[-105.53646854349587,35.972595886274824],[-105.53691742162152,35.97288075829171],[-105.53828620295722,35.97320676026158],[-105.54039331352946,35.97434191131042],[-105.54266301309009,35.97492777826724],[-105.54376003534387,35.975014464216834],[-105.54632499398724,35.97578921018495],[-105.54872166063129,35.97700308222879],[-105.55063529811396,35.977611373209534],[-105.554689333201,35.97963773727961],[-105.55640660663562,35.98020105926492],[-105.56028231256185,35.98084900713801],[-105.56169780382137,35.98018673595653],[-105.56250836888637,35.97885254170909],[-105.56280041195264,35.97886128469347],[-105.56368956202408,35.9774000064224],[-105.56471406417738,35.97652661623179],[-105.56568529029188,35.9753465109982],[-105.56837804976821,35.973888685623244],[-105.56968199303392,35.973583246501924],[-105.57233675254696,35.972642510206896],[-105.5732453937587,35.97273287616789],[-105.57552693324978,35.97249829200063],[-105.57933121220708,35.973687211959174],[-105.58182970879271,35.973976932858136],[-105.58480381444109,35.9737652416542],[-105.5856130105965,35.97346824256275],[-105.58744945591059,35.972352354288844],[-105.58910801528029,35.97232800018921],[-105.59263188713821,35.973102586101625],[-105.59308656826397,35.973374271116164],[-105.59468131463088,35.973481719039995],[-105.59641973207641,35.97411859203503],[-105.59728817127294,35.974139820987986],[-105.6000250068249,35.97343670072392],[-105.60062730693453,35.97314669264553],[-105.60141007710524,35.97309249459209],[-105.6026322043311,35.972543150438796],[-105.60329458642468,35.97191685630642],[-105.60363051338287,35.97057985308615],[-105.60469724856925,35.96997783093397],[-105.6052852026946,35.96990404788886],[-105.60647103099403,35.9702879608779],[-105.60728581018058,35.970332919837496],[-105.60799480832208,35.97013409076659],[-105.61077694182565,35.968764143399824],[-105.61372249244798,35.96833260716459],[-105.61497502876077,35.968698417147],[-105.61651653919154,35.96967259320407],[-105.6176443995301,35.97065271528603],[-105.61843258785107,35.972300311487786],[-105.61875828594812,35.97257513951021],[-105.61947764212614,35.972767214497374],[-105.62003399529192,35.973235872535575],[-105.62128131555691,35.9730702514385],[-105.62264188486753,35.97313594836957],[-105.62333708899729,35.972838752284744],[-105.62525573042831,35.97285181417562],[-105.62571673855358,35.97310247218654],[-105.62648150470213,35.97284191110313],[-105.62711132985636,35.9729917420892],[-105.62789287101464,35.97279971401511],[-105.62845645910376,35.97237547891878],[-105.62878757711961,35.97170998979975],[-105.63037516243843,35.97128869064453],[-105.63061287245237,35.97084032356347],[-105.63156390663951,35.97054402646397],[-105.63158705066486,35.970773981497146],[-105.63231922878512,35.97027483037978],[-105.63563797350093,35.96995861114025],[-105.63547932831653,35.96825925289434],[-105.63526247020458,35.96753549579823],[-105.63611891034232,35.966917435655866],[-105.63485620390571,35.96516237446548],[-105.63463094377308,35.96422379733762],[-105.63489538777567,35.963576951225214],[-105.63572976388556,35.96269728804483],[-105.63583485684883,35.96200889893537],[-105.63528550365902,35.96124652285275],[-105.63490154347517,35.96012830770706],[-105.63523205651519,35.95973993362961],[-105.63597790466899,35.95958788756364],[-105.63827212421043,35.95990285747817],[-105.63935367547884,35.960201134460384],[-105.63956778349689,35.95985970439674],[-105.6405808536746,35.959297746253775],[-105.64097796575706,35.95922308021954],[-105.64116329481963,35.959463918245],[-105.64150664888929,35.959381193212685],[-105.64193361390402,35.95845636704918],[-105.6416360098192,35.95824929003529],[-105.64155853675527,35.95771682095983],[-105.64055211045147,35.95682145688364],[-105.64034842732366,35.955882392754404],[-105.64046244830443,35.95537073767101],[-105.64022612721779,35.95498524362681],[-105.64077210123354,35.95376784641243],[-105.64040580708365,35.95299251131719],[-105.64032150100272,35.95228349121561],[-105.63982341784946,35.95180654817277],[-105.6398371948176,35.951407004111985],[-105.6388974315406,35.95064728205223],[-105.63872216145658,35.95013544898555],[-105.6382253082994,35.94961013093537],[-105.63777525717988,35.94939667292931],[-105.63763789210381,35.94887866085948],[-105.63732094600921,35.9486088748373],[-105.63748205195209,35.94754281466789],[-105.63788530194424,35.94642038047598],[-105.63859420402126,35.9454847902945],[-105.6385222227938,35.9430675449356],[-105.6389027157791,35.941924175741846],[-105.63891145770526,35.941057204611106],[-105.63871397359358,35.94028550950665],[-105.63872142346345,35.9387773792797],[-105.63838313040456,35.93897015732818],[-105.63832567538284,35.93886895331626],[-105.63900016931717,35.93638881690475],[-105.63825285202007,35.93490400372488],[-105.63805663983379,35.93327441249137],[-105.63769729868353,35.93247537839213],[-105.63758126953749,35.931100958192275],[-105.63722044935771,35.929967405042824],[-105.63749447820099,35.92746989665174],[-105.63795759414475,35.925637420349645],[-105.63788681405588,35.92480077822799],[-105.63662792157942,35.92257220296577],[-105.63544751924023,35.921715042905156],[-105.63505580810963,35.92122393785391],[-105.63498290703843,35.920594566763526],[-105.63534850808092,35.92014302967456],[-105.63656545130637,35.919603277523166],[-105.63803561455131,35.91863638729301],[-105.63848829460403,35.91807883718311],[-105.6387516626003,35.917360037059844],[-105.6398921757766,35.91645298185773],[-105.64046931683536,35.91564478370294],[-105.64148267203241,35.915301951592916],[-105.64209959816718,35.915262809551436],[-105.64366029939598,35.91387856025331],[-105.64432026154213,35.91385999721242],[-105.64428495149961,35.91346292015483],[-105.64477473051063,35.912331955956574],[-105.64509532255168,35.911978984885046],[-105.645620517546,35.91056551864225],[-105.6459192645888,35.91028837458337],[-105.64716606585402,35.910128680487425],[-105.64766604593261,35.9097462184011],[-105.64935059133656,35.91005250534993],[-105.64937132832661,35.909885051323556],[-105.64881040014367,35.90922769225714],[-105.64939674929893,35.90950271526466],[-105.65037897251766,35.90948889120591],[-105.65185576079855,35.9089181260349],[-105.65361726307519,35.90756723473022],[-105.65502462535504,35.907162612588245],[-105.65596972955848,35.907069412519675],[-105.65700934574289,35.90651459037634],[-105.65785510992355,35.90641479131256],[-105.65882784010105,35.90595358518712],[-105.6596895052065,35.904950136986606],[-105.65984511620753,35.90456211891936],[-105.65949810602375,35.903344451756354],[-105.65943124987098,35.90176317452259],[-105.66069022489877,35.89884750001178],[-105.66180090009468,35.89824217285673],[-105.66252520216788,35.897221607661606],[-105.66304385425312,35.89686747457846],[-105.6635353532767,35.89587493140094],[-105.66410727335732,35.89533032028609],[-105.66373031022128,35.89473743521873],[-105.66379971719476,35.894254915142206],[-105.66417720923172,35.89370868003832],[-105.66414198717361,35.89313184595366],[-105.66387539108898,35.892845501926026],[-105.6637314720016,35.892211858839055],[-105.6638508479846,35.89170984075672],[-105.66522777416755,35.89027160646116],[-105.66702976853026,35.88980455328708],[-105.66860488781387,35.889012999077295],[-105.66888212983274,35.88851667898675],[-105.669284700897,35.88821982991895],[-105.66950573089372,35.887614027815104],[-105.6698325599629,35.887568263789376],[-105.67032784201868,35.88693605566586],[-105.67060479801472,35.88617771353587],[-105.67094041606246,35.885863877469376],[-105.67137015514824,35.885744059426564],[-105.67143010214278,35.88552691839046],[-105.67171425521227,35.88559473838432],[-105.67260602538332,35.885267010283656],[-105.67338656150852,35.88469867115325],[-105.67589235397084,35.883567119838744],[-105.67613842898754,35.88312604775828],[-105.67642578404521,35.883050453730355],[-105.6771621171552,35.88242061559325],[-105.67762767425613,35.88238332756082],[-105.6791921765495,35.88173138837266],[-105.6796972216649,35.88175876034769],[-105.67997897674296,35.88193123535737],[-105.67999044976277,35.882129778386556],[-105.68121010105466,35.88234732534895],[-105.68176500516027,35.88213461728501],[-105.68300115843226,35.882081372205775],[-105.68289949637689,35.881706751155335],[-105.68305242338155,35.881367117095465],[-105.68369018250725,35.88117141202931],[-105.68530882690759,35.88160981900188],[-105.68613486616724,35.88247035408361],[-105.68758151945833,35.88209587394395],[-105.68796719452665,35.88188898789064],[-105.68838824553738,35.88092999772226],[-105.6897161257431,35.87987976348791],[-105.69023040186521,35.87996089947049],[-105.69224015725707,35.87929700325492],[-105.69283165430367,35.87831207307282],[-105.69331987940281,35.878195933027236],[-105.69358780841043,35.87759437892139],[-105.69414779150992,35.87729855784466],[-105.69390961436854,35.87628550670618],[-105.69447397842298,35.87546039654969],[-105.69691677091761,35.874864670319404],[-105.69902518239981,35.87498624321619],[-105.69832880818191,35.87427170114897],[-105.69843206919936,35.874206894133295],[-105.69977051447725,35.873959750019026],[-105.70168145895381,35.87452439199373],[-105.70271759818445,35.87451161793213],[-105.70357202541629,35.87497998895329],[-105.70407327259272,35.87571941403549],[-105.70508851986976,35.87629380606326],[-105.7060791300996,35.87638856302041],[-105.70812911262001,35.87710095800927],[-105.7092132419244,35.87781209405363],[-105.71032808121089,35.878239757053585],[-105.71071119329974,35.87827582203695],[-105.71105112635671,35.87805664498442],[-105.71204213233344,35.87524213050458],[-105.71232760836094,35.874824492425404],[-105.7123506022562,35.87356131823431],[-105.71167210908025,35.87328313723161],[-105.71309528819289,35.87091918479449],[-105.71289368210432,35.87041871373091],[-105.71282828387751,35.86797875236813],[-105.71400708499198,35.86626357304257],[-105.71403108993908,35.86559325694047],[-105.71415334995964,35.865515357921694],[-105.71398154890852,35.865369199909686],[-105.7142930779517,35.86506424484587],[-105.7138530298428,35.86494362085311],[-105.71394430184914,35.864781558823495],[-105.71279606949435,35.863653681720166],[-105.71230167830724,35.862773185616376],[-105.71194290120937,35.86256985660644],[-105.71073662980427,35.86101232944187],[-105.71090153583744,35.860970112426045],[-105.71102532082745,35.860536311353734],[-105.71147734892068,35.860446031314154],[-105.7117101909539,35.8602290602681],[-105.71178486193162,35.85978063019641],[-105.71277577415071,35.85975196513503],[-105.71397552437996,35.85930241599843],[-105.71434639542669,35.858886248914565],[-105.71284106007974,35.85876693898328],[-105.71447063141187,35.85839543683364],[-105.71594833061843,35.856970171534385],[-105.71640562964647,35.85611583237966],[-105.71664885158496,35.8547817031652],[-105.71638733651272,35.85462285315639],[-105.71527839629411,35.85496063527094],[-105.71482035717573,35.85477698926976],[-105.71575006631889,35.85403202110429],[-105.71636681539131,35.853277743955424],[-105.71689497035545,35.851505249658636],[-105.71739223341713,35.85093524054435],[-105.7180113855221,35.85054962245078],[-105.71805462947759,35.84992562935454],[-105.71860860456584,35.84951571426107],[-105.71854217949856,35.84891154717409],[-105.71894918257397,35.84873192112364],[-105.71978976969227,35.8479301419548],[-105.71984807363795,35.84715354283471],[-105.72035849471959,35.846779549749115],[-105.72109943986707,35.846570619675106],[-105.72120805786302,35.84624392861977],[-105.72159401994101,35.84614847958318],[-105.72206982095716,35.845108899399555],[-105.72246616501307,35.84473197432017],[-105.72207448788187,35.844228970267096],[-105.72119957363675,35.84365846623164],[-105.72028983741768,35.843478254256915],[-105.71961438323092,35.84306595823383],[-105.7195486671729,35.84256650716253],[-105.71918472607817,35.842412365160264],[-105.71924372205605,35.8420060150958],[-105.71889576096677,35.8418735580959],[-105.7191023959779,35.84146878802318],[-105.71938114883241,35.83907378864714],[-105.71982988583616,35.837960584453946],[-105.71973528074435,35.837145922336944],[-105.72028657276472,35.83595963112691],[-105.71992876556872,35.834622055946404],[-105.71995154543052,35.83296939669665],[-105.71971255929854,35.83206327257416],[-105.72042468736889,35.831038089379064],[-105.72099534150942,35.83118746636874],[-105.72131493454863,35.830815871294504],[-105.72172764067315,35.83118796032673],[-105.72210996573797,35.8309498642689],[-105.72273387288497,35.83103638724604],[-105.72314568596721,35.830923424205395],[-105.72387825615925,35.831249350212296],[-105.72427059122704,35.831020103155275],[-105.72426760217823,35.83046470807196],[-105.724557815223,35.83023255502037],[-105.7243977970915,35.82912843786355],[-105.7245834861014,35.82876330579798],[-105.72562290430145,35.82839060468224],[-105.72610816435198,35.82772224955385],[-105.72703445949846,35.82702313139551],[-105.72687212537926,35.82606691826107],[-105.72728174139642,35.82520851710846],[-105.72721191026197,35.82383685290626],[-105.72734955928345,35.823729740882236]],[[-105.75047864738524,35.834490049169695],[-105.75063565136223,35.833820820060126],[-105.75109399543364,35.83346292697999],[-105.7515144934688,35.83278532285397],[-105.75144537543508,35.83257449582628],[-105.750485393169,35.831979415792105],[-105.75009062203678,35.831472067738595],[-105.75009170199023,35.830932332657426],[-105.7507920910778,35.8301379894978],[-105.75084720906656,35.829865838453756],[-105.75051044792149,35.82906088735214],[-105.75022966586138,35.82909132537287],[-105.75040416083539,35.82834166725017],[-105.750127930741,35.82796472220943],[-105.75044564774639,35.82720834707748],[-105.75166025289029,35.82573749278666],[-105.75121752574242,35.82517266572722],[-105.75087264158276,35.824219940603875],[-105.74966948918045,35.82267907244147],[-105.75032865934558,35.822885045434546],[-105.74991230321909,35.82249902140049],[-105.7504762723695,35.822780748410366],[-105.74997024721415,35.822292763366164],[-105.75222738177308,35.822923387331194],[-105.75228400451634,35.8198138648606],[-105.75304046576163,35.82069453294952],[-105.75391483000409,35.821238590981004],[-105.75355036175591,35.81931382671269],[-105.75304862053227,35.81802608254802],[-105.75530081312867,35.81910233358032],[-105.755063516959,35.81775590539162],[-105.7552192479386,35.817118688286904],[-105.75515076587247,35.81653206020266],[-105.75534455386499,35.81594536410337],[-105.75564484893239,35.81594919808667],[-105.75654431519105,35.81661576613515],[-105.75677414724329,35.81662623812352],[-105.75696617826706,35.81640506607929],[-105.75723991018674,35.81477183181809],[-105.7593359575813,35.813921128569795],[-105.7607087598601,35.813599312442555]],[[-105.75354563102634,35.810902032448645],[-105.75556656540714,35.81008534520982],[-105.75672300856401,35.808913516967266],[-105.75775019856357,35.80625750950903],[-105.75740084730784,35.804203443220295],[-105.75720195724087,35.803943595192685],[-105.75846432345615,35.80317284400432],[-105.75776191931135,35.80331229106559],[-105.75605045792452,35.80326016315604],[-105.75565862688715,35.80384007526577],[-105.75554738892231,35.804533335376355],[-105.75507532478873,35.804208458354594],[-105.75410301343307,35.80260841716991],[-105.754666770442,35.80125579593415],[-105.7545033623431,35.80053451883508],[-105.75458594631361,35.79998049874704],[-105.75498428935346,35.79941183163869],[-105.7557204024794,35.79896718052959],[-105.75799382893521,35.798365153308545],[-105.75771736899465,35.7997664045351],[-105.75784164806237,35.80022858859747],[-105.75805425311795,35.800322003599284],[-105.75958371933476,35.798878620294495],[-105.7615040655695,35.79663363384675],[-105.76329591486291,35.79539836755815],[-105.76453111009178,35.79485480640556],[-105.76622052748777,35.79507061534103],[-105.76701722765151,35.79490658427065],[-105.76799727289057,35.795139895249456],[-105.76990917841175,35.79622918230348],[-105.77127682572203,35.796285281233395],[-105.7729073299256,35.794428372860644],[-105.77403030812512,35.79383612670716],[-105.77418642212297,35.79340748763379],[-105.77497300524176,35.79275023248988],[-105.77628934148548,35.792169458327024],[-105.77784919074115,35.79109802607643],[-105.77903416397741,35.7907703439592],[-105.77978949810003,35.79023823383587],[-105.78008960616613,35.79022733881702],[-105.78087765225648,35.789237385622954],[-105.7813392582633,35.78812348742906]]]},"properties":{"trail_name":"SKY LINE","trail_no":"251","trail_type":"TERRA","gis_miles":43.149,"trail_surface":"NATIVE MATERIAL"}},{"type":"Feature","geometry":{"type":"LineString","coordinates":[[-105.48830282054608,35.86772154024747],[-105.48972162189816,35.86810787422424],[-105.49019035605255,35.868674955282906],[-105.49082105822517,35.86903293030074],[-105.49235977560528,35.86943254327258],[-105.49174283252201,35.870069308404176],[-105.49284608080701,35.870498786405605],[-105.49308063884608,35.87034232236852],[-105.49369150299385,35.87046483435187],[-105.49521467838116,35.87098770034327],[-105.4954906024315,35.87085405030724],[-105.49576981750072,35.87092974230259],[-105.49585837350362,35.8707336842679],[-105.49643627464157,35.87082836424899],[-105.4977195388993,35.87047895812249],[-105.49856178605015,35.870038461007574],[-105.4987485780573,35.869637481936316],[-105.4992633351352,35.86920329484122],[-105.50123295557714,35.869201631727776],[-105.50211019475722,35.86900741264801],[-105.5027474089141,35.86916721363549],[-105.50306881695879,35.86885074056926],[-105.50342995606785,35.86917345859722],[-105.50383485213307,35.86887744852927],[-105.50417680824009,35.869226252562235],[-105.50463822532102,35.868965530496375],[-105.5057242886215,35.86961915753261],[-105.5060033236791,35.869561139507795],[-105.50591876668126,35.8698051875495],[-105.50658783285321,35.87005620854892],[-105.5067775779133,35.87025790356843],[-105.50678544894626,35.870616771622174],[-105.50758875117306,35.871153394656915],[-105.50895936748257,35.87117481958136],[-105.51003480570142,35.87091560748041],[-105.51037060775589,35.87067474442479],[-105.51078584484925,35.870676387401176],[-105.51106567688889,35.870409577344816],[-105.51214230712851,35.87038658127946],[-105.51351673637201,35.86963809408749],[-105.51551917183043,35.869742115988096],[-105.51731303128503,35.87034220897551]]},"properties":{"trail_name":"ROCIADA","trail_no":"250","trail_type":"TERRA","gis_miles":2.053,"trail_surface":"NATIVE MATERIAL"}},{"type":"Feature","geometry":{"type":"LineString","coordinates":[[-105.72115530186524,35.84640545064703],[-105.72115874589355,35.84672254369454],[-105.72202364815251,35.847478267758326],[-105.72256825033645,35.84819477483465],[-105.72368133966397,35.84910087990678],[-105.72428261882406,35.849396235916544],[-105.72474034192494,35.84937970888776],[-105.72483946795836,35.84950972190156],[-105.72521656601694,35.84921356083538],[-105.72527075493805,35.848165016674685],[-105.72569866100761,35.84786491060497],[-105.72609202408206,35.847709618559],[-105.72718011533343,35.84780247251035],[-105.72687698531918,35.84841927162046],[-105.72633536321571,35.84862218568213],[-105.72651819827506,35.8488345137035],[-105.72879344182134,35.84926843363772],[-105.72798560566673,35.84956745172917],[-105.72919602697661,35.85002015872754],[-105.72962173006685,35.849963956694616],[-105.72932449001986,35.850187420745286],[-105.72859528987,35.850338922809996],[-105.72873374993341,35.8507125788582],[-105.72813134086704,35.851499167011035],[-105.72820019893203,35.852070659092945],[-105.72865352300495,35.85174319001763],[-105.7305977944536,35.85190440992994],[-105.73091930454582,35.852138969946694],[-105.7309536806342,35.85306824208434],[-105.73116124071062,35.85341354112421],[-105.73231400392638,35.852931047985365],[-105.73266037204844,35.853444885042634],[-105.73324871818123,35.85345971801097],[-105.73582373987914,35.8548682090743]]},"properties":{"trail_name":"LAKE JOHNSON","trail_no":"267","trail_type":"TERRA","gis_miles":1.737,"trail_surface":"NATIVE MATERIAL"}},{"type":"Feature","geometry":{"type":"LineString","coordinates":[[-105.84723548881821,35.84407182203795],[-105.84682817373836,35.84419867708046],[-105.84647301069681,35.844632211165916],[-105.84566654953784,35.84487301524847],[-105.84444043633273,35.84565987243702],[-105.843431192139,35.846021097549304],[-105.84228277589881,35.84620554864311],[-105.84084520564507,35.84697615484145],[-105.84034937757353,35.8474257969374],[-105.83963143240037,35.84727582295631],[-105.83893570227096,35.84757308104094],[-105.83822363715083,35.84801882914879],[-105.83741751605896,35.84903076834691],[-105.83653745590057,35.84946721846302],[-105.83570330381161,35.85058537767874],[-105.8352059247358,35.85098949376796],[-105.83109339690009,35.85193156214617],[-105.82932080558642,35.85287338438948],[-105.82668056602725,35.85321796959334],[-105.8252201987648,35.853947382786814],[-105.82480682471102,35.854389860876964],[-105.82355013045954,35.85472295599934],[-105.82283471834481,35.85524010611812]]},"properties":{"trail_name":"CAPULIN","trail_no":"158","trail_type":"TERRA","gis_miles":1.627,"trail_surface":"NATIVE MATERIAL"}},{"type":"Feature","geometry":{"type":"LineString","coordinates":[[-105.69784290286796,35.76797273318319],[-105.69849392312364,35.769250399338404],[-105.69811777403045,35.76914461734401],[-105.69912936440448,35.77085909554437],[-105.69946642057505,35.77196324269137],[-105.69939987167872,35.77333755990219],[-105.69995900981668,35.77348804689281],[-105.70023975696655,35.77449728902875],[-105.7008266711641,35.775266077110956],[-105.70088083922047,35.7757790251851],[-105.70063154922316,35.776456813301486],[-105.70142227441526,35.77663409928289],[-105.70183583655252,35.77715308833735],[-105.70221410865516,35.77736212834718],[-105.70375730803391,35.77775338431768],[-105.70422040217991,35.77824542836523],[-105.70477997131839,35.77840014335647],[-105.70494931540225,35.77893299942697],[-105.70562495360423,35.7795233974772],[-105.70586237775103,35.78060884762704],[-105.70556960875152,35.78137280775885],[-105.70549453385114,35.78272164696627],[-105.70516674485043,35.78356216711159],[-105.70535997393068,35.783991488165185],[-105.7049343758908,35.78463146928594],[-105.70474613790442,35.785276800393895],[-105.70484135300713,35.786219211530316],[-105.70463139799735,35.786649475607135],[-105.7049139751337,35.787496771718516],[-105.70452313109651,35.788078364828486],[-105.70498135635928,35.78993473508174],[-105.70612359174693,35.79146544924664],[-105.70658473194467,35.792561062385154],[-105.70790020028561,35.79310289639125],[-105.70988248187628,35.794809816534496],[-105.71038334100753,35.79503289353932],[-105.71078260809605,35.79502389851508],[-105.71118432020899,35.795291765532355],[-105.71113231625765,35.79598920064032],[-105.71133906634863,35.79650749770646],[-105.71111393546089,35.798388091002415],[-105.71156879473814,35.80041883828194],[-105.71136715978162,35.80144288744763],[-105.71159146587341,35.801924405507236],[-105.7117092719781,35.80283054463683],[-105.71203603108893,35.80326709968374],[-105.71176859206037,35.80362854075347],[-105.71203212714737,35.80395337478724],[-105.71199510815467,35.80413324881642],[-105.7112383830733,35.80514842101267],[-105.71087574706118,35.805945969153456],[-105.71096719812313,35.806425709220406],[-105.71082181222891,35.808024070469244],[-105.71110666138608,35.809104157615394],[-105.71163843156702,35.80982195069284],[-105.71110484548674,35.81027233979128],[-105.711530465606,35.81055096780876],[-105.710979337498,35.810726603866826],[-105.71097847353816,35.811193402937064],[-105.71051921947011,35.811593511023666],[-105.70991504828946,35.81106657997912],[-105.70984124328967,35.8112597320124],[-105.70964232924823,35.81129479802907],[-105.70963850229889,35.811890020118845],[-105.70853734105381,35.81190314918407],[-105.70897762117815,35.81220220820376],[-105.70944676534272,35.81289229328063],[-105.70948850641065,35.81356891538006],[-105.71019880962093,35.814163527428704],[-105.709891860562,35.814275251463165],[-105.7097343275181,35.81417515345713],[-105.70968796252555,35.81438087749076],[-105.71025943171328,35.8150739705622]]},"properties":{"trail_name":"HOLY GHOST","trail_no":"283","trail_type":"TERRA","gis_miles":4.247,"trail_surface":"NATIVE MATERIAL"}},{"type":"Feature","geometry":{"type":"LineString","coordinates":[[-105.8358201210334,35.725663431917425],[-105.83515127785712,35.725348665908314],[-105.83463809065255,35.7243012577802],[-105.83442104753308,35.723474761668335],[-105.83451386744252,35.72218115746848],[-105.83407251125998,35.7212033613467],[-105.83472994930999,35.72008071414022],[-105.83515576337558,35.7197388830645],[-105.83565159547459,35.719604775015995],[-105.83621575355237,35.71904608289968],[-105.83621036153481,35.71885577987136],[-105.83414636011344,35.719308076057395],[-105.83369474699576,35.71911073305358],[-105.83364880595195,35.71872021399748],[-105.83338754491655,35.7189861030524],[-105.8332711428757,35.71881306203306],[-105.83291427080007,35.718858996060376],[-105.8330663659278,35.71995026021577],[-105.83398986727367,35.721577026407594],[-105.83422403533324,35.72166232040702]]},"properties":{"trail_name":"BLACK CANYON","trail_no":"181","trail_type":"TERRA","gis_miles":1.041,"trail_surface":"NATIVE MATERIAL"}},{"type":"Feature","geometry":{"type":"LineString","coordinates":[[-105.8340616698423,35.75121809685941],[-105.8343165559471,35.75177430592837],[-105.83430759198335,35.752217375995485],[-105.83495173019836,35.75304488708293],[-105.83546094433014,35.75325630708549],[-105.83616760454699,35.75394341614824],[-105.83792182101864,35.75487541318776],[-105.83864096625562,35.75576412628006],[-105.83911145637494,35.75593015427807],[-105.84002677057548,35.755888719219364],[-105.84102290784769,35.75646943024952],[-105.84110358492448,35.75715058334723],[-105.84143130502342,35.75745079237354],[-105.84287686936659,35.757691904326855],[-105.84442229678226,35.75851535936202],[-105.84520373100905,35.759123853408575],[-105.84631814129541,35.759562514410604],[-105.84584873121533,35.75984721048028],[-105.84621528730304,35.759916972469746],[-105.84567152520017,35.760130024532934],[-105.84559286621823,35.76054235359933]]},"properties":{"trail_name":"BEAR WALLOW","trail_no":"182","trail_type":"TERRA","gis_miles":1.105,"trail_surface":"NATIVE MATERIAL"}},{"type":"Feature","geometry":{"type":"MultiLineString","coordinates":[[[-105.80875906347076,35.78912784200626],[-105.80907963855759,35.78930470201441],[-105.80959480873621,35.79004054309538],[-105.81041836597201,35.79064218813843],[-105.81088884106522,35.79050610509099],[-105.81144431814894,35.790040494989185],[-105.81133417609925,35.78975046395193]],[[-105.81144431814894,35.790040494989185],[-105.81308774051136,35.78999085288736],[-105.81343157356883,35.78976828583422],[-105.81367739757866,35.78924775874192]],[[-105.81354519056873,35.78947405278347],[-105.81325712548377,35.78923482376409]],[[-105.81133417609925,35.78975046395193],[-105.80975689767354,35.78889816191444],[-105.80876387646829,35.78908715799985]],[[-105.81362356858232,35.78942844177214],[-105.81446642778823,35.78963506175477],[-105.81465070482123,35.78954094873006],[-105.81462319278701,35.7892165606829]],[[-105.81465070482123,35.78954094873006],[-105.8157001870678,35.78968445869135],[-105.81625986216685,35.78938577161437],[-105.8163217311629,35.78918023757998]],[[-105.81625986216685,35.78938577161437],[-105.81659110025097,35.78950385261306],[-105.81668760729177,35.78972631264098],[-105.81604989315763,35.78982045869171],[-105.81603023516845,35.789996328719276],[-105.8166766153204,35.790085813695576],[-105.81727865043881,35.78990177763337]],[[-105.81133417609925,35.78975046395193],[-105.81322815247925,35.789257357769095],[-105.81341736649522,35.78895374571265],[-105.81386237062341,35.78928748973723],[-105.81394443562968,35.78914859671166],[-105.81380663157658,35.78888980068075],[-105.81392394659767,35.788831570665224],[-105.81460054178166,35.789212979683676],[-105.81529018394068,35.789272332652985],[-105.81593878507071,35.78910214259023],[-105.8161646691243,35.78913939758285],[-105.8163496131697,35.789186941579366],[-105.81640548718384,35.78920640157906],[-105.81680002229464,35.789469650595954],[-105.81680948326509,35.78910367754044],[-105.81636241813607,35.788765301515284],[-105.81712439829576,35.78864508845349]],[[-105.81727865043881,35.78990177763337],[-105.81750320542834,35.7892015035153]],[[-105.81727865043881,35.78990177763337],[-105.81773696253136,35.78978910959015],[-105.81838468068672,35.78991454057182]],[[-105.81712439829576,35.78864508845349],[-105.81739421736553,35.78875595445465]],[[-105.81750320542834,35.7892015035153],[-105.81739421736553,35.78875595445465]],[[-105.81838468068672,35.78991454057182],[-105.81914952083038,35.78960278048104]],[[-105.81750320542834,35.7892015035153],[-105.81801574957518,35.78957703554231],[-105.81914952083038,35.78960278048104]],[[-105.81838468068672,35.78991454057182],[-105.81880322280225,35.79017092058629],[-105.81919431395038,35.790874036669436],[-105.81985989810883,35.79098924964848],[-105.82008192012533,35.790607318578395],[-105.8200638940671,35.78998058348534],[-105.81979864798538,35.789719670461345],[-105.81914952083038,35.78960278048104]],[[-105.81712439829576,35.78864508845349],[-105.81692030223002,35.788411681430155],[-105.81643127811031,35.7882895904399],[-105.81634592707246,35.78807230041217],[-105.81794626338,35.787498830234156],[-105.81855179054166,35.787805937245544],[-105.81863991659662,35.78821435830179],[-105.81840969057396,35.78854602636481],[-105.81865380966342,35.7889507634116],[-105.81797825451366,35.78896179845202],[-105.8184055166287,35.78919013946183],[-105.81840589164145,35.78933644648378],[-105.81799048354806,35.78932826950636],[-105.81771678746229,35.78904276347919],[-105.81786082846385,35.788689227417855],[-105.81831081052928,35.78828447833125],[-105.81825056549539,35.78804801829919],[-105.81796891543604,35.78808860032146],[-105.81739421736553,35.78875595445465]]]},"properties":{"trail_name":"NORSKI","trail_no":"255","trail_type":"TERRA","gis_miles":2.602,"trail_surface":"NATIVE MATERIAL"}},{"type":"Feature","geometry":{"type":"LineString","coordinates":[[-105.47003543406052,35.70071575502212],[-105.47062591730968,35.7020792581953],[-105.47111444646478,35.702610875248084],[-105.4730316939207,35.70291052818442],[-105.47445851023016,35.702785044084145],[-105.47521858043147,35.70314414009535],[-105.47580424256746,35.70319760607011],[-105.4780522940629,35.70309205892616],[-105.47954843348504,35.704101433994],[-105.48042239366494,35.703912163915604],[-105.48230256212273,35.70433151087214],[-105.48402175059013,35.70528561791886],[-105.48689756325784,35.705547945794926],[-105.48860550368997,35.706119233784285],[-105.48974232492364,35.705869336681666],[-105.49081321418728,35.70614252466209],[-105.49117177525432,35.70598601161791],[-105.49178835839379,35.70599919358484],[-105.49237487254621,35.706242980588385],[-105.49699362766214,35.70717433546649],[-105.49818818498753,35.70784465550009],[-105.49890250811357,35.707445758398926],[-105.50038136741091,35.70704358225381],[-105.50159673361667,35.706262467066225],[-105.50274636484855,35.705959079954745],[-105.50295155087399,35.70571851590661],[-105.50333276896117,35.705738185887895],[-105.50406219608364,35.705257324773484],[-105.50647698759417,35.70489360258089],[-105.50911898913205,35.70425506633369],[-105.51086442544442,35.703330876094284],[-105.51171082656201,35.702486785918154],[-105.51428716699037,35.70074062050691],[-105.5146787720701,35.70064592347026],[-105.5155034842752,35.70088177645902],[-105.51585590327267,35.699928831294606],[-105.51661420835093,35.69885572008887],[-105.51767969754941,35.6983832369566],[-105.52091950908066,35.69610102342641],[-105.52113775599334,35.69450851817268]]},"properties":{"trail_name":"NA-NA-KA","trail_no":"217","trail_type":"TERRA","gis_miles":3.453,"trail_surface":"NATIVE MATERIAL"}},{"type":"Feature","geometry":{"type":"LineString","coordinates":[[-105.55909507441926,35.87911219089458],[-105.55901094338769,35.87896613887741],[-105.5594535184699,35.87877034382241],[-105.56115758670491,35.8770765534691]]},"properties":{"trail_name":"BORDO DEL MEDIO","trail_no":"252","trail_type":"TERRA","gis_miles":0.202,"trail_surface":"NATIVE MATERIAL"}},{"type":"Feature","geometry":{"type":"LineString","coordinates":[[-105.85827006849946,35.742624457181336],[-105.85885901271425,35.743593746293215],[-105.8592327098063,35.74369462428696],[-105.86018938600175,35.743488166201175],[-105.86060596012302,35.74381802022684],[-105.86096921220414,35.74381968020627],[-105.86148992225475,35.743060179062354],[-105.86239736040139,35.742414433913396],[-105.86346069459972,35.741965229785],[-105.86381203762843,35.74138979267842],[-105.86349122453454,35.74113048965785],[-105.86350021951735,35.74090741462381],[-105.86386837556216,35.74047551953788],[-105.86420284263707,35.74047910351928],[-105.86465418670558,35.740106838437505],[-105.8651653888223,35.74013932041308],[-105.86544677586895,35.73995235636885],[-105.86575725897981,35.74043623542378],[-105.86630099612803,35.74074930043966],[-105.86599763600756,35.74013630136495],[-105.86611786799551,35.739685275290306],[-105.86656117305448,35.739223174195516],[-105.86733401319273,35.73882830309191],[-105.86771149221491,35.738108990962246],[-105.86771862816416,35.73750193087066],[-105.86821105722186,35.73689751675166],[-105.8680083250995,35.73600155462872],[-105.86827844808383,35.73512066848092],[-105.86811031100574,35.73464933141972],[-105.86879232408964,35.73385903926197],[-105.86944002221186,35.733601932186225],[-105.86964799323154,35.73329183312775],[-105.8705106094218,35.733268908074905],[-105.8711462495167,35.73272596995699],[-105.87156624460354,35.73264752692114],[-105.87381691216346,35.733324785893984],[-105.87452828332219,35.73332752485371],[-105.87546123050689,35.73305772575975],[-105.87584583160518,35.73320370675964],[-105.87543006354348,35.73356337583744],[-105.87596380166171,35.733555180805695],[-105.87644537974509,35.73327728073636],[-105.87674045476503,35.73274543763961],[-105.87747231493825,35.7328627386153],[-105.87763867895865,35.73266908257666],[-105.87863889516944,35.732528432498285],[-105.87907439423368,35.73214777641615],[-105.87987529540887,35.73210977036459],[-105.88123409561653,35.73100538712094],[-105.88136807265212,35.73107178512323],[-105.88134814669633,35.73163665920923],[-105.88163601479778,35.732069890257804],[-105.88335275518271,35.73209782416369],[-105.88435152338184,35.7318262070657],[-105.8853758956173,35.73190974201959]]},"properties":{"trail_name":"SADDLEBACK","trail_no":"232","trail_type":"TERRA","gis_miles":2.483,"trail_surface":"NATIVE MATERIAL"}},{"type":"Feature","geometry":{"type":"MultiLineString","coordinates":[[[-105.62277582825969,35.97726882498231],[-105.62141643191404,35.97680055999073],[-105.62016002357211,35.97611106195992],[-105.61823016595335,35.973985821752564],[-105.61694888160817,35.973322678727165],[-105.6171065555455,35.97220426955015],[-105.61664850231999,35.970801729366045],[-105.61580850103843,35.96973675325471],[-105.61441118161804,35.96851193915164]],[[-105.60416262447052,35.970218335001064],[-105.60465485746778,35.96892732377862],[-105.60436932935235,35.96834027070697],[-105.6044784781938,35.966250316386706],[-105.60401080593178,35.964454063143904],[-105.60319293962606,35.963056105981195],[-105.60115427106314,35.961845043917194],[-105.60089683894712,35.96117890183198],[-105.60088530188787,35.960531649735394],[-105.60041783078587,35.96056319776715],[-105.59988883663861,35.96023507774843],[-105.6001380016461,35.95968312765109],[-105.59946832245379,35.95920070261736],[-105.59971884640771,35.95803182942719],[-105.59930680026,35.95739932135599],[-105.59974582333659,35.9571498562931],[-105.5994058052088,35.956560517224226],[-105.5998956222881,35.95621180514348],[-105.6001261832897,35.955639168044094],[-105.60067113538886,35.95537634597311],[-105.60016931921704,35.9546980339002],[-105.60021452921062,35.95450846686909],[-105.60069535930097,35.954309319811316],[-105.6007792423023,35.95410934377644],[-105.60062312823693,35.953761943733255],[-105.60011008609492,35.95345329571655],[-105.60037368204058,35.95215676150645],[-105.60022367593754,35.95136229039571],[-105.59915976961194,35.95036602230749],[-105.59821783220522,35.94812888102564],[-105.59794484111589,35.94780716199305],[-105.59752663900773,35.94764212799246],[-105.5966401878074,35.94762322804088],[-105.5960096116269,35.94717538500996],[-105.59566476449855,35.94659137694208],[-105.59455026123369,35.946419425980665],[-105.59239472661025,35.94481475286393],[-105.59171723131264,35.94314669065232],[-105.5912939901683,35.94258077159169],[-105.59120697106685,35.941642780455695],[-105.59069902184623,35.94042068830125],[-105.59073286179849,35.939787796204136],[-105.59094828482667,35.93955682015699],[-105.59063167672693,35.93922819812583],[-105.59081398366295,35.93802726693475],[-105.59043590342955,35.93632511470062]]]},"properties":{"trail_name":"BEATTYS","trail_no":"25","trail_type":"TERRA","gis_miles":3.7880000000000003,"trail_surface":"NATIVE MATERIAL"}},{"type":"Feature","geometry":{"type":"LineString","coordinates":[[-105.55866435797255,35.88659007904616],[-105.5599639791616,35.885411903793816]]},"properties":{"trail_name":"BORDO DEL MEDIO","trail_no":"252","trail_type":"TERRA","gis_miles":0.114,"trail_surface":"NATIVE MATERIAL"}},{"type":"Feature","geometry":{"type":"LineString","coordinates":[[-105.54046808754732,35.91710862169197],[-105.54073661056798,35.91665437160807]]},"properties":{"trail_name":"BORDO DEL MEDIO","trail_no":"252","trail_type":"TERRA","gis_miles":0.036000000000000004,"trail_surface":"NATIVE MATERIAL"}},{"type":"Feature","geometry":{"type":"LineString","coordinates":[[-105.87072896581701,35.818267153817445],[-105.87043842278298,35.81862164688725],[-105.87033842382908,35.81940998101118],[-105.86987342381185,35.8204066471874],[-105.8700300899081,35.82111331428426],[-105.869893423945,35.821889980408535],[-105.8694234229102,35.8226966475565],[-105.86937009003181,35.82423498079019],[-105.86784175690383,35.82668664824557],[-105.86778675696203,35.827498314370395],[-105.86738008991013,35.82794498146076],[-105.86733008992657,35.82826331451135],[-105.86626342372767,35.82871164763995],[-105.86602675771253,35.829144981718564],[-105.86568342363827,35.82917164774232],[-105.86518342356094,35.82956498183002],[-105.8651800905764,35.82975164785819],[-105.8645567574562,35.829968314926575],[-105.86389842335689,35.83051498104638],[-105.86422342343415,35.830569981035964],[-105.8641400914212,35.83063498205049],[-105.86303175718652,35.83077831413579],[-105.86233675701865,35.830629981153535],[-105.86212842395614,35.830444981137816],[-105.8621967570106,35.83089664720158],[-105.86180175690224,35.83066331418936],[-105.86299175729177,35.83209331433516],[-105.86309842335797,35.83258164840221],[-105.86300509035402,35.83277664743683],[-105.86315009041837,35.83314498048367],[-105.86284842346049,35.83440498068988],[-105.86226175636398,35.83479998078285],[-105.86245675745829,35.83538498085929],[-105.86138342422751,35.835483313935875],[-105.86099175716879,35.83581331400785],[-105.86064842408153,35.835689981009175],[-105.86018342300764,35.83603331408738],[-105.85970675690164,35.836036648115325],[-105.85932008984611,35.83638998119056],[-105.85926009087426,35.83686831426569],[-105.85902842383939,35.83706164730805],[-105.85705175737844,35.83682998138716],[-105.85681342436513,35.83728831446956],[-105.85645509029057,35.83734998049947],[-105.85567009019643,35.83828164768429],[-105.85472009098962,35.83833998174777],[-105.85407508988499,35.83879164785263],[-105.85401009090333,35.83916998091303],[-105.85368175782767,35.8391416479277],[-105.85375342381093,35.838764980867104],[-105.85352008973324,35.83846998083632],[-105.85357842376204,35.8386516478602],[-105.85304842370715,35.83937998099993],[-105.85301342373825,35.839828314069145],[-105.8526384236714,35.84002164811968],[-105.85240675666579,35.84055164721249],[-105.85167842355665,35.84116498034636],[-105.85171842360738,35.84164664741623],[-105.85211342274866,35.842258314485136],[-105.85207675676449,35.842534981528765],[-105.8508421325715,35.84348305474193]]},"properties":{"trail_name":"VIEJO","trail_no":"179","trail_type":"TERRA","gis_miles":2.81,"trail_surface":"NATIVE MATERIAL"}},{"type":"Feature","geometry":{"type":"LineString","coordinates":[[-105.89559274551641,35.669326684030864],[-105.89524882243506,35.66927144104216],[-105.89457284031792,35.66966135613934],[-105.89415201622855,35.66971213117102],[-105.89393478822605,35.67024771526394],[-105.89357059816695,35.67050391232325],[-105.8934756021176,35.67017565227929],[-105.89324177308738,35.670430207330945],[-105.89282274899523,35.67044363435688],[-105.8912792246218,35.67009781039292],[-105.89091821150707,35.669697724353355],[-105.89098865349028,35.66931822629229],[-105.89086249044703,35.669141485272874],[-105.88989183025099,35.66937677436369],[-105.88840484589161,35.66904785739902],[-105.88805188775551,35.66837711931829],[-105.8883569517919,35.66800920824555],[-105.8885464997834,35.66741664514558],[-105.88823676167354,35.66693961709155],[-105.88836754466283,35.66647502701421],[-105.88804951655047,35.66598999195943],[-105.88800974349789,35.665479884884924],[-105.88815869951232,35.66526055984346],[-105.88756831833724,35.66475188480062],[-105.88768161732091,35.66426708372121],[-105.88749432623608,35.66376332465616],[-105.88658466510259,35.664570795829476],[-105.88631791815715,35.66590090204479],[-105.88651544127588,35.666773363164715],[-105.88525894004555,35.66735153932339],[-105.88491628297237,35.66738878234855],[-105.88462081687014,35.666964012301534],[-105.88442703684566,35.66718169734532],[-105.88366888870065,35.66746018143045],[-105.88247554943335,35.667443019495934],[-105.8822627994018,35.66762783653586],[-105.87926314553049,35.6652572923504],[-105.87887430443567,35.66516180735816],[-105.87904115849305,35.66539806638421],[-105.8790525805191,35.665672353424846],[-105.87898642948743,35.66547443939883],[-105.87781574415864,35.66468048334616],[-105.87749952605358,35.664276594303466],[-105.87739998904081,35.664386198325616],[-105.87724274392211,35.663408910187535],[-105.87691185989802,35.66398896729367],[-105.87708722210023,35.665893214570175],[-105.87669092704733,35.66630658065495],[-105.87667869108974,35.66683312973489],[-105.87620849107668,35.66790366892273]]},"properties":{"trail_name":"ATALAYA","trail_no":"170","trail_type":"TERRA","gis_miles":2.372,"trail_surface":"NATIVE MATERIAL"}},{"type":"Feature","geometry":{"type":"LineString","coordinates":[[-105.73586218333726,35.82547420365526],[-105.73519607719031,35.825496137696796],[-105.73473574512646,35.82594713079108],[-105.73459346011911,35.82622907084161],[-105.73461231317727,35.82685103893404],[-105.73361531998523,35.827206414044795],[-105.73263261576561,35.827206891101305],[-105.73249639174672,35.827340261129194],[-105.73360512407484,35.82826658220473],[-105.73383162316415,35.828712647258754],[-105.73540150350561,35.82860456015226],[-105.73529407552351,35.82908768723105],[-105.73692786604346,35.8308736294055],[-105.73874544947736,35.83119318834909],[-105.73973127367995,35.83098867126162],[-105.73972793470753,35.83131527331093],[-105.74014856879351,35.83122258827279],[-105.7402053408313,35.83151224131308],[-105.74035225885687,35.83142855729206],[-105.74056505392313,35.83164380631218],[-105.74105921501793,35.8314640032567],[-105.74180338918872,35.831515371221656],[-105.74374759672486,35.83268787028603],[-105.74461824993627,35.832882233265174],[-105.74502029001408,35.83274368922125],[-105.7459129382294,35.83292650919735],[-105.74662792238504,35.832878957149134],[-105.747588184576,35.832606876052985],[-105.74754298554939,35.83241651202699],[-105.7480393536548,35.832352730988866],[-105.74952573001173,35.832638760946345],[-105.74955553704164,35.83290689798495],[-105.74924554099752,35.83319696904634],[-105.74995022013171,35.832928441965464],[-105.74954076507612,35.833342475051204],[-105.74952928009667,35.83360913009194],[-105.74968703513437,35.83363688508707],[-105.74947167810463,35.83384894913129],[-105.74962375417765,35.83429896319018],[-105.74984046424383,35.834504094208484],[-105.75043235737422,35.8344821671712],[-105.75072170245367,35.8346530141802]]},"properties":{"trail_name":"LAKE KATHERINE","trail_no":"242","trail_type":"TERRA","gis_miles":1.804,"trail_surface":"NATIVE MATERIAL"}},{"type":"Feature","geometry":{"type":"LineString","coordinates":[[-105.55995740816243,35.88543865579821],[-105.56036468821384,35.88497960870562]]},"properties":{"trail_name":"BORDO DEL MEDIO","trail_no":"252","trail_type":"TERRA","gis_miles":0.047,"trail_surface":"NATIVE MATERIAL"}},{"type":"Feature","geometry":{"type":"LineString","coordinates":[[-105.52255145542864,35.938916419009914],[-105.52400985562464,35.93741178569913]]},"properties":{"trail_name":"BORDO DEL MEDIO","trail_no":"252","trail_type":"TERRA","gis_miles":0.135,"trail_surface":"NATIVE MATERIAL"}},{"type":"Feature","geometry":{"type":"LineString","coordinates":[[-105.48949726054056,35.945023702837695],[-105.49027137778553,35.94583837891578],[-105.49306648155923,35.94750996100629],[-105.49478396098536,35.94797351297695],[-105.49536681915417,35.948408155008806],[-105.49604455831323,35.948486418981446],[-105.49656491746323,35.94886607700863],[-105.49761649771227,35.94901419997021],[-105.49783840477994,35.949218052988115],[-105.49873471697474,35.94914392292518],[-105.49975685723953,35.94954817792709],[-105.50229784173108,35.94864324664403],[-105.50348568900432,35.94871842658678],[-105.50405008911173,35.948496764520804],[-105.50680717169973,35.94814136330811],[-105.50893933906893,35.94688788399621],[-105.50967260921529,35.94667872692241],[-105.51057478335363,35.945943224759475],[-105.51149889651906,35.945461702633644],[-105.5137587319615,35.94471910039133],[-105.51467229316566,35.944708360336975],[-105.51611862144779,35.944220671180034],[-105.51637235348484,35.94399313713113],[-105.5180476708333,35.9436771679868],[-105.51917839704197,35.94315972284363],[-105.52018697620878,35.942477642682654],[-105.52372486095557,35.94193564039682],[-105.5251574282955,35.94214643634584],[-105.525703945408,35.942030434296846],[-105.52653432061405,35.9422555302828],[-105.52844331919177,35.94396559243003],[-105.52897830340265,35.945005633555745],[-105.52922112047013,35.94515402156405],[-105.52988095361798,35.945151477525606],[-105.52998182366748,35.94545935356609],[-105.53036664273807,35.94527843051661],[-105.53167347189702,35.94374036120961],[-105.53402015132107,35.9425655028973]]},"properties":{"trail_name":"GASCON","trail_no":"239","trail_type":"TERRA","gis_miles":2.936,"trail_surface":"NATIVE MATERIAL"}},{"type":"Feature","geometry":{"type":"MultiLineString","coordinates":[[[-105.6426076214158,35.87086661984614],[-105.6414588114991,35.874784930501825],[-105.64036375944784,35.877015278900366],[-105.64047259453783,35.87777016200768],[-105.64110680773717,35.8784292910703],[-105.6417684669109,35.87872361707648],[-105.64139675092133,35.879800609259874],[-105.64089616286597,35.880453350386915],[-105.64077589990889,35.88125620451464]],[[-105.63501884005422,35.8862514485977],[-105.63490170306581,35.88668593966975],[-105.63516683515996,35.88708584171467],[-105.63513800420218,35.88764529580046],[-105.63484643817723,35.88810899088703],[-105.63490955322642,35.88851184794395],[-105.63436494726174,35.8903193092472],[-105.63448135130555,35.89052327227123],[-105.63495912940154,35.89039660522463],[-105.63552726456928,35.89086162826182],[-105.63565830565976,35.89156431735993],[-105.6361647928741,35.89272367350511],[-105.63628302203269,35.89424091372647],[-105.63705044233366,35.895724004905304],[-105.63690527046009,35.89754883118804],[-105.6361758664897,35.89976453756329],[-105.63610461759625,35.901170818778866],[-105.63639224774478,35.90213613290742],[-105.63695138894563,35.90300434600571],[-105.63703906211195,35.90468802725381],[-105.6376372593562,35.90595339940953],[-105.63798175746591,35.906326916445835],[-105.63799376358745,35.9076903456501],[-105.63816018665304,35.90801535068939],[-105.63845255273101,35.90815865869402],[-105.63877486687393,35.90897015279742],[-105.63983541012966,35.909179246767685],[-105.64058921638487,35.9101703788732],[-105.64149380863941,35.91076670291059],[-105.64178737573879,35.91115208295161],[-105.64299074403715,35.911483105931914],[-105.64386149122524,35.91140429586985],[-105.64479316051232,35.912303800951285]],[[-105.6387516626003,35.917360037059844],[-105.63265146226794,35.91774900147044],[-105.6321781913218,35.91958141677314],[-105.63144699821852,35.92027455391959],[-105.63117027320011,35.92077400801059],[-105.63076713213368,35.921048202075056],[-105.63059560512673,35.921408393139124],[-105.63015408601441,35.921254674141494],[-105.62976342294155,35.92142250218931],[-105.62987529199613,35.92176063823366],[-105.63030309110482,35.92190852623119],[-105.63104678425748,35.92174886316428],[-105.63204012056379,35.922709017251236],[-105.63199416658017,35.923015017299846],[-105.63217674164247,35.92326045132622],[-105.63280839780977,35.923555997334184],[-105.63270301282375,35.92398662640497],[-105.63373914623145,35.9259987346475],[-105.63352458022854,35.92651593373762],[-105.63362401731197,35.92721635583716],[-105.63323923138951,35.92909239014133],[-105.63345690150364,35.92984048324112],[-105.63354585866195,35.931425147474116],[-105.63320600467499,35.93244640664722],[-105.63253082857344,35.93301539277168],[-105.63261233963743,35.93353884284562],[-105.63226266959279,35.93392438592374],[-105.63213216163216,35.934710271049404],[-105.63279131601513,35.93740378641598],[-105.63242618906739,35.938938201667646],[-105.63196637004634,35.93987564983506],[-105.63137978797167,35.94052526896649],[-105.63024337378538,35.94130614914949],[-105.62954430772588,35.94241772135693],[-105.62952210374047,35.94264091739171],[-105.62991132788652,35.94331502647048],[-105.62967220594022,35.944541930668635],[-105.6293091648906,35.94490473974409],[-105.62843762269674,35.94492033679681],[-105.6278138446054,35.945474484916126],[-105.6268066334058,35.94577261901911],[-105.62559163323421,35.946922674262154],[-105.6247204221574,35.94827658651594],[-105.62342072193985,35.9491188477176],[-105.62213477165598,35.94916762679927],[-105.62130283045289,35.9489769158187],[-105.62075838129249,35.94853787978424],[-105.62021595317806,35.94861934482781],[-105.62064745634726,35.94944837392741],[-105.62067424640571,35.95004839401598],[-105.62050275843757,35.9508518031466],[-105.61980493740926,35.952316057406904],[-105.61990118149659,35.953067784514296],[-105.61970521152675,35.95391438765283],[-105.62027295072228,35.95469591373736],[-105.61989399468195,35.95520488483578],[-105.61975575771127,35.95589423994729],[-105.61992702381683,35.956662029052715],[-105.6204017909655,35.95714572809795],[-105.62045355202656,35.95771100917984],[-105.62070548610917,35.95800979621016],[-105.6206638311269,35.958319464259084],[-105.61991237904707,35.95933076345442],[-105.61986543206272,35.95962981650206],[-105.6200982161474,35.960001380544426],[-105.61984330012157,35.96035923761289],[-105.62005701319553,35.96065720464528],[-105.61977578314793,35.96083314968801],[-105.6198673882621,35.961902605843306],[-105.6196403172586,35.9624445329378],[-105.61979601633081,35.962870740992834],[-105.61935102232792,35.96397633318461],[-105.62006571764921,35.965816798419645],[-105.62018696772488,35.96637063449585],[-105.62007864580539,35.9675674286818],[-105.62033103193582,35.96841108679387],[-105.6202420149442,35.96873439084759],[-105.62074085315082,35.969817169981326],[-105.62016862704083,35.970025558045755],[-105.62000461205007,35.97055065813408],[-105.61887370888894,35.97160412735773],[-105.61886920092776,35.97205897942625],[-105.6192718170375,35.97228157843643],[-105.61930898808063,35.97267893849389]]]},"properties":{"trail_name":"JACKS CREEK","trail_no":"257","trail_type":"TERRA","gis_miles":8.324,"trail_surface":"NATIVE MATERIAL"}},{"type":"Feature","geometry":{"type":"LineString","coordinates":[[-105.90064525342407,35.66678803336082],[-105.90015829930948,35.66671615737779],[-105.89934941515591,35.66702660547062],[-105.89878078100016,35.66668665545195],[-105.89712602363532,35.66672933455275],[-105.8959164313996,35.667122133680834],[-105.89514938127763,35.66769226881037],[-105.89481041819386,35.66759622881524],[-105.89466475419044,35.66793486087452],[-105.8936848750383,35.668706243046394],[-105.89311072800164,35.669770218239194],[-105.89275148695273,35.67013325631427],[-105.89224904585807,35.67033480337321]]},"properties":{"trail_name":"ST. JOHN'S","trail_no":"174","trail_type":"TERRA","gis_miles":0.627,"trail_surface":"NATIVE MATERIAL"}},{"type":"Feature","geometry":{"type":"LineString","coordinates":[[-105.52400985562464,35.93741178569913],[-105.52430513365523,35.937002864620524],[-105.52440906663477,35.936501153538956]]},"properties":{"trail_name":"BORDO DEL MEDIO","trail_no":"252","trail_type":"TERRA","gis_miles":0.07200000000000001,"trail_surface":"NATIVE MATERIAL"}},{"type":"Feature","geometry":{"type":"LineString","coordinates":[[-105.55252829475151,35.89986998440025],[-105.55274149072852,35.89905606226534]]},"properties":{"trail_name":"BORDO DEL MEDIO","trail_no":"252","trail_type":"TERRA","gis_miles":0.062,"trail_surface":"NATIVE MATERIAL"}},{"type":"Feature","geometry":{"type":"LineString","coordinates":[[-105.52921886382128,35.92626453271971],[-105.53140192135105,35.92672150766265],[-105.53191813045807,35.92662045061764]]},"properties":{"trail_name":"BORDO DEL MEDIO","trail_no":"252","trail_type":"TERRA","gis_miles":0.149,"trail_surface":"NATIVE MATERIAL"}},{"type":"Feature","geometry":{"type":"LineString","coordinates":[[-105.74845054094015,35.972145663933084],[-105.74761157377648,35.97241816902251],[-105.7467071645675,35.9723414110634],[-105.74630466445232,35.972054500043775],[-105.74610567033967,35.971276953938904],[-105.74578026521955,35.97073708787693],[-105.7447772370353,35.971193316003394],[-105.7437202718207,35.9714407851017],[-105.7428384915909,35.9710687450971],[-105.74259717154898,35.97120627113169],[-105.7425017926203,35.972262123295316],[-105.74231551661381,35.97266310136615],[-105.74130125841928,35.97303077148001],[-105.7407254532739,35.972841069484986],[-105.74020936517306,35.9730074555398],[-105.73895672398834,35.97409481877525],[-105.7368425505291,35.97424908792093],[-105.7357081142415,35.973862336928754],[-105.7345871390317,35.97432822706349],[-105.73400967890441,35.97434922110012],[-105.73368157286117,35.974693229170676],[-105.73319164776832,35.974883780227614],[-105.73294308674198,35.97521690829188],[-105.73235741761488,35.97526081833247],[-105.73209487657718,35.975500902383615],[-105.73160230546631,35.97549273941091],[-105.73093943536257,35.97599979552529],[-105.73088078337966,35.976344174580284],[-105.73010569125074,35.97685030170103],[-105.7296582831403,35.976732158709254],[-105.72829461385423,35.97694778782061],[-105.72768349070161,35.97676615682881],[-105.72679463950551,35.976797159884974],[-105.72484063911587,35.97733768007924],[-105.72391046998773,35.97824871826965],[-105.72397792609172,35.979261627417465],[-105.72374474415868,35.98061883763424],[-105.72335049812945,35.98129055675774],[-105.72271388402388,35.9817103198575],[-105.72310672016803,35.98235148793078],[-105.72308394721442,35.98293818601996],[-105.72276513817549,35.98330658509359],[-105.72145648995682,35.98415067229591],[-105.7203863637152,35.98412520235413],[-105.71984930163387,35.98456702945148],[-105.7193849335124,35.984366580448345],[-105.71813155625131,35.98458664355403],[-105.7175502481493,35.98490565263555],[-105.71705960508446,35.98541785474069],[-105.71618176288668,35.98540162278917],[-105.71555782578821,35.985870079895534],[-105.7153512977904,35.98642088799002],[-105.7148990726899,35.98642872401742],[-105.71450339163452,35.98680672609698],[-105.71457695267061,35.98703000212613],[-105.71295082734393,35.98745326728384],[-105.71259318731934,35.98808397639905],[-105.71204821223171,35.988474684489184],[-105.71124481203785,35.988313889511694],[-105.71095244995018,35.988060365490654],[-105.70983713271282,35.98819947757619],[-105.70980075972433,35.98842301661177],[-105.70931150765789,35.98891346971367],[-105.70932238367708,35.98910388274155],[-105.70763051940857,35.99035720702742],[-105.70736541340293,35.99096800013426],[-105.70695094032648,35.991153988186156],[-105.70701920436905,35.99146476922875],[-105.70682159736421,35.99191276030736],[-105.70605083422132,35.992249996402585],[-105.70559126126588,35.99392803868058],[-105.70528920824427,35.994451368776524],[-105.70552494336556,35.995231733879706],[-105.70482237619187,35.995043563892295],[-105.70488106922906,35.99531788992997],[-105.70475200520876,35.99541511295203],[-105.70422053505182,35.99498237391803],[-105.7032329878628,35.9953467280299],[-105.70327416689436,35.9956010150656],[-105.70287560786088,35.996235306183735],[-105.70312795695227,35.99663234222855],[-105.70282921891001,35.99691246728785],[-105.70308359501426,35.997451380353844],[-105.70304194806785,35.99816706446344],[-105.70195509689106,35.998923319639786],[-105.70123075770351,35.99863338663837],[-105.69973730725778,35.997364447534935],[-105.6990162880662,35.99702003852521],[-105.69860212499708,35.99728867158949],[-105.69809262486227,35.99705229558359],[-105.69581799543114,35.99793942084848],[-105.69530796227005,35.997404658797954],[-105.69514393719577,35.99697677274339],[-105.694442733023,35.99679723675715],[-105.69408799688294,35.99610642767425],[-105.69307839963199,35.995822079690186],[-105.69211637736328,35.995214546654964],[-105.69178619029614,35.9952910586856],[-105.69106973118352,35.995835310808715],[-105.68699083732106,35.996410318131495],[-105.68558684994278,35.99568174310377],[-105.68288621029065,35.99514005017924],[-105.68150915796693,35.99496370023267],[-105.68025362471246,35.99526662635086],[-105.6777655051354,35.99503873846102],[-105.67707332993983,35.99457628543186],[-105.67641994577366,35.99435012343586],[-105.67602739468936,35.99439099646472],[-105.6754956145438,35.994088865450344],[-105.67499005436461,35.99333747936698],[-105.67445129221136,35.99296610934258],[-105.67354514498456,35.99269327535423],[-105.67303445987221,35.99271606938722],[-105.67181149554062,35.992058248359584],[-105.67016068014362,35.99174644640855],[-105.66891092980322,35.991056444377584],[-105.6679962045874,35.99093085541173],[-105.6673150654423,35.99101534746393],[-105.66601944612468,35.99070203949205],[-105.66531593893393,35.990323958476175],[-105.66412863165418,35.990165337521205],[-105.66345016350938,35.990247157572796],[-105.66210713018154,35.98993814660432],[-105.66187709910591,35.98966326757647],[-105.66134828297052,35.989470331578175],[-105.66077332083846,35.98943259160587],[-105.66002320669102,35.98966679968447],[-105.65971408660033,35.98942238266571],[-105.65912444246054,35.98933406768665],[-105.65871113231151,35.98869065261412],[-105.65819810717132,35.98840202860057],[-105.65718268199109,35.98893968874008],[-105.65678493090955,35.98902581777607],[-105.65638890180739,35.988872418776005],[-105.65549528950325,35.98768682465002],[-105.65461986627807,35.98735534065102],[-105.65452869224077,35.98716271562742],[-105.65471115520506,35.98629033748599],[-105.65417197401199,35.98546560539353],[-105.65324387777817,35.98517018440302],[-105.65205127252456,35.985323855495146],[-105.65153525338673,35.98507050048706],[-105.65075642422224,35.98518332754913],[-105.64971815597607,35.985028255586066],[-105.6477981744591,35.98403748454865],[-105.6468811691364,35.982700341401184],[-105.64540303666416,35.98109074824533],[-105.64510710454623,35.98050156417409],[-105.64471941444128,35.98029546416561],[-105.64316376807203,35.98005812822012],[-105.64250004978526,35.97848304202222],[-105.6421998445805,35.97691493080432],[-105.64249517154258,35.97572754860902],[-105.64132187517795,35.97456606150268],[-105.6400870289016,35.9745688785746],[-105.63992465688132,35.97475287261161],[-105.63971326681346,35.97451827958864],[-105.63881646960526,35.974435627628154],[-105.63698058523003,35.97484621479611],[-105.63594675195418,35.97434134278017],[-105.6350868626756,35.973361179682854],[-105.63484463656941,35.97276863460797],[-105.63531917757857,35.971659772414014],[-105.63529257255172,35.97142155437982],[-105.63481417941367,35.97106884235458],[-105.63424667020324,35.970118215244725]]},"properties":{"trail_name":"RIO QUEMADO","trail_no":"153","trail_type":"TERRA","gis_miles":9.338,"trail_surface":"NATIVE MATERIAL"}},{"type":"Feature","geometry":{"type":"LineString","coordinates":[[-105.65535262704026,35.833659670513356],[-105.65623900815655,35.832712329319776],[-105.65629128713245,35.83229921325455],[-105.65486746567247,35.83066812409077],[-105.65487384958452,35.829636385935075],[-105.65340926012752,35.82814476779461],[-105.65260697591746,35.827792575787676],[-105.6502785123719,35.82751128387905],[-105.64897318708536,35.82757603996374],[-105.64759981182985,35.828175694132966],[-105.64592329148576,35.828535599283434],[-105.64499179034084,35.82926954744748],[-105.64385082513057,35.829791525591624],[-105.64324631911296,35.83115068883105],[-105.64191657496183,35.83284206416217],[-105.64139358697187,35.83430965141319],[-105.64082339190585,35.83502109855311],[-105.640310414809,35.83522856561383],[-105.6397134936748,35.835222293647156],[-105.63948860460924,35.83504637963359],[-105.6391896444728,35.83424423352995],[-105.63830296626028,35.83408302755663],[-105.63745876412055,35.83465166269076],[-105.63589880189241,35.83604959699091],[-105.63521557081017,35.836865631153096],[-105.63418325164785,35.83765970733197],[-105.63197780626868,35.838983004658],[-105.63006739390369,35.83970776787694],[-105.62796770745587,35.839965784036465],[-105.62568505101297,35.84075344428622],[-105.62530259886844,35.8400738822059],[-105.62408767054211,35.83944815018145],[-105.62368815250494,35.84005156229527],[-105.62323470842654,35.84031829736152],[-105.62198860910785,35.839861305364266],[-105.6216478660447,35.84001298540668],[-105.62110631797509,35.840609387527614],[-105.62072972490078,35.840724944566695],[-105.62009056872328,35.840328987543806],[-105.61937732355611,35.840243206571806],[-105.61803180428693,35.84061433170504],[-105.61653477901804,35.84138110890658],[-105.61666626298587,35.840670045791875],[-105.6165621579269,35.840258432735865],[-105.6162959858313,35.83984352968866],[-105.61600436175999,35.839774329694954],[-105.61403245751785,35.84207624415509],[-105.61391644152059,35.84240826521175],[-105.61413668163165,35.843119939306284],[-105.61395098262749,35.84355182838206],[-105.61394735572458,35.84468118555238],[-105.613588246709,35.84542918268572],[-105.61303131160751,35.84569795975824],[-105.61203701048909,35.84690090199658],[-105.61199608856747,35.84791021515097],[-105.61153716558866,35.849340823392865],[-105.60957936126346,35.85064770770226],[-105.60768946797495,35.85220282604517],[-105.60579020462261,35.853046019281386],[-105.60389367338679,35.85522554371875],[-105.60312493934339,35.85671053898665],[-105.60170799914397,35.85807121927309],[-105.60061942295225,35.858672385426274],[-105.59941081677631,35.85976596466049],[-105.59940088783634,35.86048304976906],[-105.59871289586408,35.86257887212431],[-105.59816067699965,35.86556563460599],[-105.59796678213833,35.86766301393301],[-105.59754494614727,35.86885484113682],[-105.59569404305974,35.87262221281074],[-105.59493639714432,35.87555017829524],[-105.5942371271582,35.8775128796311],[-105.59412956019801,35.87824831774804],[-105.59427362828883,35.87892170684114],[-105.59421843341816,35.88055223108982],[-105.59315369154875,35.884798766790524],[-105.59278582551623,35.885372389898066],[-105.59254959458342,35.886754281119785],[-105.59123971441696,35.8882157434152],[-105.59096900644188,35.88919933657888],[-105.59080150156535,35.8910505688673],[-105.59043129558991,35.89228687207472],[-105.58909177942205,35.89380777838086],[-105.58852279939812,35.89499878559293],[-105.58737863629189,35.89672478591869],[-105.58719545030722,35.89737278902678],[-105.58671714525016,35.897948429141024],[-105.58484758395562,35.899379337464126],[-105.58253655451742,35.90029657773543],[-105.58171022034603,35.900455724806996],[-105.58004751204903,35.90132552603377],[-105.57764811656278,35.90191886826138],[-105.5763425023483,35.90281783847196],[-105.57589209531776,35.90362632561966],[-105.57484843418139,35.904748042848695],[-105.57405409510635,35.90593123607257],[-105.5739491281349,35.90652908716862],[-105.57319189605131,35.907518625361256],[-105.57272240406007,35.90882815158545],[-105.5709812158308,35.91067763196425],[-105.57068605481017,35.911200501059994],[-105.5700690627136,35.911680091167746],[-105.57004816272998,35.91192167020535],[-105.56827637444025,35.91315610649337],[-105.56648765026054,35.91569726497904],[-105.5654048780732,35.91633322313721],[-105.5649856750304,35.916921448249916],[-105.56401086883876,35.917230741352746],[-105.56388321284349,35.917612757417615],[-105.56365614778504,35.9175270704178],[-105.56342727875062,35.91772057646014],[-105.5626539926666,35.918746274659135],[-105.56239143260986,35.918771096678014],[-105.56228181261265,35.9190850597316],[-105.56169529752614,35.919601710843196],[-105.56110139241221,35.91982275391073],[-105.56084905040747,35.92041705001474],[-105.56002072327068,35.92097911714716],[-105.5596589982648,35.92184242529802],[-105.55887707612308,35.92222819640114],[-105.55877149513964,35.92268983947673],[-105.55811726001741,35.922970946556816],[-105.55801133907,35.92384684769476],[-105.5574903450884,35.92539754195825],[-105.55686274805966,35.926681941187795],[-105.55562806687531,35.927743310418805],[-105.55544570286486,35.928092420481875],[-105.55454494471542,35.92869538362463],[-105.55394181565026,35.92949958578046],[-105.55283264546145,35.930187265948],[-105.55275906947499,35.930531426004045],[-105.55229321539657,35.93083063207598],[-105.55206883738009,35.93121844114732],[-105.55104124619966,35.93179204629296],[-105.55056275613654,35.932299196396905],[-105.54998158501951,35.93245173445342],[-105.54906809987078,35.933095893603074],[-105.54894154087127,35.93342711566025],[-105.54841513879857,35.93394738276897],[-105.5483339398148,35.934342209833055],[-105.54746055766165,35.93483201495724],[-105.54591229145295,35.93642093928576]]},"properties":{"trail_name":"HAMILTON MESA","trail_no":"249","trail_type":"TERRA","gis_miles":11.812,"trail_surface":"NATIVE MATERIAL"}},{"type":"Feature","geometry":{"type":"LineString","coordinates":[[-105.52599928468693,35.93300792392114],[-105.52600432164051,35.93246295283876]]},"properties":{"trail_name":"BORDO DEL MEDIO","trail_no":"252","trail_type":"TERRA","gis_miles":0.04,"trail_surface":"NATIVE MATERIAL"}},{"type":"Feature","geometry":{"type":"LineString","coordinates":[[-105.5619719063092,35.881930022153625],[-105.56121103813197,35.881853983185955],[-105.56106600708416,35.8816777901678],[-105.56043504392787,35.881507387178395],[-105.5602454738458,35.88105258412076],[-105.55984438875889,35.88108691814904],[-105.55946997662369,35.880497619081765],[-105.55906132952701,35.88043948509655],[-105.55873368341715,35.880020758052304],[-105.55855816637768,35.88001944906217],[-105.5584034653114,35.87965589301633],[-105.55908502741434,35.87908139389054]]},"properties":{"trail_name":"BORDO DEL MEDIO","trail_no":"252","trail_type":"TERRA","gis_miles":0.37,"trail_surface":"NATIVE MATERIAL"}},{"type":"Feature","geometry":{"type":"LineString","coordinates":[[-105.55683578510941,35.89287929309899],[-105.55697673903214,35.891627811902325]]},"properties":{"trail_name":"BORDO DEL MEDIO","trail_no":"252","trail_type":"TERRA","gis_miles":0.092,"trail_surface":"NATIVE MATERIAL"}},{"type":"Feature","geometry":{"type":"LineString","coordinates":[[-105.4474887556189,35.81268947727115],[-105.4476180716299,35.81248002523206],[-105.44767754628913,35.80837610960764],[-105.44737115816547,35.80774034252898],[-105.44731575106022,35.80666463536939],[-105.44761772311738,35.8065410123334],[-105.44830104232544,35.80717363238999],[-105.4486679264139,35.80724417837968],[-105.44890702945477,35.80709523634346],[-105.44863335832082,35.806255059231994],[-105.44895392533192,35.805548740106744],[-105.44940248843,35.80551746707635],[-105.45007585661635,35.80592493109944],[-105.45046430270241,35.805911133075114],[-105.45085647160995,35.80381805073593],[-105.45098942862913,35.80369386470955],[-105.45173261979184,35.80364541465966],[-105.45194360088078,35.80412722672048],[-105.45248176002048,35.80434516072268],[-105.45687883904777,35.80480593354071],[-105.46025972476208,35.80428535726843],[-105.46207561216897,35.804274646162845],[-105.46308419338123,35.80410966908016],[-105.46353376544272,35.803652413985226],[-105.46441738959618,35.80313064385574],[-105.46635772885661,35.80109869943725],[-105.46797082111857,35.799936085169016],[-105.47198344793405,35.79894574378959],[-105.47455870549076,35.7986968496045],[-105.47540350462425,35.79804493445755],[-105.47730063307651,35.79835054139523],[-105.47782128225884,35.799110016480306],[-105.47808335132912,35.7992424234853],[-105.4782452682899,35.79836596134345],[-105.47866720336289,35.79811427528127],[-105.47863131539276,35.79855360834977],[-105.47888282348178,35.79893188039261],[-105.48143263611871,35.799680154359834],[-105.48241299038085,35.80016761437745],[-105.483643124648,35.80006386929135]]},"properties":{"trail_name":"LONE PINE MESA","trail_no":"214","trail_type":"TERRA","gis_miles":3.097,"trail_surface":"NATIVE MATERIAL"}},{"type":"Feature","geometry":{"type":"LineString","coordinates":[[-105.52557423710373,35.92741521010327],[-105.52569738011074,35.927178653060544]]},"properties":{"trail_name":"BORDO DEL MEDIO","trail_no":"252","trail_type":"TERRA","gis_miles":0.019,"trail_surface":"NATIVE MATERIAL"}},{"type":"Feature","geometry":{"type":"LineString","coordinates":[[-105.65140924771485,35.90910480808872],[-105.6518357058319,35.90935193010125],[-105.65278989604462,35.90934135104461],[-105.65241645502823,35.91011261018203],[-105.65343831623308,35.9098377700818],[-105.65326618421975,35.910126669135124],[-105.65389823036337,35.91015107210232],[-105.65362304132331,35.91039819615534],[-105.65373589835711,35.91049636016359],[-105.65362181634514,35.91065183619352],[-105.65400588544942,35.910861435202854],[-105.65385081642714,35.91100430723324],[-105.6546260236121,35.91113494120816],[-105.6544779345936,35.91130281824195],[-105.6549524087308,35.91165801226796],[-105.6545761536631,35.91184764631816],[-105.65475795572134,35.91204883333789],[-105.65400513862822,35.912913680511295]]},"properties":{"trail_name":"EAST BALDY","trail_no":"275","trail_type":"TERRA","gis_miles":0.5740000000000001,"trail_surface":"NATIVE MATERIAL"}},{"type":"Feature","geometry":{"type":"LineString","coordinates":[[-105.74486232651357,35.896397057787524],[-105.7419229877333,35.89498371674505],[-105.74053737134528,35.89408539969029],[-105.74026235222173,35.893372645599214],[-105.73985912109872,35.892995450565884],[-105.73978357701523,35.892231571455596],[-105.73938368887573,35.8916565703924],[-105.73896591467427,35.890415869230296],[-105.73872033253755,35.889476712103516],[-105.73878761246836,35.88850983695453],[-105.73797789921237,35.8876493468721],[-105.73734655104188,35.88731241185796],[-105.737417643042,35.8871309458266],[-105.73589558062643,35.88626688778473],[-105.73522981445386,35.885994222782195],[-105.73453364929617,35.885970054818735],[-105.73158090270235,35.88673117510327],[-105.72999115845737,35.887999008385314],[-105.73014938263006,35.889575122612776],[-105.72954057746794,35.88927697860313],[-105.72920327539508,35.889306079626955]]},"properties":{"trail_name":"PANCHUELA WEST","trail_no":"243","trail_type":"TERRA","gis_miles":1.508,"trail_surface":"NATIVE MATERIAL"}},{"type":"Feature","geometry":{"type":"LineString","coordinates":[[-105.87485221366457,35.851980009631305],[-105.87363551534234,35.85139426461371],[-105.87331457528543,35.851562797657465],[-105.87271904023365,35.85249387883123],[-105.87225849512427,35.85241725484634],[-105.87222246905688,35.851734309746085],[-105.87122301173946,35.85064752464092],[-105.87077306563529,35.85060334666025],[-105.87029522946443,35.849863255576935],[-105.86985774733532,35.84950078354784],[-105.86984542831176,35.84926101551267],[-105.87019797436183,35.8489329214432],[-105.8702616413518,35.84865434139783],[-105.86954193014316,35.84810077535637],[-105.86944147604252,35.84720049422727],[-105.86918228995042,35.84680640618322],[-105.86791476559401,35.845957285129],[-105.86729386038004,35.845088589034646],[-105.86603396002876,35.844279526986064],[-105.86588562495511,35.84381232992457],[-105.86524023174853,35.84309142785377],[-105.86457852859795,35.843056457886675],[-105.8641677215251,35.84327278994274],[-105.86249541511908,35.84289178698203],[-105.86073493975238,35.84318926912798],[-105.86015708264806,35.84347247720374],[-105.86007451461634,35.84331904618551],[-105.859396996452,35.84316650020165],[-105.85920746338911,35.84292925417703],[-105.85801640115203,35.84325748929483],[-105.85777043607919,35.843050864278055],[-105.85702628090769,35.84298715931138],[-105.8560026146347,35.84247289629327],[-105.85477092340528,35.842993777442274],[-105.8546730013561,35.842679338400835],[-105.85451631533348,35.84282145843113],[-105.85378286413172,35.84238169840748],[-105.85317557703226,35.84279557250448],[-105.8527264139333,35.84281033153258],[-105.85180474476837,35.84327760265568],[-105.85014459641906,35.8435189107875],[-105.84946587528906,35.843765479863556],[-105.84824543101934,35.84379372693809],[-105.84723548881821,35.84407182203795],[-105.84715349477406,35.84377458499816],[-105.84671923868423,35.84385540603526],[-105.84555710337592,35.84329093401759],[-105.84512571122656,35.84267924095075],[-105.84409905091782,35.84176149387236],[-105.84364265676223,35.84114287080588],[-105.84390764680528,35.84095785276289],[-105.84381878876235,35.84069138672804],[-105.8430504195206,35.83988188165093],[-105.84273489535427,35.83877694850351],[-105.84225250721397,35.838400888474894],[-105.84246506126058,35.838391218461204],[-105.84225515319515,35.838177516441256],[-105.84261423527505,35.83817471342012],[-105.84218160014632,35.837804067389506],[-105.84204753508675,35.83746253134601],[-105.84148394394559,35.83728485735185],[-105.84035876761308,35.83634660427593],[-105.84041602257916,35.83580873919199],[-105.83888672121347,35.8355257862376],[-105.83883361521285,35.83565550226011],[-105.83837504811375,35.835691829291996],[-105.83528891836404,35.834987097363964],[-105.8341044790307,35.834191699312875],[-105.83263348568629,35.83400484436951],[-105.83176616846367,35.83366933436917],[-105.83039712803955,35.83230212224293],[-105.8298054919138,35.83237425428776],[-105.82979581494176,35.832721083340346],[-105.82894175977953,35.833048086438566],[-105.82607257413909,35.83304476660319],[-105.82158263105022,35.832043157711404],[-105.82086295389486,35.83210366676188],[-105.81883599537669,35.83134487876472],[-105.81708839096007,35.83103822481924],[-105.81592294965611,35.830532896810496],[-105.81466737937963,35.830575987889226],[-105.81440623530023,35.83033217186766],[-105.81322638804546,35.83043128695044],[-105.81075199845665,35.8300094980295],[-105.81042667637341,35.829887588029955],[-105.80854021981538,35.828308228901484],[-105.80812395071008,35.82816582790406],[-105.80805793567829,35.82796874687827],[-105.80649753627424,35.8273261528716],[-105.80604691813843,35.82692026583661],[-105.80425478168681,35.82632543385043],[-105.8039461785544,35.825593121758246],[-105.80247502613385,35.82453000068333],[-105.80094170873701,35.82390069767701],[-105.80054101061376,35.823511124641584],[-105.7994053193316,35.82318096265736],[-105.79899170320812,35.822821645627215],[-105.79731982682127,35.82266442369972],[-105.79657468761658,35.82222234667619],[-105.79618434349142,35.82178343363275]]},"properties":{"trail_name":"RIO NAMBE","trail_no":"160","trail_type":"TERRA","gis_miles":5.914,"trail_surface":"NATIVE MATERIAL"}},{"type":"Feature","geometry":{"type":"LineString","coordinates":[[-105.8155966353634,35.96553753705137],[-105.81532445732964,35.96584551411319],[-105.81503549526691,35.965866162133],[-105.81521489833774,35.96621681417505],[-105.81477060325767,35.96643516323349],[-105.81448771223624,35.96691048832095],[-105.81397904609281,35.966570202299565],[-105.81336383497793,35.96682696037367],[-105.81228902474537,35.96691165044866],[-105.81191241370286,35.9673859745414],[-105.81194630074125,35.96773705559196],[-105.81164920574805,35.96857068373381],[-105.81143685669764,35.9685369847411],[-105.8112316116169,35.96813882569347],[-105.81100074157692,35.96827075472657],[-105.81082742053096,35.96818822872431],[-105.8105660185115,35.96863150680574],[-105.80922848624873,35.96904087694452],[-105.80898239016851,35.9687532069158],[-105.80899904605168,35.96737926670935],[-105.80798765377327,35.96678074667848],[-105.80810159874284,35.96614363457663],[-105.80733600353354,35.9657072535557],[-105.80604179123343,35.96558109361189],[-105.80489706089446,35.96463199953627],[-105.80340492843392,35.963180324405656],[-105.8035926474034,35.96235445627123],[-105.80324128325037,35.961504875164515],[-105.80261531506888,35.96102963512973],[-105.80239701997444,35.960508202064375],[-105.80133754564764,35.959479933971934],[-105.80073423748654,35.95917917496191],[-105.79949803512224,35.95817386288314],[-105.79755672267216,35.957986010967524],[-105.79643602539198,35.95764584998157],[-105.79532191605647,35.95665687289819],[-105.79502334498093,35.956556424900434],[-105.79425061284223,35.95694288100303],[-105.79335082763673,35.956891335047466],[-105.79296753456524,35.957052904093864],[-105.7927349835492,35.95746272716865],[-105.79242708149523,35.957631513211766],[-105.79043398308839,35.95806958739279],[-105.79004220202488,35.95834308145642],[-105.78943584589604,35.95841907850295],[-105.78814220358743,35.958195400544426],[-105.78779598148587,35.95791903052312],[-105.78760373830502,35.95634597229884],[-105.78595115884674,35.955329316242434],[-105.7855982987043,35.95460391215431],[-105.78407296924998,35.953308073048696],[-105.78381707013057,35.95259745895712],[-105.78303090490769,35.952058721922036],[-105.78279620982029,35.951659127875836],[-105.78275690476845,35.95116798080456],[-105.7824371256635,35.950785598765854],[-105.78238933557626,35.94991127563774],[-105.78178394544678,35.94997769968275],[-105.7812815373715,35.95039968277499],[-105.78039692420734,35.95078169888342],[-105.7799003581488,35.9513796670017],[-105.77954396605254,35.951190033993974],[-105.77901588085767,35.950312290893166],[-105.77809488062869,35.95004750690684],[-105.77772934855888,35.95018270894827],[-105.77669952923684,35.94913376985083],[-105.77572162598204,35.94871904284539],[-105.7753458358664,35.948357890813035],[-105.77515558878257,35.94788565175336],[-105.77436601365062,35.94839361087514],[-105.77237801026384,35.949049630088524],[-105.77124159398124,35.94872268510532],[-105.76939386360158,35.94910223026913],[-105.76912645750544,35.948686633222415],[-105.76847410933543,35.94841010321876],[-105.76814716323163,35.94805891018514],[-105.76724121802832,35.94804905623607],[-105.7670876519754,35.94783663521319],[-105.76710601691296,35.94707713309839],[-105.7666123287814,35.946833949090504],[-105.76672744478708,35.94660561504965],[-105.7666651856758,35.945493666886755],[-105.76605496048639,35.944887805831286],[-105.76615097135928,35.943190190571514],[-105.76602822221061,35.94180519337116],[-105.76627272319202,35.94096856723167],[-105.76586811000132,35.93982281108349],[-105.76534489286553,35.93960745808146],[-105.76461572960565,35.938499356957664],[-105.76386079340463,35.938130368946084],[-105.76282442605645,35.93679778280642],[-105.76285289503433,35.93647236575602],[-105.76263535595837,35.936159994721805],[-105.76192632777337,35.93585606571731],[-105.76053831836853,35.93477479963558],[-105.76028887828616,35.93447040860442],[-105.76023827024116,35.93408501054961],[-105.75983324312553,35.93379795753001],[-105.75956607199619,35.93300206842625],[-105.75835731167061,35.932368228401145],[-105.75708521527534,35.931099262284576],[-105.75680295915295,35.93042089819924],[-105.75696366315289,35.9300094621283],[-105.75644241096217,35.92916041203121],[-105.75605865785441,35.9289087770157],[-105.75663785896462,35.928688941949275],[-105.75721122004134,35.92810029582786],[-105.75722156400438,35.92765127075999],[-105.75844433921131,35.92689244857553],[-105.75874919322361,35.92625336146218],[-105.75923834929525,35.92582205636924],[-105.75928730526859,35.92539176630193],[-105.75997565437692,35.924871457184125],[-105.76060942345242,35.9241148130341]]},"properties":{"trail_name":"RIO MOLINO","trail_no":"227","trail_type":"TERRA","gis_miles":6.281,"trail_surface":"NATIVE MATERIAL"}},{"type":"Feature","geometry":{"type":"LineString","coordinates":[[-105.65987069450424,35.9422619575805],[-105.66027597060564,35.94238403957539],[-105.66053812870629,35.942863943632254],[-105.66151590888398,35.942392121504874],[-105.66239807808417,35.94242235645844],[-105.66276008019801,35.942797808493864],[-105.66285167727106,35.943398756578794],[-105.6626269433922,35.945359059886066],[-105.66208928838024,35.94659886210328],[-105.66102908223687,35.94767339932584],[-105.66013625007238,35.94807896643839],[-105.65964611000386,35.94855018553743],[-105.65848703378768,35.94904534167879],[-105.65819197077363,35.949640116785176],[-105.65702938457224,35.95031400495356],[-105.65651094942295,35.94993446292655],[-105.65594830131997,35.95019724899854],[-105.65484576608989,35.950389725091206],[-105.65466768607517,35.95067679314464],[-105.65326246579606,35.95108374528701],[-105.65254134368033,35.95160699040726],[-105.65086528632666,35.95185443754136],[-105.6494755450714,35.95249399971775],[-105.64925302005354,35.952859775785505],[-105.64937459916096,35.95377627891612],[-105.6499900813861,35.95477387403027]]},"properties":{"trail_name":"VIGIL LAKE","trail_no":"352","trail_type":"TERRA","gis_miles":1.578,"trail_surface":"NATIVE MATERIAL"}},{"type":"Feature","geometry":{"type":"LineString","coordinates":[[-105.63787892815935,35.92600630740961],[-105.63854054226968,35.92557235730619],[-105.63971701342854,35.924374154058185],[-105.64034370953928,35.92403436897096],[-105.64225468876477,35.92171409451196],[-105.64289534187635,35.921348645420046],[-105.64383178506324,35.92108723132673],[-105.64537470339174,35.920892058208324],[-105.64633595451895,35.919883368001265],[-105.64706227657781,35.91869391878056],[-105.64761586165433,35.918149802666875],[-105.64912581891649,35.917279136448855],[-105.6485580116877,35.916113767306555],[-105.64771367245703,35.91563705728366],[-105.64692470421568,35.914895468217736],[-105.6468622820863,35.9135724190225],[-105.64646119095895,35.91314194498098],[-105.64617687983225,35.912419582888795],[-105.64479316051232,35.912303800951285]]},"properties":{"trail_name":"TRAILRIDERS","trail_no":"164","trail_type":"TERRA","gis_miles":1.401,"trail_surface":"NATIVE MATERIAL"}},{"type":"Feature","geometry":{"type":"MultiLineString","coordinates":[[[-105.89145574665466,35.82077473600046],[-105.89052239543038,35.820587569026095],[-105.88897935902985,35.819934669017115],[-105.8882054538956,35.82037481812759],[-105.88716368267379,35.82049474520552],[-105.88634930952463,35.82086785830827],[-105.88532853126242,35.82046786330715],[-105.88403758188561,35.81944132422759],[-105.88275119355332,35.81891607422291],[-105.88212401740108,35.81877241323749],[-105.88131141823362,35.81893021430789],[-105.87978098083885,35.81831168830321],[-105.87851930555628,35.81829683437362],[-105.87668725810029,35.81774796339674],[-105.87527769877018,35.817565122450475],[-105.87516140372574,35.81735174442517],[-105.8747090496081,35.81715724442202],[-105.87393155746491,35.817505506518984],[-105.8718714900314,35.817802414682035],[-105.87053653877965,35.81833103883804],[-105.86937236751987,35.81832803090461],[-105.8684184693252,35.81853614599068],[-105.86773175414142,35.81818182697705],[-105.86692642395934,35.81815272701903],[-105.86610457374884,35.817838694019244],[-105.86567410565726,35.8178893970516],[-105.86507967055142,35.818196972131936],[-105.8647740325442,35.818899884254904],[-105.86447103348435,35.818988536285616],[-105.86339916919506,35.81840852326035],[-105.86209446988322,35.818167392299266],[-105.86171917677794,35.81791827228346],[-105.85999018535813,35.81752295732367],[-105.85913723713463,35.817139372315204],[-105.85894084606406,35.8168302592802],[-105.85914404207139,35.81639267720287],[-105.85868381194932,35.81616831119571],[-105.85810512782419,35.816213550235766],[-105.85773681577416,35.8165833763124],[-105.85748916872166,35.816614643331334],[-105.85720974164754,35.816478685327034],[-105.85695980755266,35.81602716427369],[-105.8558683832519,35.81536530523723],[-105.85477865602546,35.81555682632861],[-105.85384131386175,35.8160793624609],[-105.85315668167699,35.815709308444816],[-105.85185349327067,35.81437478031959],[-105.85115336891229,35.812041888009965],[-105.85041002668447,35.811326202945374],[-105.84937688540312,35.81073837491664],[-105.84860925513917,35.80966766480012],[-105.84807610700223,35.809460362799705],[-105.8465937555586,35.808155889689225],[-105.84418107396044,35.80746217872384],[-105.84284675768386,35.807705553837046],[-105.84141104229805,35.80694808080597],[-105.84029448804263,35.806874783859115],[-105.83806108256837,35.80715069502891],[-105.83685141127252,35.806850700053396],[-105.83581081199702,35.80635024103814]],[[-105.83362557682096,35.798397532970135],[-105.83236190449948,35.797940121974065],[-105.8318366854162,35.798331550063],[-105.8307949791873,35.798372060128955],[-105.83006225007304,35.798940472256376],[-105.82937933189345,35.79862566824831],[-105.82891191372343,35.797866678161206],[-105.8284727716156,35.797752517169315],[-105.82818091159906,35.798314002270416],[-105.82789108453728,35.79834681529195],[-105.82758502144459,35.79806525726728],[-105.82728874037555,35.798030958279156],[-105.82665097126416,35.7983876133693],[-105.82600943301165,35.797124079216495],[-105.82513153979488,35.796882456230605],[-105.82447721760325,35.79635517318904],[-105.82296016324366,35.79611090123952],[-105.82209990608193,35.79645994734134],[-105.82090576683183,35.79664870443825],[-105.8202049146269,35.79608794139431],[-105.81934160542389,35.79596793942593],[-105.81904827734171,35.79577454641371],[-105.81863602015913,35.794727771280165],[-105.81830908706212,35.79444959125716],[-105.81701748777722,35.7944877823371],[-105.8165469486862,35.794649206388364],[-105.81556739346105,35.79457335143321],[-105.81459065118688,35.79392334439169],[-105.81400696098731,35.79312178230482],[-105.81217712160101,35.793376942448226],[-105.81108376939066,35.793765833569395],[-105.80953629502872,35.79357357462936],[-105.80855103981384,35.79363177069467],[-105.8075330005357,35.79304244866461],[-105.80724002846829,35.79301910767795],[-105.8066801533567,35.793174035733344],[-105.80612246228382,35.79377003385487]]]},"properties":{"trail_name":"RIO EN MEDIO","trail_no":"163","trail_type":"TERRA","gis_miles":5.724,"trail_surface":"NATIVE MATERIAL"}},{"type":"Feature","geometry":{"type":"LineString","coordinates":[[-105.53616161804227,35.92239985973724],[-105.5367422640994,35.9215603525773]]},"properties":{"trail_name":"BORDO DEL MEDIO","trail_no":"252","trail_type":"TERRA","gis_miles":0.069,"trail_surface":"NATIVE MATERIAL"}},{"type":"Feature","geometry":{"type":"LineString","coordinates":[[-105.52440906663477,35.936501153538956],[-105.52447331862548,35.93622920749428]]},"properties":{"trail_name":"BORDO DEL MEDIO","trail_no":"252","trail_type":"TERRA","gis_miles":0.02,"trail_surface":"NATIVE MATERIAL"}},{"type":"Feature","geometry":{"type":"LineString","coordinates":[[-105.4808789980127,35.788292015668794],[-105.48126562612973,35.78864274769976],[-105.4809933951515,35.789604551860826],[-105.48134726528892,35.79027713194236],[-105.48152255132892,35.7902847129335],[-105.4815985353861,35.790750518999594],[-105.48188975448717,35.79116441104552],[-105.48163259842558,35.79112007605354],[-105.48193713855696,35.79185118414675],[-105.48183039853906,35.79192123816345],[-105.48190935461983,35.792652863269616],[-105.48173418962881,35.79321295936434],[-105.48157161458373,35.79311324135853],[-105.4814927695835,35.79331602939377],[-105.4813655425438,35.793186973381516],[-105.48107961851662,35.79361601346276],[-105.48097199754162,35.794186481555236],[-105.48123451662656,35.79448775358579],[-105.48093364959774,35.79493726867097],[-105.480277101471,35.795176636744806],[-105.47956855538003,35.79596616390476]]},"properties":{"trail_name":"BLUE BELL","trail_no":"10","trail_type":"TERRA","gis_miles":0.7220000000000001,"trail_surface":"NATIVE MATERIAL"}},{"type":"Feature","geometry":{"type":"LineString","coordinates":[[-105.77050703218988,35.90723518693206],[-105.76975667322006,35.90950151131511],[-105.76884864908439,35.91027160148301],[-105.76807178692637,35.91044968555457],[-105.76739244983978,35.911196674705856],[-105.76527068236936,35.91123916283475],[-105.76285154179875,35.91089475692289],[-105.76155459546808,35.91042721592774],[-105.7598622271461,35.91107063412197],[-105.75907794398185,35.91119713918628],[-105.7583208409057,35.91226309438983],[-105.75743391273622,35.912592172490385],[-105.75751856584102,35.9135753476329],[-105.75662917177148,35.91505544790622],[-105.75435673139864,35.91660199026936],[-105.75357388223203,35.916697801328965],[-105.75298664308627,35.91653121133793],[-105.75142750473415,35.916489590421804],[-105.7498162643882,35.916651932539196],[-105.74815299397731,35.91620395156817],[-105.74680569966334,35.91605753662405],[-105.74583189347427,35.916385123729455],[-105.74362332911377,35.91791033208582],[-105.74180724099702,35.9212218816873],[-105.74149069994408,35.921426043736204]]},"properties":{"trail_name":"AGUA SARCA","trail_no":"228","trail_type":"TERRA","gis_miles":2.247,"trail_surface":"NATIVE MATERIAL"}},{"type":"Feature","geometry":{"type":"LineString","coordinates":[[-105.59900507171227,35.906079282656435],[-105.59904934966849,35.905462598561066],[-105.59865116750908,35.904657176462855],[-105.5993681176071,35.90393765531324],[-105.59936379548267,35.902519999100164],[-105.59976720154532,35.90220150002898],[-105.5997923295023,35.90164291394347],[-105.60069843160657,35.900508510720535],[-105.60080917955494,35.899630665582066],[-105.60039817140638,35.89898234550816],[-105.6002741992858,35.897916255354865],[-105.59908889890288,35.896568386220366],[-105.59824659667235,35.896088949196724],[-105.59733611045469,35.895932565225664],[-105.59657095324634,35.895508904206],[-105.59633036516504,35.89519427617248],[-105.59590741578687,35.89193758770669],[-105.59546676758822,35.89078952255925],[-105.59489350838595,35.88994132146458],[-105.59503121320004,35.88744949108148],[-105.59404383872564,35.884538664700145],[-105.59403507564264,35.883606396560246],[-105.59370063250027,35.88283162446283]]},"properties":{"trail_name":"LARKSPUR","trail_no":"260","trail_type":"TERRA","gis_miles":1.876,"trail_surface":"NATIVE MATERIAL"}},{"type":"Feature","geometry":{"type":"LineString","coordinates":[[-105.53825677423293,35.91919377913354],[-105.53891000030225,35.918307693962376],[-105.54046808754732,35.91710862169197]]},"properties":{"trail_name":"BORDO DEL MEDIO","trail_no":"252","trail_type":"TERRA","gis_miles":0.197,"trail_surface":"NATIVE MATERIAL"}},{"type":"Feature","geometry":{"type":"LineString","coordinates":[[-105.55078933261701,35.90280595394272],[-105.55252829475151,35.89986998440025]]},"properties":{"trail_name":"BORDO DEL MEDIO","trail_no":"252","trail_type":"TERRA","gis_miles":0.23600000000000002,"trail_surface":"NATIVE MATERIAL"}},{"type":"Feature","geometry":{"type":"MultiLineString","coordinates":[[[-105.52569738011074,35.927178653060544],[-105.52588741613008,35.92691152400939]],[[-105.52590048613143,35.92689306300583],[-105.52590719713211,35.92688398500406]]]},"properties":{"trail_name":"BORDO DEL MEDIO","trail_no":"252","trail_type":"TERRA","gis_miles":0.023,"trail_surface":"NATIVE MATERIAL"}},{"type":"Feature","geometry":{"type":"LineString","coordinates":[[-105.51963814201136,35.94162693358628],[-105.51979937201621,35.94126778552285]]},"properties":{"trail_name":"BORDO DEL MEDIO","trail_no":"252","trail_type":"TERRA","gis_miles":0.028,"trail_surface":"NATIVE MATERIAL"}},{"type":"Feature","geometry":{"type":"LineString","coordinates":[[-105.53402015132107,35.9425655028973],[-105.53490067949038,35.942241754797685],[-105.53616817467632,35.94111393755474],[-105.5384775370863,35.93987438523477],[-105.54006870935048,35.938810454982786],[-105.54263169484221,35.93785603669116],[-105.54412575608498,35.93679678144542],[-105.5455505283652,35.93634560329529],[-105.54638011857033,35.93656304128012],[-105.54780440189617,35.9366351982088],[-105.54820807000465,35.93684061121642],[-105.54934980526149,35.936848967151725],[-105.54933676229369,35.937250937213015],[-105.54958359137848,35.937588413249536],[-105.54992249246413,35.93769820224652],[-105.55425875132602,35.93642880480508],[-105.55591356462867,35.935643140591345],[-105.55594004968222,35.936188873671966],[-105.55646302882333,35.93646114668277],[-105.55655430087019,35.93676382272302],[-105.55704302002204,35.93724708776749],[-105.55719154609717,35.937726434831056],[-105.55738432814826,35.93781623083344],[-105.55813208329056,35.937524926746455],[-105.55922535853202,35.93748163967684],[-105.56141041297693,35.93696406347276],[-105.56157069498778,35.936676942420306],[-105.56234726712005,35.93619685530325],[-105.5633478543238,35.93595981320978],[-105.56371489942771,35.936207700225914],[-105.56419441553541,35.93620901719841],[-105.56487832678785,35.93734351632967],[-105.56511664084873,35.93742842932865],[-105.56545570892348,35.93741416730694],[-105.56634212008332,35.93696779118859],[-105.56746428832489,35.93685220310643],[-105.56873781470087,35.93788699118854],[-105.5695334418957,35.938074787170855],[-105.57141827228477,35.93769002200415],[-105.57315747367053,35.93764171389645],[-105.57540527222397,35.93820698385167],[-105.57735777961932,35.937720872665814],[-105.57829627883001,35.93772389161202],[-105.57845005187842,35.937883329627155],[-105.5789901110049,35.937944931605244],[-105.57926508109917,35.938318852645615],[-105.58019910335781,35.93888236867642],[-105.58130724561137,35.93894102562121],[-105.58434880220331,35.937910065290524],[-105.58585366542687,35.93660689200761],[-105.58638670652164,35.93632327293416],[-105.58954166514805,35.935397202612705],[-105.58969138616641,35.93522291357787],[-105.58959157412419,35.934995871549496],[-105.58983030910814,35.9341987354158],[-105.59036002717203,35.933570431290725]]},"properties":{"trail_name":"GASCON","trail_no":"239","trail_type":"TERRA","gis_miles":3.801,"trail_surface":"NATIVE MATERIAL"}},{"type":"Feature","geometry":{"type":"LineString","coordinates":[[-105.39973537162021,35.73981560795712],[-105.39952918370771,35.74137626020569],[-105.39919019569129,35.742073381330755],[-105.3992807337963,35.74306054047536],[-105.39954959689513,35.74350796252795],[-105.40018974307898,35.743974385562204],[-105.40019711616203,35.74492295670574],[-105.39987488013529,35.745455332804845],[-105.40085317035754,35.745483371753345],[-105.40022831532443,35.7467345089788],[-105.39933933219822,35.74759208515957],[-105.3991143812005,35.748208025265825],[-105.39922635227558,35.74878929934765],[-105.39996400652754,35.749793693457946],[-105.40010246064776,35.75083160560753],[-105.39991740963472,35.75116458466853],[-105.39839655540379,35.75245628695122],[-105.39793706637863,35.75336669611557],[-105.39721696327551,35.75405101826041],[-105.39723111631938,35.75452489233151],[-105.39682147526315,35.754942358418205],[-105.39723139437639,35.75518815643207],[-105.39687665939418,35.7563245006247],[-105.3975158675415,35.75636674659461],[-105.39775606362048,35.756657354625],[-105.39830303575144,35.756750818608]]},"properties":{"trail_name":"LAS DISPENSAS","trail_no":"222","trail_type":"TERRA","gis_miles":1.498,"trail_surface":"NATIVE MATERIAL"}},{"type":"Feature","geometry":{"type":"LineString","coordinates":[[-105.6638508479846,35.89170984075672],[-105.66315691884527,35.89189393982441],[-105.66267676373359,35.891845530844826],[-105.66250047664465,35.89127718176956],[-105.66216338754545,35.89100405174792],[-105.66122224432178,35.89085505477976],[-105.66090213621273,35.890425415733645],[-105.66069304516755,35.89044376074844],[-105.65961656785544,35.88962691368769],[-105.65860668059833,35.889270420692355],[-105.65814192845694,35.888841157654596],[-105.65740929527246,35.88860636066153],[-105.65646489199725,35.88787296660567],[-105.6561031958543,35.88716110751952],[-105.65607846981254,35.886744870458344],[-105.65541988060097,35.88600780238549],[-105.655231164505,35.88539002630346],[-105.6530345229301,35.884434866286426],[-105.65256397675832,35.88367165019877],[-105.65290445974642,35.88265864902684],[-105.65232073865319,35.88308916312523],[-105.65241026964645,35.88278118607373],[-105.65222697258896,35.88259188005584],[-105.6524786426205,35.88230704599847],[-105.65252078659177,35.88186811093008],[-105.65226645255754,35.88212903198397],[-105.65201340850321,35.88215605700257],[-105.65254528351636,35.88093805878879],[-105.65237440032644,35.87919415653633]]},"properties":{"trail_name":"RITO PERRO","trail_no":"256","trail_type":"TERRA","gis_miles":1.454,"trail_surface":"NATIVE MATERIAL"}},{"type":"Feature","geometry":{"type":"LineString","coordinates":[[-105.51978723401508,35.94128669252641],[-105.52128468120956,35.93966402019562]]},"properties":{"trail_name":"BORDO DEL MEDIO","trail_no":"252","trail_type":"TERRA","gis_miles":0.14400000000000002,"trail_surface":"NATIVE MATERIAL"}},{"type":"Feature","geometry":{"type":"LineString","coordinates":[[-105.55289167772096,35.89858186018529],[-105.55312016472234,35.89800931308589],[-105.55388049683971,35.897397905949965],[-105.55429907090725,35.89709537988029],[-105.55514692707723,35.89686363579653],[-105.55569378115841,35.89638714769325]]},"properties":{"trail_name":"BORDO DEL MEDIO","trail_no":"252","trail_type":"TERRA","gis_miles":0.231,"trail_surface":"NATIVE MATERIAL"}},{"type":"Feature","geometry":{"type":"LineString","coordinates":[[-105.59043918443112,35.93633502370187],[-105.5902318112139,35.934379206419784],[-105.59046847315703,35.933120617216794],[-105.59124381023551,35.93202811800774],[-105.59413200166898,35.92957752647242],[-105.59449858356068,35.92739453712296],[-105.59643727187093,35.92597020279682],[-105.5968639539026,35.92523700666194],[-105.59693421286558,35.924632415566926],[-105.59746231295071,35.92425149347917],[-105.5975829679213,35.92360447737488],[-105.59798201294349,35.9228336252359],[-105.59916470417294,35.92242521110623],[-105.59975805224717,35.921751217970595],[-105.59979070318425,35.92094639884765],[-105.59913221293974,35.91983454871845],[-105.59931011688666,35.91876897754788],[-105.5990583157636,35.918004595447414],[-105.59915921375514,35.917648706388086],[-105.59997700685486,35.916690071196676],[-105.60002369381557,35.916119439108144],[-105.59874974146437,35.915366356068404],[-105.59871659043945,35.915165232040046],[-105.59905998349858,35.91496090298948],[-105.59908020448886,35.91479749796375],[-105.59818592022667,35.914089385908774],[-105.59892029233016,35.91338822676098],[-105.59891197427393,35.912764318667584],[-105.59910001426941,35.912229318576216],[-105.59880993904838,35.91043849432357],[-105.59820101483886,35.90960033423259],[-105.5984598498638,35.9092213041606],[-105.59829034268816,35.907640965932586],[-105.59900863771259,35.90607407565544],[-105.59988009882301,35.9050992274585],[-105.6006392708885,35.90389766023393],[-105.60142875501276,35.90329329309748],[-105.60192487695946,35.901405181784746],[-105.60302655796973,35.89868731931226],[-105.60467175324077,35.89756648404876],[-105.60417764311815,35.897429421056685],[-105.60355959199275,35.897579770114895],[-105.60270021176075,35.897127009096266],[-105.60265540173556,35.89695326307274],[-105.60370522988363,35.8959516098615],[-105.60411923687805,35.89482144966755],[-105.6052798110077,35.89332340037521],[-105.60904833650784,35.88936711056271],[-105.61040164863596,35.8873546101819],[-105.61251097092018,35.88518886573443],[-105.61378705612711,35.8842811585243],[-105.61443712718679,35.88329293833813],[-105.6150096852774,35.88285952323996],[-105.6151987652919,35.88253936318088],[-105.61503404320213,35.88193170609893],[-105.61520600821783,35.88166902304944],[-105.61595810435934,35.88135838095941],[-105.61783362175245,35.88104782080467],[-105.61852072886502,35.880571987693486],[-105.61944822008074,35.8806638426539],[-105.61936620803944,35.88040015761892],[-105.62009407608284,35.87902390136989],[-105.62014626394794,35.877337869113106],[-105.62201162636032,35.877274530996225],[-105.62226128138226,35.876884272923064],[-105.62285239048717,35.8765675708414],[-105.62360873255639,35.87541502462441],[-105.62502908485507,35.87519100750891],[-105.62530034689993,35.87500859946585],[-105.62530880583851,35.874280079355714],[-105.62487628864119,35.873123991206604],[-105.6247255155191,35.87210798206235],[-105.6249405994473,35.870726688842076],[-105.62523501446043,35.87011905673371],[-105.62620469162239,35.86948330658219],[-105.62965486231695,35.86858385324823],[-105.63208488571873,35.86694446586163],[-105.63239881770424,35.865968434696676],[-105.63282320873725,35.865253877564726],[-105.63264587255937,35.86366359533552],[-105.63335603962378,35.862573728130656],[-105.63421467676669,35.862004793995624],[-105.63564300795855,35.86053098469161],[-105.63800895338237,35.85931109837187],[-105.63957188559449,35.85772326304296],[-105.64020585765248,35.8567559668609],[-105.64053803464334,35.85579366369695],[-105.64090698769479,35.85543428862162],[-105.642387666023,35.855396815530845],[-105.64341799623745,35.85520930544333],[-105.64376622129635,35.85498988839028],[-105.6454750134495,35.85234630789414],[-105.64569184031829,35.85027428156978],[-105.64545536422318,35.84978898251033],[-105.645937797242,35.84876092232782],[-105.64740065350243,35.84798731612727],[-105.6481145356115,35.84740265899823],[-105.64917266272101,35.84593422471635],[-105.64933506377673,35.846157321740606],[-105.64945029194142,35.84775901297502],[-105.64961670998763,35.84786234298101],[-105.64996151402927,35.84745259989953],[-105.65027828996088,35.84584613863952],[-105.65102415726946,35.84747903384241],[-105.6511844913706,35.84823146294644],[-105.65143462444286,35.848418841960275],[-105.65176237340373,35.847121821746214],[-105.65161597829919,35.846294541630115],[-105.65184163519223,35.8444788173438],[-105.65218701820625,35.84374870921406],[-105.65256798714273,35.842032846933854],[-105.65534699733563,35.83708291502899],[-105.65489824204845,35.8349278717304],[-105.65501882404277,35.834550898666706]]},"properties":{"trail_name":"BEATTYS","trail_no":"25","trail_type":"TERRA","gis_miles":9.884,"trail_surface":"NATIVE MATERIAL"}},{"type":"Feature","geometry":{"type":"LineString","coordinates":[[-105.77708726923434,35.95952866638457],[-105.77659224206803,35.95889317631809],[-105.77609546194776,35.95878736133106],[-105.77580632785187,35.95843068129444],[-105.7753256037256,35.958215761290106],[-105.77450937052647,35.95802433330874],[-105.77353241625144,35.95737735526846],[-105.7731837190651,35.956140189103444],[-105.77259356589677,35.955724227075386],[-105.77213887372926,35.95497222198916],[-105.77159485058012,35.954657365973475],[-105.770820123296,35.953390858828755],[-105.77029678515093,35.953069967811004],[-105.76989522199207,35.95228098471614],[-105.7699921329756,35.95184556164533],[-105.76980173089774,35.95144243359596],[-105.76986275178528,35.950003097376936],[-105.76939386360158,35.94910223026913]]},"properties":{"trail_name":"RITO QUEMADO","trail_no":"157","trail_type":"TERRA","gis_miles":0.9400000000000001,"trail_surface":"NATIVE MATERIAL"}},{"type":"Feature","geometry":{"type":"LineString","coordinates":[[-105.87008654786538,35.958020657767925],[-105.86863179357195,35.95837517390529],[-105.86836244358462,35.959204015044705],[-105.8681608635555,35.95938497708343],[-105.86635881014911,35.95933526318053],[-105.86552482998134,35.959543462259994],[-105.86487555182228,35.95938172827346],[-105.86311318455107,35.96077148658332],[-105.86155605518928,35.96060756264916],[-105.86017228090249,35.96085813376683],[-105.85968890374131,35.96025010170401],[-105.85887362353866,35.960013900716056],[-105.85792713723018,35.95890471060519],[-105.85781146416156,35.95841726353904],[-105.8574546140396,35.95793395248755],[-105.85709764893569,35.957657953467],[-105.85662915082531,35.957591072484156],[-105.85525869756951,35.95816086164878],[-105.85462102843353,35.95823275369648],[-105.85419388128531,35.95762962563111],[-105.85020597422483,35.95568482357171],[-105.8498122870267,35.9544269924065],[-105.84901678280643,35.95393965237981],[-105.84819255954233,35.95302588429098],[-105.84767314140342,35.95276315728181],[-105.84756660229755,35.95182667414802],[-105.84684990409632,35.9513559711192],[-105.84609324183354,35.95028482000295],[-105.8458062176688,35.9491358808478],[-105.84545920855145,35.94868071979988],[-105.84498257139833,35.948147509747756],[-105.84447026927147,35.94800448175604],[-105.84341625396155,35.94715205568968],[-105.84146719255507,35.94747717385126],[-105.83915851412426,35.94844118912914],[-105.8381545388703,35.948100241136366],[-105.8375151806635,35.947368780064046],[-105.83746299761576,35.946956780005436],[-105.83638818232416,35.94636644997945],[-105.835845998206,35.94639934001578],[-105.8348893729652,35.94608779102461],[-105.83368884363247,35.94534870798359],[-105.83298461241552,35.94466638492237],[-105.83244967127756,35.94445486592171],[-105.8316180120971,35.94451407797874],[-105.830024049696,35.943996543993684],[-105.82917660251833,35.94412811806242],[-105.82812938226232,35.94387453908521],[-105.82600738578567,35.943840775203036],[-105.82578102376607,35.94419423226905],[-105.82573151779602,35.944661971341866],[-105.82520471269457,35.94484628939992],[-105.82421463347846,35.94490273746573],[-105.82384695041371,35.94510029851657],[-105.82372939136081,35.94479600347789],[-105.82384406336477,35.94454890343426],[-105.82313712219567,35.94442064645606],[-105.82269505912025,35.94468617152135],[-105.8204571146615,35.9451527797208],[-105.82023828558816,35.94487339669164],[-105.82028645857389,35.94458738464606],[-105.81954890537807,35.94423181863559],[-105.81914486222577,35.943523151553016],[-105.81896259718457,35.94351686656259],[-105.81881126117061,35.943743995605374],[-105.81861571111466,35.94360370659571],[-105.81852784604921,35.94307966952237],[-105.8179328859399,35.94334840159702],[-105.81710005773301,35.94310942360952],[-105.81699435377735,35.94388521973168],[-105.8160538595659,35.94386892578375],[-105.81559729543908,35.94358472576764],[-105.81448685804123,35.94187274557583],[-105.81442069383115,35.93964237324593],[-105.81183387216053,35.938580430236776],[-105.81122866898617,35.93813170720468],[-105.81015173972021,35.93784085522348],[-105.80936844847365,35.93702228714633],[-105.80855909024538,35.93647885311181],[-105.8077657878954,35.93450440786223],[-105.8077100587694,35.933206686671205],[-105.80707015253881,35.93220453355822],[-105.80695132745373,35.93153478746488],[-105.80595940614961,35.930590921381004],[-105.80590195108813,35.930034675301016],[-105.80475357570747,35.92861476115491],[-105.8042666695717,35.92830548313679],[-105.80379127346362,35.92828368316101],[-105.80161024289883,35.92739468515411],[-105.79991295947896,35.926927844182416],[-105.79912061325962,35.92644336515568],[-105.79846472901905,35.925366967032446],[-105.79756643376014,35.924700586984635],[-105.79677294655869,35.92442328498903],[-105.79637689747264,35.924450539015986],[-105.79534231229289,35.92503753316373],[-105.79409108603741,35.92531212927722],[-105.79300218179368,35.92530572933924],[-105.79220007559185,35.92504686134686],[-105.79113635036029,35.925115841418744],[-105.79118247741599,35.92563490649381],[-105.78949951513636,35.92673630075611],[-105.78818113302336,35.92881119914311],[-105.78826927906286,35.92903779617194],[-105.78891225223543,35.92936920118436],[-105.78886962124969,35.92964092422754],[-105.7875019529805,35.93005625836891],[-105.78650206274071,35.929868212398574],[-105.7851041533712,35.92921376538138],[-105.78392120816966,35.92993069555722],[-105.78189167069353,35.92967129763578],[-105.78020830604217,35.92652290726152],[-105.7797537718207,35.92515129708237],[-105.77899145461626,35.92476049706793],[-105.77783170533588,35.92451704309847],[-105.77676475015373,35.92516018925654],[-105.77650910108342,35.92500917024871],[-105.77606549498672,35.92503745527859],[-105.77570761888079,35.92473948825465],[-105.77486743667522,35.924536032272734],[-105.77373284943836,35.92472592336679],[-105.77270116420613,35.9247060784235],[-105.77166329402505,35.92528746157061],[-105.7710411789925,35.92650537178909],[-105.77065180092333,35.92670969784225],[-105.7697799476955,35.92633160883599],[-105.76896001943213,35.92541468974606],[-105.76709729296282,35.92480755476274],[-105.7657161155743,35.92389338270564],[-105.76509787043938,35.9239304037469],[-105.76224659493371,35.92543512913727],[-105.76157604475853,35.92514536013263],[-105.76086234550657,35.92408748401533],[-105.75977001325356,35.92398555006324],[-105.7586034690229,35.9243293521822],[-105.7575412816351,35.922608309985655],[-105.75678308540948,35.92196536293311],[-105.75552198016516,35.92239516507047],[-105.75502042314932,35.923496735264585],[-105.7544162170494,35.92389878035977],[-105.75260612755868,35.92291292031662],[-105.75117553221418,35.92262956135685],[-105.75050187406882,35.92268912340472],[-105.74947131487852,35.923147730533024],[-105.74899530076054,35.92301548154072],[-105.74875154471451,35.92311196456928],[-105.74851426464312,35.92290201955152],[-105.7484845156829,35.92343385863299],[-105.74890557384518,35.92421340472551],[-105.74908717502255,35.925778569949614],[-105.74891163402198,35.92622140302617],[-105.74739924883231,35.92791927436811],[-105.74625672561855,35.92839588350563],[-105.74547569945165,35.92848355056394],[-105.74505438534156,35.92830145356097],[-105.74511258130306,35.92771219246931],[-105.74452392102468,35.926032660251536],[-105.74303339374649,35.92666205043209],[-105.74259815561894,35.92631621940539],[-105.74208839439828,35.92509512025177],[-105.74169244813227,35.923064109970156]]},"properties":{"trail_name":"SIERRA MOSCA","trail_no":"156","trail_type":"TERRA","gis_miles":10.867,"trail_surface":"NATIVE MATERIAL"}},{"type":"Feature","geometry":{"type":"LineString","coordinates":[[-105.6008247705935,35.90003299264168],[-105.59787198614129,35.902439047173985],[-105.5964961208853,35.90304052934383],[-105.59605889482025,35.90341904642599],[-105.59560611884501,35.904868158670155],[-105.59443542354195,35.904401010667364],[-105.59412316444435,35.90408388763764],[-105.59353984331547,35.9041053676745],[-105.59118460684009,35.90470807390096],[-105.59061117571108,35.9047025919332],[-105.58954598952572,35.90531587208687],[-105.58833100828866,35.905720699217866],[-105.58782189322979,35.9063548673427],[-105.58703742406938,35.90653279841469],[-105.5865862599015,35.905766046325276],[-105.58524992251078,35.904719252244796],[-105.58505486835598,35.90344421506409],[-105.58451908124643,35.90356515311319],[-105.58417885415962,35.903443809114506],[-105.5838229459824,35.90232520896665],[-105.5839298779438,35.90160640885227],[-105.5833443837328,35.90069049874818],[-105.58253595951723,35.90029636873545],[-105.58172993832073,35.900114213754435],[-105.58135517824458,35.900204357789626],[-105.58180666126825,35.89931360062948],[-105.5817526962139,35.898828220559516],[-105.58130470701506,35.89769774241515],[-105.58056280576275,35.89671000030918],[-105.5814402926922,35.89363833179611],[-105.58140785860238,35.89268939265515],[-105.58117274754522,35.892638435660984],[-105.57930450825951,35.89416843099898],[-105.57929869220278,35.89353138590343],[-105.5787429700157,35.89281288582724],[-105.57869898582345,35.89071637251404],[-105.57823428073625,35.89091180257026],[-105.57821649370503,35.89059842652408],[-105.57781878066766,35.89119362963662],[-105.5777424686904,35.89165147170996],[-105.57722396957107,35.89161598273451],[-105.57676657149415,35.89191096280525],[-105.57564603911146,35.890398981642065],[-105.57466857785002,35.889913337625245],[-105.57386258760347,35.889155431557526],[-105.57347488050338,35.88900435155707],[-105.57090008689346,35.88862893064881],[-105.56965946164024,35.88891545076342],[-105.56894196244089,35.888473187738114],[-105.56823137231395,35.88884550483511],[-105.56636088189012,35.888795041935204],[-105.56550161368301,35.88862879295967],[-105.56315835107077,35.887630163944124],[-105.56294076999939,35.887370386917524],[-105.56204435079461,35.88732733696264],[-105.56109590955694,35.887039820973925],[-105.55844601503253,35.88784293524751],[-105.55736103283631,35.88838463139161]]},"properties":{"trail_name":"BOB GROUNDS","trail_no":"270","trail_type":"TERRA","gis_miles":4.108,"trail_surface":"NATIVE MATERIAL"}},{"type":"Feature","geometry":{"type":"LineString","coordinates":[[-105.8271565714061,35.77559631291787],[-105.82640540517374,35.77484624584828],[-105.8255389029665,35.77468484987374],[-105.82498910286668,35.77494904694499],[-105.8248011087842,35.774479543885235],[-105.82337265044383,35.77422873492954],[-105.82270641325668,35.77378288890072],[-105.8222131061658,35.77400488896238],[-105.82188269807284,35.77378179594781],[-105.82173894600331,35.77334851889097],[-105.82062578570576,35.772778550869205],[-105.81877849928463,35.77267440695954],[-105.8187014432402,35.772359234916614],[-105.81901734825796,35.77174888680678],[-105.8181781830293,35.77126854378274],[-105.81814267597314,35.77070982370082],[-105.81688163062238,35.769906540652435],[-105.81657967455776,35.76993805767447],[-105.81604527847571,35.77036868376985],[-105.81567572639587,35.77039892079555],[-105.81538492429631,35.769997835751994],[-105.81476258113884,35.769781856755216],[-105.81359353095229,35.770642383951554],[-105.81324003384879,35.770357036928964],[-105.81257958861528,35.769359151816865],[-105.81195421646098,35.76918833982704],[-105.81101550127505,35.7694612079219],[-105.8104587761279,35.76919601491395],[-105.80995677101633,35.7692010899435],[-105.80915333887317,35.769619290052425],[-105.80877747382937,35.77008370114376],[-105.80674318047657,35.77125478243641],[-105.80587664539141,35.77250816567447],[-105.80480525223561,35.7734728288809],[-105.80419722321713,35.77482999711975],[-105.80356958412028,35.775330621230964],[-105.80332102909975,35.77573486430595],[-105.80300715211293,35.77669923946891],[-105.801882625923,35.77740526963953],[-105.80190522796302,35.7778103016991],[-105.80134700891227,35.778665216859594],[-105.80067565275263,35.77855180488105],[-105.79999336961315,35.778699842942444],[-105.79888117441897,35.779325275100234],[-105.7981717312481,35.7791804791192],[-105.79755065913328,35.77945585619618],[-105.79730213111333,35.77986746627233],[-105.79679281301368,35.780029379325875],[-105.79536963769857,35.78005923641197],[-105.79516226669602,35.78056524249994],[-105.7933932543551,35.78118974569527],[-105.79228162916331,35.78184223185714],[-105.79165188711299,35.78288677205026],[-105.7911857850391,35.78323548412936],[-105.79100670310692,35.78448312532717],[-105.79079733407832,35.784693076370715],[-105.7909852541566,35.78511313242306],[-105.790891529148,35.78525575044993],[-105.78876227068605,35.78541097059537],[-105.7870734652937,35.78523299366558],[-105.78457147975588,35.78547348484527]]},"properties":{"trail_name":"TESUQUE CREEK","trail_no":"152","trail_type":"TERRA","gis_miles":3.461,"trail_surface":"NATIVE MATERIAL"}},{"type":"Feature","geometry":{"type":"LineString","coordinates":[[-105.53560146397383,35.923056615868454],[-105.53562501597672,35.92302891786295]]},"properties":{"trail_name":"BORDO DEL MEDIO","trail_no":"252","trail_type":"TERRA","gis_miles":0.002,"trail_surface":"NATIVE MATERIAL"}},{"type":"Feature","geometry":{"type":"LineString","coordinates":[[-105.52588741613008,35.92691152400939],[-105.5261654231764,35.92672670196545]]},"properties":{"trail_name":"BORDO DEL MEDIO","trail_no":"252","trail_type":"TERRA","gis_miles":0.02,"trail_surface":"NATIVE MATERIAL"}},{"type":"Feature","geometry":{"type":"LineString","coordinates":[[-105.53485951093035,35.9244674331237],[-105.53488144992043,35.92429694709677],[-105.53510992696525,35.92422347807256],[-105.53560146397383,35.923056615868454]]},"properties":{"trail_name":"BORDO DEL MEDIO","trail_no":"252","trail_type":"TERRA","gis_miles":0.117,"trail_surface":"NATIVE MATERIAL"}},{"type":"Feature","geometry":{"type":"LineString","coordinates":[[-105.79997257707159,35.80717830422197],[-105.79991211508657,35.80750681927474],[-105.8003949462237,35.807845636297905],[-105.80049242226977,35.808126223334455],[-105.80076827933978,35.80822413433333],[-105.80069438841393,35.809270877494704],[-105.80122573356772,35.80967675252515],[-105.80158615463117,35.809480819475006],[-105.80211304878605,35.80991091150932],[-105.802582491904,35.81006314150521],[-105.80256629491754,35.81026090053585],[-105.80183023082093,35.81104257069552],[-105.80182148784,35.81128485173238],[-105.80211186695655,35.81188238480544],[-105.8022716259903,35.81186047579296],[-105.80233230204442,35.81232847585971],[-105.80307852525354,35.81282010289068],[-105.80331959334433,35.81324641994082],[-105.80377373954998,35.814450361095446],[-105.80340687561454,35.8161403733703],[-105.80389626080682,35.81709814748593],[-105.80421409889779,35.81732980750243],[-105.80430912095133,35.81770252555293],[-105.8041912729765,35.81829637664888],[-105.80367599394634,35.819275648825496],[-105.80380715103277,35.819934921916925],[-105.80359260398855,35.819976983935554],[-105.80416118717534,35.82066738700653],[-105.80402593220164,35.821319351112145],[-105.80331324408534,35.82181337822729],[-105.80274564895025,35.8217158752453],[-105.80236694687922,35.82187207829054],[-105.8022389008869,35.82229019636069],[-105.80202444982271,35.82210158834469],[-105.80159053974099,35.82227631839591],[-105.80120591270015,35.822795877496006],[-105.80106478776771,35.82393814867557]]},"properties":{"trail_name":"LOWER NAMBE","trail_no":"403","trail_type":"TERRA","gis_miles":1.577,"trail_surface":"NATIVE MATERIAL"}},{"type":"Feature","geometry":{"type":"LineString","coordinates":[[-105.52557245512038,35.92761115813294],[-105.52557650710158,35.92738486809862]]},"properties":{"trail_name":"BORDO DEL MEDIO","trail_no":"252","trail_type":"TERRA","gis_miles":0.017,"trail_surface":"NATIVE MATERIAL"}},{"type":"Feature","geometry":{"type":"LineString","coordinates":[[-105.6642220857072,35.82998870645112],[-105.66496000097781,35.831206261592],[-105.66473818896806,35.83166670967407],[-105.66549191915934,35.831927746670026],[-105.66627818840927,35.8327816977534],[-105.66755464206237,35.83702141231814],[-105.67029029185356,35.83908702647177],[-105.67125766011877,35.83964873850072],[-105.671617558235,35.84006051454197],[-105.67206393043408,35.84120451668842],[-105.67259125960904,35.841861561757014],[-105.67371180794034,35.84279061083235],[-105.673781929024,35.8435740249462],[-105.67440818027569,35.84486043310372],[-105.67526566856955,35.84603611423128],[-105.67625734485021,35.84671351927613],[-105.67644033992141,35.8470623323181],[-105.67689758304262,35.847280596324644],[-105.67726653017307,35.847832219386376],[-105.67833681245679,35.848342357401606],[-105.67874302559312,35.84886582845692],[-105.68005038987963,35.848797157371465],[-105.68467253197929,35.84955232921912],[-105.68541360313432,35.84942835815787],[-105.68583794924594,35.84962094216239],[-105.68723383154045,35.84941624405129],[-105.68813261576402,35.84967540803857],[-105.6885752988589,35.84962732900587],[-105.6889199919553,35.84984981901955],[-105.68935419404873,35.84980720598815],[-105.69017795025877,35.8501040659854],[-105.69134846351744,35.85006801391259],[-105.69194824466786,35.85025498390621],[-105.69403873610382,35.849890025731085],[-105.69545593242829,35.84997645666254],[-105.69692101273272,35.849708307537924],[-105.69734205683676,35.84982178253078],[-105.69890848526367,35.85070393357327],[-105.69992796561593,35.852135240729815],[-105.69983064361432,35.852367416770335],[-105.7002722337931,35.85328865488338],[-105.70378861174444,35.85518777296646],[-105.7043309879295,35.855921682045604],[-105.70523752415446,35.85617769203187],[-105.70593696138383,35.85701764811784],[-105.70644937252547,35.85732914413517],[-105.70667451757028,35.85726542211264],[-105.70666192561163,35.85777332418968],[-105.70699460070756,35.85802144120784],[-105.70748536089471,35.85891248631349],[-105.70873146122734,35.85953371233514],[-105.70904246429704,35.85953513231743],[-105.7094014874034,35.859835058341794],[-105.70931781241852,35.86022443440519],[-105.70948342048567,35.86057128044774],[-105.70980997257655,35.86077691245984],[-105.71033228468966,35.86073449742341],[-105.71073662980427,35.86101232944187]]},"properties":{"trail_name":"CAVE CREEK","trail_no":"288","trail_type":"TERRA","gis_miles":3.949,"trail_surface":"NATIVE MATERIAL"}},{"type":"Feature","geometry":{"type":"LineString","coordinates":[[-105.52393401182837,35.87100675469508],[-105.5234245326311,35.8700509065802],[-105.52295202750139,35.86977743056608],[-105.52249872935198,35.86922806850927],[-105.52136265106012,35.86880241551039],[-105.52119928999349,35.868456596467595],[-105.51913732751981,35.868330260567085],[-105.51779427918206,35.86791068958098],[-105.5174031240619,35.86753793654725],[-105.51802744519759,35.86748682550364],[-105.51890315636305,35.867129070399315],[-105.51894438135334,35.86691028036397],[-105.51860469624499,35.86654032532767],[-105.5190385923207,35.86629074426507],[-105.51921856931008,35.865702750166015],[-105.51994142641348,35.8650249890222],[-105.51971981532371,35.86456307696524],[-105.51926862920217,35.8643293169559],[-105.51922677115772,35.863924866897264],[-105.51780893681567,35.863649247937175],[-105.51788309079515,35.863221602868386],[-105.51739624963537,35.86263873880838]]},"properties":{"trail_name":"LOST LAKE","trail_no":"380","trail_type":"TERRA","gis_miles":1.038,"trail_surface":"NATIVE MATERIAL"}},{"type":"Feature","geometry":{"type":"LineString","coordinates":[[-105.6568704105442,35.77772271799914],[-105.6566850385295,35.778033739056674],[-105.65686961260884,35.77847457311252],[-105.6566383935928,35.77888819918812],[-105.65553121533321,35.77875090623081],[-105.6551632823192,35.77954302237132],[-105.65463394722327,35.77980432144102],[-105.65334691393211,35.77976755050919],[-105.65293266982583,35.779610313509245],[-105.65228111169723,35.77980927757652],[-105.65167900955885,35.77976722260468],[-105.65078135944458,35.780771292807515],[-105.6484928780984,35.78269502422858],[-105.6473427528452,35.78274358030182],[-105.64656048269727,35.78305823839407],[-105.64705000089063,35.78402948251249],[-105.64662860485998,35.7847676826479],[-105.64667313691832,35.78532838172989],[-105.64800954039974,35.787440247971716],[-105.64794069542991,35.787968835055295],[-105.64746509235702,35.788357651141176],[-105.6468195522261,35.7885145012018],[-105.6463068640704,35.78803991215968],[-105.64591850290829,35.78716855505056],[-105.64534978677027,35.78704474106447],[-105.64415105260564,35.78824541331416],[-105.64385504361107,35.78907603845634],[-105.64300137149876,35.78998826964282],[-105.64238534136851,35.79007687369146],[-105.64209484128135,35.78982040466942],[-105.64036480393227,35.79026295083534],[-105.63956779575737,35.790303607887125],[-105.63822273239512,35.7895945908573],[-105.6374714172309,35.78964053290724],[-105.63673174313871,35.79049055007781],[-105.63616670404637,35.79088649916987],[-105.63560927593626,35.79105623822742],[-105.63333310856765,35.792688826604014],[-105.63254697741579,35.79296780969112],[-105.63166606731866,35.79412777891652],[-105.63120181523712,35.79438673498214],[-105.6294983879978,35.79603161832784],[-105.62854903283399,35.79659579846729],[-105.62711851064104,35.79807048077168],[-105.62479887321284,35.79912643906385],[-105.6224493907283,35.79960756127108],[-105.6207053064228,35.800591909519476],[-105.61768408584088,35.801687354857876],[-105.61716799975066,35.801980856931706],[-105.61590266259866,35.80350139223353],[-105.61385811111415,35.803193192304306],[-105.61321774200837,35.80362868740671],[-105.61263614589151,35.80378395246344],[-105.61228970877141,35.803291444409005],[-105.61128376448725,35.80261054336404],[-105.60913189006581,35.80331096059299],[-105.60698784574032,35.80510168598601],[-105.6067227117102,35.80544063805234],[-105.60590205270255,35.80747937240686],[-105.60433759049049,35.80908015873796],[-105.60304011523606,35.80949897687554],[-105.60218171105,35.8095716499357],[-105.60037988072202,35.81044669217103],[-105.59959935556279,35.81062712924299],[-105.599346082484,35.81037214621906],[-105.59894459039484,35.81038155724351],[-105.59832018319933,35.809737639182224],[-105.59758454702737,35.809654740211904],[-105.5939243262552,35.81020891550535],[-105.5933597501701,35.810687563609946],[-105.5922978419636,35.81105101072564],[-105.59135927173752,35.810868491751926],[-105.5911163306431,35.81040521769598],[-105.58984324224006,35.80904214856331],[-105.58946189012444,35.808693293532585],[-105.58907384203302,35.80864146354701],[-105.58777454281561,35.80949431575022],[-105.58706079673692,35.81043472493297],[-105.5864148126976,35.811654129154],[-105.58606708464028,35.81189261120991],[-105.58544066660916,35.81315654143649],[-105.5847175654858,35.81360430254548],[-105.58376446727084,35.81358785859767],[-105.58261246003556,35.81385288470374],[-105.58167988187559,35.81441983184276],[-105.58066853379236,35.81607832015099],[-105.58084029190888,35.816981277277364],[-105.58023044085242,35.81790842545215],[-105.5799783628798,35.81887870361301],[-105.57937325981432,35.819689692770055],[-105.57900147784875,35.82105122499681],[-105.57809664179099,35.82272741630157],[-105.57805730199333,35.825168377672],[-105.57748358802377,35.8270068179822],[-105.57640808693294,35.82874282730578],[-105.57586486792157,35.83001837752935],[-105.57572925104095,35.83174830179805],[-105.57592775120655,35.83314791999774],[-105.57435615197257,35.83451379029394],[-105.5739511549748,35.83558757047913],[-105.57230089073452,35.837085044799736],[-105.5716736686826,35.83810911399019],[-105.57229641697825,35.83991077622611],[-105.57277506514558,35.84060347830307],[-105.5733207653026,35.84100429433219],[-105.57476682067963,35.841614757341176],[-105.57762342338405,35.8423549462887],[-105.57926443477099,35.84257586422778],[-105.58050140010182,35.84319459725002],[-105.58254672557865,35.84340752616462],[-105.5839496598636,35.84306750603276],[-105.58465406802114,35.84306377499175],[-105.58684346945233,35.84237737476249],[-105.58742721958413,35.84238840873063],[-105.58812411978806,35.84293970377369],[-105.58851280592576,35.843523598839404],[-105.58868357804961,35.84451119697845],[-105.58825043799258,35.84497307607295],[-105.58828141403649,35.84539941613542],[-105.58754943699002,35.846755599381886],[-105.58771629303911,35.84689083839271],[-105.58976800450449,35.84695519128449],[-105.58819093329922,35.848664677632804],[-105.58778687027912,35.84947685677841],[-105.58687921912187,35.850009608910824],[-105.58555838084838,35.85026907002587],[-105.58495068776077,35.85082948714523],[-105.58854277560812,35.851317576012356],[-105.58938350278093,35.85113808193703],[-105.58900786972899,35.85150947101454],[-105.58750631943775,35.85203134817953],[-105.58716043341326,35.852642845291534],[-105.58598447221665,35.85341474347548],[-105.58558292813406,35.85349986751134],[-105.58635115132459,35.8537121164992],[-105.58701200246291,35.8535990484442],[-105.58790158462621,35.85318288833032],[-105.58829301168238,35.852819819253114],[-105.5879980916898,35.85366734139777],[-105.58800082374643,35.854313270495005],[-105.58737686573836,35.85583247075975],[-105.58695299965746,35.85599433980853],[-105.58695749069085,35.85636800686461],[-105.58630109157045,35.85667561894866],[-105.58571504154287,35.85787204516269],[-105.58523192348545,35.858458160278744],[-105.5845614843754,35.8589213513871],[-105.58419564637526,35.859865331550346],[-105.58324195626086,35.861009638777645],[-105.58288113924448,35.86175296891045],[-105.58229823212966,35.861935640971474],[-105.58194211307904,35.86227201604259],[-105.5819268081236,35.862824687126796],[-105.58259103731815,35.86335098816789],[-105.58271562537982,35.86373983221928]]},"properties":{"trail_name":"LAS TRAMPAS","trail_no":"240","trail_type":"TERRA","gis_miles":11.661,"trail_surface":"NATIVE MATERIAL"}},{"type":"Feature","geometry":{"type":"LineString","coordinates":[[-105.82600738578567,35.943840775203036],[-105.82477800744499,35.943084702161165],[-105.82388129114344,35.94192715103994],[-105.82366271704477,35.941358032967464],[-105.82403195196171,35.939467801663284],[-105.82389759972325,35.93708699431486],[-105.82376274267706,35.93690299929516],[-105.82287436045928,35.93668113431338],[-105.82262269438297,35.93645119529354],[-105.82286671840839,35.936119434229795],[-105.82408997265863,35.93585816911987],[-105.82438746669305,35.935492928048006],[-105.82422064643353,35.93295316367765],[-105.82464273341503,35.93166510946048],[-105.82456508638258,35.931492527439154],[-105.8240062832456,35.931352386450506],[-105.8230421569689,35.93064976140119],[-105.82253003477163,35.92970156828894],[-105.82163007851663,35.9290835632485],[-105.82152720746885,35.92879999321204],[-105.82207367248942,35.927640436006904],[-105.82233018936317,35.925542840678126],[-105.82302533348621,35.9251751255829],[-105.82187379106912,35.92334521537561],[-105.82197659905565,35.92292858430729],[-105.82168183591175,35.922035381190675],[-105.82212849396059,35.921453668077746],[-105.82207753690409,35.92093752800342],[-105.82186800481179,35.92041642893759],[-105.82123911960612,35.91967009286222],[-105.82051384540328,35.91920182883406],[-105.8197337620977,35.91769794765405],[-105.81954167899202,35.916979557557625],[-105.81884915675538,35.916040794457125],[-105.81813695154368,35.915437863408044],[-105.81792151045872,35.91501537435726],[-105.81783043334947,35.91399838321024],[-105.81752661423667,35.91348304715066],[-105.81570820968436,35.91180788400497],[-105.81514980438145,35.90976784973176],[-105.81281716087163,35.90989310888537],[-105.81120468346755,35.90938808390296],[-105.8097904641485,35.90935085097912],[-105.80883498189013,35.908835029957075],[-105.807787524651,35.908774500008555],[-105.8069023473816,35.90795249993656],[-105.80588226017228,35.90816424102728],[-105.8046033418536,35.90778537604442],[-105.80265403845341,35.90818634821716],[-105.80196166725409,35.90767442918047],[-105.80103199105918,35.907819653255956],[-105.7983348954471,35.907708167395114],[-105.79472292473922,35.90883919477328],[-105.79122989094778,35.90870949795572],[-105.78921173551699,35.908938008106574],[-105.78817395625339,35.908573659111894],[-105.78651725777792,35.907366380026744],[-105.78524554447495,35.90714949106773],[-105.7840579512581,35.9077044002195],[-105.78303768809556,35.90845275339061],[-105.78166398781909,35.9088007815221],[-105.78125784677579,35.909344464627026],[-105.7798422584404,35.90912490467597],[-105.7792149423088,35.909222250726785],[-105.77874607722696,35.909484849793216],[-105.77865454126979,35.910209661907196],[-105.77902301340757,35.91084505098106],[-105.77991136966037,35.91146736002298],[-105.7814581200597,35.912083554025976],[-105.78163638412605,35.91238726706117],[-105.78138216509957,35.91273436312785],[-105.77986572479644,35.91314226327663],[-105.77915452164058,35.913176545322884],[-105.77721665917151,35.91276301237289],[-105.77594825581613,35.91193816032257],[-105.77538406958082,35.91068708916767],[-105.77530389348428,35.9097862700373],[-105.77472812224056,35.90846798687299],[-105.77420118106686,35.90782643980723],[-105.77358893790148,35.90749933279361],[-105.77381542889249,35.9068168196782],[-105.77298016473725,35.90717608878031],[-105.77267821666425,35.90711209178816],[-105.77236418756733,35.90680586676039],[-105.77221629446592,35.90602212365146],[-105.77184972637409,35.90590841265559],[-105.77140501929377,35.90612695771404],[-105.77113367727844,35.90664564480747],[-105.77050703218988,35.90723518693206]]},"properties":{"trail_name":"AGUA SARCA","trail_no":"228","trail_type":"TERRA","gis_miles":6.413,"trail_surface":"NATIVE MATERIAL"}},{"type":"Feature","geometry":{"type":"LineString","coordinates":[[-105.56033263620795,35.884994392709714],[-105.56121745837328,35.88461387560145],[-105.561451212404,35.8843639115503],[-105.56133493136136,35.884173233528294],[-105.56158168537918,35.88374181844907],[-105.56186146042587,35.88355756640519]]},"properties":{"trail_name":"BORDO DEL MEDIO","trail_no":"252","trail_type":"TERRA","gis_miles":0.158,"trail_surface":"NATIVE MATERIAL"}},{"type":"Feature","geometry":{"type":"LineString","coordinates":[[-105.5413999435813,35.91509896333553],[-105.54147490959747,35.9150915183301]]},"properties":{"trail_name":"BORDO DEL MEDIO","trail_no":"252","trail_type":"TERRA","gis_miles":0.004,"trail_surface":"NATIVE MATERIAL"}},{"type":"Feature","geometry":{"type":"LineString","coordinates":[[-105.55697673903214,35.891627811902325],[-105.55716220601735,35.890979697794016],[-105.55705930992623,35.890197061682024]]},"properties":{"trail_name":"BORDO DEL MEDIO","trail_no":"252","trail_type":"TERRA","gis_miles":0.10600000000000001,"trail_surface":"NATIVE MATERIAL"}},{"type":"Feature","geometry":{"type":"LineString","coordinates":[[-105.52742140839491,35.9260003107836],[-105.52763571642944,35.925844599747805]]},"properties":{"trail_name":"BORDO DEL MEDIO","trail_no":"252","trail_type":"TERRA","gis_miles":0.016,"trail_surface":"NATIVE MATERIAL"}},{"type":"Feature","geometry":{"type":"LineString","coordinates":[[-105.52515649772799,35.93564650136713],[-105.52629241590527,35.934756992167614]]},"properties":{"trail_name":"BORDO DEL MEDIO","trail_no":"252","trail_type":"TERRA","gis_miles":0.09000000000000001,"trail_surface":"NATIVE MATERIAL"}},{"type":"Feature","geometry":{"type":"LineString","coordinates":[[-105.53190677045575,35.92662332361876],[-105.53359460182409,35.92650364650334]]},"properties":{"trail_name":"BORDO DEL MEDIO","trail_no":"252","trail_type":"TERRA","gis_miles":0.093,"trail_surface":"NATIVE MATERIAL"}},{"type":"Feature","geometry":{"type":"LineString","coordinates":[[-105.8792001544371,35.94135764275016],[-105.87761721905513,35.941027378792505],[-105.87680525084117,35.94065235878348],[-105.87515827045462,35.94043268984609],[-105.8748449473232,35.93973020775928],[-105.87401319409412,35.93923304473317],[-105.87327388679942,35.93775149655459],[-105.8728564886837,35.93749313254016],[-105.87233216757379,35.93757365558259],[-105.87224657552962,35.937287382544724],[-105.87138459932878,35.93718960258007],[-105.86999300393344,35.93621954451568],[-105.86972834484494,35.93588371048082],[-105.86959546276684,35.93532969040573],[-105.869104315607,35.934755873348365],[-105.86926860950305,35.93315023909886],[-105.8686011722248,35.93167266591666],[-105.86876343218837,35.9308427777832],[-105.8685282070859,35.93027131971137],[-105.8678338568626,35.9294898786348],[-105.86759477680515,35.92944299764161],[-105.86736600572573,35.92911826060628],[-105.86715292267942,35.92913234662074],[-105.86693666359763,35.928749249576],[-105.86646530746319,35.92841430555317],[-105.86589379426057,35.92755587845795],[-105.86432782076713,35.92590850130225],[-105.86404587065341,35.92532837823188],[-105.86320663440459,35.924623951175086],[-105.8624498502077,35.924302808170886],[-105.86165758995902,35.92348086709384],[-105.86018296744504,35.9213655588628],[-105.85881078308654,35.92076631385258],[-105.8581974238714,35.919871026754194],[-105.85759290870935,35.91956035274271],[-105.85711793254666,35.918911780673184],[-105.8563946513516,35.918526247657326],[-105.85570260508706,35.917266263508914],[-105.85449143276666,35.91669244149317],[-105.85401086260072,35.91602053142045],[-105.85318363839103,35.915733264425356],[-105.8523683541308,35.91483715833842],[-105.85109111277268,35.91399976628703],[-105.8510392117132,35.91345175620804],[-105.85060468154762,35.91266663811571],[-105.85036673047992,35.91249977810454],[-105.84963801631154,35.912433556136705],[-105.84923833215089,35.91161560503747],[-105.84709939066173,35.91147914114074],[-105.84600579935186,35.91072502809113],[-105.8444681209595,35.910161820095794],[-105.84434273090905,35.90990435906446],[-105.84376248277042,35.90979968308238],[-105.84282937548821,35.90895242300953],[-105.84164311319547,35.90863130403008],[-105.8411697242057,35.90995782525594],[-105.83938478381093,35.90999847236529],[-105.83906067068473,35.90938143629161],[-105.837266227234,35.90880583230926],[-105.83597949484968,35.90769363621716],[-105.8335287401959,35.90647039117571],[-105.83258898799724,35.90659661824893],[-105.83185217086807,35.90700097435206],[-105.83118643273114,35.9071345304105],[-105.83084136468165,35.907449470477616],[-105.83001111048233,35.9072890345016],[-105.82798181596172,35.90651407150285],[-105.82555840052079,35.90765901581439],[-105.82374718508663,35.90731659086777],[-105.82241367079264,35.90735876995121],[-105.82187078262487,35.90682521590268],[-105.82110791243693,35.906623219916554],[-105.82084134532029,35.90596872483388],[-105.82090112827164,35.90525880572416],[-105.82121665733388,35.905165258691916],[-105.82130836932521,35.904831105636596],[-105.821536074365,35.90470496660451],[-105.82135360225205,35.9038777154912],[-105.8201909429304,35.90316609945184],[-105.81963434774387,35.9024523903771],[-105.81885475655716,35.90230751040045],[-105.81847562345057,35.90205549438462],[-105.81831301938446,35.90171427434292],[-105.81758508021002,35.901577412364446],[-105.81757903314545,35.90085309325635],[-105.81717305902426,35.90050284022732],[-105.81722067794054,35.89942178506267],[-105.81586684251445,35.898002180928266],[-105.81539735633886,35.89719146083394],[-105.81467561512393,35.89657473578321],[-105.81281738365122,35.89591119079119],[-105.81209233444359,35.895386165754395],[-105.80909560075672,35.89518218289691],[-105.80787544142704,35.894525973869065],[-105.8057947769191,35.89402784891455],[-105.80498926773653,35.89399696395644],[-105.80418363053107,35.893703585959024],[-105.80359298535964,35.893249812925134],[-105.80278349917025,35.893151346957104],[-105.80190225993631,35.892724638944046],[-105.80061881963988,35.89261173400125],[-105.79973751641418,35.89228069400252],[-105.79940619032075,35.89205740298819],[-105.7988207961112,35.891153069886464],[-105.79822671194289,35.8907439778594],[-105.79744544075035,35.890536723873474],[-105.79699005060715,35.89006089182844],[-105.79684021753881,35.88966095577715],[-105.79604710631072,35.88907621673531],[-105.79381678080286,35.88896351884714],[-105.79239961251686,35.889312871981296],[-105.79190899040064,35.889236883998244],[-105.79120804518008,35.88850269692866],[-105.78977734283507,35.888209986967375],[-105.78936517470787,35.887806434930646],[-105.78957509555697,35.88553740257835],[-105.78877085726205,35.88421413942642],[-105.7875397059855,35.884195880494715],[-105.78693939187673,35.88448646757291],[-105.78613090870327,35.884567665631735],[-105.78571738966433,35.88518070674751],[-105.78553078968035,35.88584275885753],[-105.78505322960054,35.88615118393135],[-105.78359168623852,35.885742469954394],[-105.78276915301564,35.885293217934496],[-105.78126350273172,35.88589456611154],[-105.78069432660665,35.88591827614796],[-105.78043385453245,35.88573402413532],[-105.7798790023262,35.884789361025696],[-105.77941066020142,35.88455826801812],[-105.77845876599609,35.88464175108552],[-105.7765627216413,35.88543090631327],[-105.77501400330297,35.88551838841577],[-105.77360984702588,35.885938852559846],[-105.77132656342725,35.884922493539165],[-105.77022235016113,35.88469891356931]]},"properties":{"trail_name":"RIO FRIJOLES","trail_no":"154","trail_type":"TERRA","gis_miles":8.842,"trail_surface":"NATIVE MATERIAL"}},{"type":"Feature","geometry":{"type":"LineString","coordinates":[[-105.49658989320294,36.02574004857645],[-105.49609905113338,36.026202984674484],[-105.49444344577859,36.02639771879977],[-105.49512088798714,36.02703953885698],[-105.4933409835616,36.02674671391619],[-105.49371405370088,36.02737850898954],[-105.49264515445084,36.0272652140345],[-105.49217664332734,36.02705759403043],[-105.4899693638234,36.02696590714468],[-105.48605463774248,36.02467385202698],[-105.48598262166965,36.02402871693412],[-105.48569393459252,36.02388928492985],[-105.48561641152885,36.02336251485515],[-105.48543177047496,36.02322162384467],[-105.48510354831153,36.02220078071016],[-105.48465812920782,36.022158868729655],[-105.48425673914424,36.022462081798515],[-105.48358022000663,36.02262542686235],[-105.483101659879,36.02239708885574],[-105.48256208676239,36.02244923289483],[-105.48247009671083,36.02209747984726],[-105.48182676355339,36.021950994862486],[-105.4812458963691,36.021338505804046],[-105.48061184420935,36.02114183481123],[-105.48031026214721,36.02120559383832],[-105.47908395680379,36.02043311079314],[-105.47867433667736,36.020041246757934],[-105.47869205666258,36.019827485724754],[-105.4783469185396,36.01931019966695],[-105.47782664341752,36.019251577688294],[-105.47759120633954,36.01896565265892],[-105.47732024527397,36.01891236066657],[-105.47737228122955,36.018273304567465],[-105.4769323641297,36.018261741591175],[-105.47672497105665,36.01796099155794]]},"properties":{"trail_name":"AGUA FRIA","trail_no":"233","trail_type":"TERRA","gis_miles":1.7080000000000002,"trail_surface":"NATIVE MATERIAL"}},{"type":"Feature","geometry":{"type":"LineString","coordinates":[[-105.52605966044459,35.930074731475905],[-105.52564845726629,35.929088406351035],[-105.52558130912006,35.92758390112828]]},"properties":{"trail_name":"BORDO DEL MEDIO","trail_no":"252","trail_type":"TERRA","gis_miles":0.188,"trail_surface":"NATIVE MATERIAL"}},{"type":"Feature","geometry":{"type":"LineString","coordinates":[[-105.5261654231764,35.92672670196545],[-105.52742140839491,35.9260003107836]]},"properties":{"trail_name":"BORDO DEL MEDIO","trail_no":"252","trail_type":"TERRA","gis_miles":0.085,"trail_surface":"NATIVE MATERIAL"}},{"type":"Feature","geometry":{"type":"LineString","coordinates":[[-105.5367422640994,35.9215603525773],[-105.5370749671471,35.92125170951163],[-105.53754193314192,35.919989902294674]]},"properties":{"trail_name":"BORDO DEL MEDIO","trail_no":"252","trail_type":"TERRA","gis_miles":0.127,"trail_surface":"NATIVE MATERIAL"}},{"type":"Feature","geometry":{"type":"LineString","coordinates":[[-105.76810763793226,35.910425719548925],[-105.76823834592906,35.910054111485664],[-105.76793212181198,35.909497067419856],[-105.76841717681786,35.90832274121578],[-105.76813060164847,35.90711559505142],[-105.76832050458735,35.90592895186251],[-105.77091546298236,35.90381164139526],[-105.77064714580489,35.90246466820881],[-105.77021557265657,35.90186951914451],[-105.76965761950001,35.90150390012189],[-105.76966366346988,35.90114340806752],[-105.76928984335146,35.90074322202908],[-105.76895293520774,35.89995860593093],[-105.76595973835553,35.89785541678836],[-105.76527770913923,35.89712254371784],[-105.76412959681859,35.896387725673954],[-105.76238068142088,35.896308197762984],[-105.76209638431675,35.89584267370961],[-105.76127636907734,35.89519804766026],[-105.75984652459005,35.89327318845406],[-105.75972420252275,35.892815201392466],[-105.75904788032496,35.89227998735119],[-105.7590500942905,35.89187893229092],[-105.75746578492884,35.89179136236922],[-105.75718000085104,35.89163102736167],[-105.75736271883123,35.890935224246704],[-105.75808992593544,35.89026660410445]]},"properties":{"trail_name":"CIENEGA REDONDA","trail_no":"6","trail_type":"TERRA","gis_miles":1.931,"trail_surface":"NATIVE MATERIAL"}},{"type":"Feature","geometry":{"type":"LineString","coordinates":[[-105.54073661056798,35.91665437160807],[-105.54143662658912,35.9150946713328]]},"properties":{"trail_name":"BORDO DEL MEDIO","trail_no":"252","trail_type":"TERRA","gis_miles":0.12200000000000001,"trail_surface":"NATIVE MATERIAL"}},{"type":"Feature","geometry":{"type":"LineString","coordinates":[[-105.55566188515266,35.89640306269748],[-105.55590746419972,35.896310789669435],[-105.55605576918946,35.8958106105855],[-105.55655248024566,35.8951763874614],[-105.55677069817574,35.89380962224292]]},"properties":{"trail_name":"BORDO DEL MEDIO","trail_no":"252","trail_type":"TERRA","gis_miles":0.20700000000000002,"trail_surface":"NATIVE MATERIAL"}},{"type":"Feature","geometry":{"type":"LineString","coordinates":[[-105.44949508160751,35.76087993031229],[-105.4515719711234,35.76145635328109],[-105.45166042017632,35.76184065533423],[-105.45214173031012,35.76213979135209],[-105.45241707143019,35.76281785143905],[-105.4528734045475,35.76298980243902],[-105.45304765862839,35.76347559150269],[-105.45353241074754,35.763595754493174],[-105.45418436501602,35.76501600967109],[-105.45456404011587,35.76518530567504],[-105.45492455118352,35.765030458631],[-105.45564397535226,35.765114057602574],[-105.45648976760641,35.76586111066742],[-105.45694557780767,35.76701133081557],[-105.45807634005507,35.76693557973953],[-105.45850613020023,35.76750145580067],[-105.45878711627982,35.767693890813796],[-105.45908746634458,35.76766237479184],[-105.45900684335162,35.76795492584076],[-105.45925263441401,35.768038765839414],[-105.45924608943083,35.76825094487188],[-105.45963515854741,35.76859088390116],[-105.46032703671895,35.76877899689016],[-105.46098166785283,35.76862692282971],[-105.46136622194672,35.768714093820954],[-105.46200775605644,35.768315351723935],[-105.46207120508589,35.76849185274701],[-105.46243466517188,35.768543170734],[-105.4624122361973,35.76889674578884],[-105.46263368327713,35.76924680882919],[-105.46342952348729,35.769613261839226],[-105.46355968956814,35.7702130719226],[-105.46760814365116,35.77223668899768],[-105.46804604478784,35.77268246904016],[-105.46865496895165,35.77299746505303],[-105.46879652901768,35.77339590710528],[-105.4693229791874,35.77399468616581],[-105.47011372939384,35.77433035317143],[-105.47125314466676,35.77452927813643],[-105.47199242282274,35.774413623076676],[-105.47411300936385,35.77516962806994]]},"properties":{"trail_name":"HOLLINGER","trail_no":"219","trail_type":"TERRA","gis_miles":2,"trail_surface":"NATIVE MATERIAL"}},{"type":"Feature","geometry":{"type":"MultiLineString","coordinates":[[[-105.60433759049049,35.80908015873796],[-105.6044676566019,35.81003225387409],[-105.60865507472785,35.81220734896193],[-105.60924987494764,35.8132088720788],[-105.60898034300106,35.81452421729263],[-105.6083656429409,35.81542083446305],[-105.60777294684745,35.815875857565686],[-105.6052853353733,35.81683601285315],[-105.60465628426387,35.81719994594411],[-105.60385206215395,35.818011877112674],[-105.60201385380572,35.81874715432899],[-105.59967684251531,35.821441700869414],[-105.59858413235457,35.82241372807867],[-105.59859822438176,35.822691353119694],[-105.59890520248973,35.82314491617048],[-105.60104664708317,35.824458517245624],[-105.60256579646091,35.82489095522363],[-105.60375342073623,35.8249979841716],[-105.60545626918346,35.82575821218845],[-105.60573662924772,35.825774773174864],[-105.60581466724584,35.8255513091367],[-105.60604011929343,35.825517558118676],[-105.60688526851072,35.825840448118846],[-105.60723560064987,35.8265415342044],[-105.60753901873977,35.82679518922522]],[[-105.6275153881842,35.82645393002696],[-105.62621463897015,35.82734594723603],[-105.62518865476996,35.827686876346334],[-105.62486221779187,35.82878446053042],[-105.62311266360722,35.831176656991346],[-105.62279806359588,35.83185969311231],[-105.62278444865966,35.83263118922931],[-105.62140180247026,35.83401912451785],[-105.61967059014174,35.83470232572024],[-105.61956228214508,35.83502155477452],[-105.61928080009581,35.835180566814664],[-105.6190616221055,35.835859171929464],[-105.61878566706056,35.83605326097461],[-105.61755442194335,35.837883710321066],[-105.61729556493799,35.838491099427486],[-105.61629970278213,35.83926599160142],[-105.61612026178538,35.839767474687285]]]},"properties":{"trail_name":"VALLE MEDIO","trail_no":"241","trail_type":"TERRA","gis_miles":3.214,"trail_surface":"NATIVE MATERIAL"}},{"type":"Feature","geometry":{"type":"LineString","coordinates":[[-105.5624630274945,35.882794583255645],[-105.56242695244079,35.88226992817866],[-105.56193429530083,35.881930739155884]]},"properties":{"trail_name":"BORDO DEL MEDIO","trail_no":"252","trail_type":"TERRA","gis_miles":0.081,"trail_surface":"NATIVE MATERIAL"}},{"type":"Feature","geometry":{"type":"LineString","coordinates":[[-105.5212548442046,35.9396837802003],[-105.52202701934037,35.93925350509095]]},"properties":{"trail_name":"BORDO DEL MEDIO","trail_no":"252","trail_type":"TERRA","gis_miles":0.052000000000000005,"trail_surface":"NATIVE MATERIAL"}},{"type":"Feature","geometry":{"type":"LineString","coordinates":[[-105.4123997109889,35.710893797846396],[-105.41160521982225,35.71103269391266],[-105.41137667279611,35.71132740697042],[-105.41172712707662,35.71368542930843],[-105.41212901017057,35.713728487292094],[-105.41220693028212,35.71482691345441],[-105.41207756628329,35.715180396515414],[-105.41237513436658,35.71537272652766],[-105.41208994835922,35.716034983644406],[-105.41347687977209,35.717217770744966],[-105.41375684084178,35.71729732374114],[-105.41381476095006,35.7184099569067],[-105.41410475005962,35.71892924696902],[-105.41397204406994,35.71939769904767],[-105.41456264930473,35.72059001319497],[-105.41466944237564,35.72113808727205],[-105.41576435577036,35.72287470347326],[-105.4159787858874,35.72367908258309],[-105.41593010692067,35.724194740664096],[-105.41625934905193,35.72486412674695],[-105.4160325480299,35.72520187781113],[-105.41613060313234,35.7261401229479],[-105.41592896709975,35.72628840298191],[-105.41581490414892,35.727161685120905],[-105.41617313429526,35.72793079021722],[-105.41675957646974,35.72842911625936],[-105.41708136666493,35.729863299458636],[-105.41710161683659,35.731813401753364],[-105.4166816348334,35.732877020938616],[-105.416614015912,35.733971233108484],[-105.41725945513055,35.73482918820188],[-105.4174266622295,35.73554531630093],[-105.4173529782579,35.736069095384636],[-105.41756715734586,35.73653430144301],[-105.41809414650842,35.737048972491],[-105.41807538052932,35.73734153653646],[-105.4177809484723,35.73744865756946],[-105.41880455481082,35.738714282703135],[-105.41845810373947,35.73878974773434],[-105.41982437711754,35.73961939478228],[-105.41999274317607,35.73986042880924],[-105.42079636038437,35.74018433581255],[-105.42036041729143,35.74024218084618],[-105.4204615533382,35.74052314488299],[-105.42063411037674,35.74052002687267],[-105.42056654039834,35.74094860494156],[-105.42030991735169,35.74107756997574],[-105.42022569836529,35.74145625603799],[-105.42067683646674,35.74145731001245],[-105.42064181547708,35.74166985304666],[-105.42098673455887,35.74171995703461],[-105.42073618551181,35.741827542065174],[-105.42061263052048,35.74225173613655],[-105.42084335457689,35.742305663131596],[-105.42077878757198,35.7424174231522],[-105.42033437848431,35.7425594651991],[-105.42106310465326,35.742619984166744],[-105.42007045746136,35.74298289727839],[-105.42077366863523,35.74316781726633],[-105.42123277572762,35.74304253422115],[-105.42108909972546,35.74339360128259],[-105.42156023478562,35.74286093317494],[-105.4216682228553,35.74339023424902],[-105.42199673091707,35.74324990620901],[-105.42210442591546,35.7429492121573],[-105.42256553905185,35.743331743188975],[-105.42204937200435,35.74412991133947],[-105.42229257004271,35.743939937296815],[-105.42244303909794,35.74418953732605],[-105.42224860408439,35.74454098639044],[-105.42188909598195,35.74428805937261],[-105.42126116186847,35.74460989145722],[-105.42101739086866,35.74525013556822],[-105.42116631193515,35.745635242618135],[-105.42115948010817,35.74766927692694],[-105.42040258503103,35.7487518491343],[-105.41978205790436,35.7489006291922],[-105.41812785747973,35.74828389119306],[-105.41801995846204,35.748360153210776],[-105.42030483509265,35.749725831287556],[-105.42161420347641,35.75076961637113],[-105.42178974154601,35.75112108841438],[-105.42333000791233,35.751356922362284],[-105.4255539854628,35.75194872132516],[-105.42616644064525,35.75247164036947],[-105.42680968286352,35.753330445462964],[-105.4270366080311,35.75468844765591],[-105.43051372998809,35.756735972767835],[-105.43151025627795,35.75750440882741],[-105.43160208533278,35.757902162882466],[-105.4313608483418,35.75863789000774],[-105.43142721238401,35.758956210052226],[-105.43104302333354,35.75937320313735],[-105.43082613933097,35.75991047823115],[-105.43090458444611,35.76104553739874],[-105.43059388950307,35.76252067464003],[-105.43069825564162,35.76385961083697],[-105.43110830274067,35.76394015382578],[-105.43178609994149,35.76450561387273],[-105.43275580319762,35.764950898884855],[-105.43414311350506,35.76490194279823],[-105.43474841962188,35.76467909072992],[-105.43539539578467,35.76488251772379],[-105.43589704996916,35.765717879821736],[-105.43592049104743,35.766566983949055],[-105.43620494216158,35.76715136802134],[-105.43880630688686,35.76879081012117],[-105.43935142809289,35.76976237923723],[-105.44057264245478,35.77078096932178],[-105.44075286253147,35.77120202637525],[-105.4406892656132,35.77231832254802],[-105.44106692480678,35.77358287271801],[-105.44101873084033,35.77409854479884],[-105.44051351280952,35.77505937297326],[-105.44049401300319,35.77736137232306],[-105.44230472568269,35.78053076269957],[-105.44248485087722,35.78232085196043],[-105.44272322598921,35.7829992590495],[-105.44427729647335,35.784567863198184],[-105.44496426175147,35.78600591737668],[-105.44474117178581,35.78698693053795],[-105.44490890785424,35.7873435855824],[-105.44624744224225,35.788358318659476],[-105.44768664161295,35.78890916666061],[-105.44887819795629,35.789787489725455],[-105.44927534008687,35.79026811077551],[-105.45013162532456,35.79079457680623],[-105.4551138886437,35.79311789487292],[-105.46022359814722,35.797249106205825],[-105.46235861570005,35.798100450212445],[-105.46307244495847,35.7992383483438],[-105.463838133281,35.800984769564224],[-105.46376234837187,35.80223555975777],[-105.46405504153361,35.80334857390941]]},"properties":{"trail_name":"HERMITS PEAK","trail_no":"223","trail_type":"TERRA","gis_miles":9.093,"trail_surface":"NATIVE MATERIAL"}},{"type":"Feature","geometry":{"type":"LineString","coordinates":[[-105.51742958764211,35.86262993180516],[-105.51667849547427,35.8626382408496],[-105.51643095240465,35.862475949839286],[-105.51672662444464,35.86217194077644],[-105.5164464773733,35.86207387177776],[-105.5170318924639,35.8616040176732],[-105.51656816434894,35.86147813768084],[-105.51669783936329,35.861308200647755],[-105.51606311016877,35.860707857593646],[-105.5162474762004,35.860595086566],[-105.51580554107713,35.86031723354947],[-105.5160304921219,35.86025147152667],[-105.51568846303236,35.86010426652408],[-105.51569691001696,35.859904394493434],[-105.51524047490668,35.859813676505965],[-105.51519489886678,35.8594713604569],[-105.51327374342888,35.859393741555614],[-105.51331926942379,35.8592170315263],[-105.512198930148,35.85893599154826],[-105.51145499592658,35.85830727449613],[-105.50847276924185,35.85812928764056],[-105.50767093603865,35.857860785646096],[-105.5072153179052,35.85750133861802],[-105.5065550727755,35.857714011688024],[-105.50602515362307,35.8573278596602],[-105.5054312524815,35.85723241267992],[-105.50430899215587,35.85638112661588],[-105.50360902298904,35.85626893463913],[-105.50301488786619,35.85639039069159],[-105.50358685896953,35.856101384615094],[-105.50705805768357,35.85535119730247],[-105.50795568588151,35.85531034024477],[-105.50860960304158,35.855464586230504],[-105.50861059906772,35.855762943275444],[-105.50807427398517,35.85620003637226],[-105.50817597901747,35.8563087753828],[-105.50891520316752,35.856125898312754],[-105.50936972427539,35.85619351329683],[-105.50975173534465,35.8560034622462],[-105.51015904944366,35.8560915752361],[-105.51242813088001,35.855250680978884],[-105.51319098507602,35.855536994978266],[-105.51343387408295,35.85498804088146],[-105.51396945620982,35.85506538286236],[-105.51434184823792,35.85442547574439],[-105.51436286319962,35.8539291516683],[-105.51384012599475,35.85291811554566],[-105.51397817201178,35.85275788151354],[-105.51432896209234,35.852778799496576]]},"properties":{"trail_name":"LOST LAKE","trail_no":"380","trail_type":"TERRA","gis_miles":2.158,"trail_surface":"NATIVE MATERIAL"}},{"type":"Feature","geometry":{"type":"LineString","coordinates":[[-105.88820704382844,35.668825077376795],[-105.88760823764369,35.668225780320896],[-105.88775823863028,35.667679110230104],[-105.88766490358596,35.66740411319403],[-105.88493503097732,35.66739780634886]]},"properties":{"trail_name":"HARD ATALAYA","trail_no":"172","trail_type":"TERRA","gis_miles":0.271,"trail_surface":"NATIVE MATERIAL"}},{"type":"Feature","geometry":{"type":"LineString","coordinates":[[-105.63528359420376,35.967472137787475],[-105.63475489199821,35.9664775056688],[-105.6333244776069,35.96566876063016],[-105.63254853642565,35.9655837746623],[-105.63231090430428,35.964805490559165],[-105.63197532118478,35.964299827502714],[-105.63277522323764,35.962856578239695],[-105.63248822806247,35.96159017106615],[-105.63188360085148,35.960727635971665],[-105.63239408789502,35.95991792982051],[-105.6323724418731,35.959722744792465],[-105.63189943673359,35.95933966076235],[-105.63152060264858,35.959338112784025],[-105.63091144948118,35.95898507376624],[-105.63009199531368,35.959168997841275],[-105.62996741727528,35.95904900483048],[-105.62953249618106,35.95908545786104],[-105.62937760501137,35.95754316363841],[-105.62959546199473,35.95679519451352],[-105.62937406088695,35.95613017342642],[-105.62908761982341,35.95613757544409],[-105.62827758256813,35.955294323364306],[-105.62790163741141,35.954465382261546],[-105.62783574634935,35.953924947184184],[-105.62745728522108,35.953428282131526],[-105.6275067301916,35.952964440058956],[-105.62712631209033,35.952780807053415],[-105.62717327808758,35.95262884202783],[-105.62677333996665,35.95227107399726],[-105.62681120993972,35.95186584793421],[-105.62734427303846,35.95162968986792],[-105.62805300514101,35.95098666073034],[-105.62819970913046,35.95049040064728],[-105.62740594587036,35.949549836551924],[-105.62722063174503,35.94859153041866],[-105.62644030144617,35.94717286425066],[-105.6232301816521,35.946316312307594],[-105.62103539205573,35.9451193532546],[-105.62033810181433,35.944144966148514],[-105.61998194366403,35.94333905004802],[-105.61899358636724,35.94247680697554],[-105.61903595736112,35.942298250946266],[-105.61875592527412,35.94202025792068],[-105.61883884728589,35.94194249390417],[-105.61855330916532,35.941294919823406],[-105.61814617703288,35.94082373977607],[-105.61813424199585,35.940430099717666],[-105.61783118289038,35.94000074667062],[-105.61714155969544,35.93953758564085],[-105.61563507630655,35.93895025163963],[-105.6151006821471,35.93849591760223],[-105.61325416168332,35.93792342662286],[-105.6116315302401,35.93701194557959],[-105.61077585297299,35.93614901849929],[-105.60995023665822,35.934663124323656],[-105.60989259060632,35.934216958259874],[-105.60934847643337,35.9336325732035],[-105.60905422331166,35.93299378612446],[-105.6092291593263,35.932712151072046],[-105.60901015022826,35.93215191300042],[-105.60845325209387,35.932042063016056],[-105.6078015399098,35.93160644198825],[-105.60677040166179,35.931412137018555],[-105.60654649261943,35.93150238204509],[-105.60592459043193,35.930950869998064],[-105.60471235310763,35.930347916977404],[-105.60454724004614,35.93006739594478]]},"properties":{"trail_name":"NORTH AZUL","trail_no":"264","trail_type":"TERRA","gis_miles":3.784,"trail_surface":"NATIVE MATERIAL"}},{"type":"Feature","geometry":{"type":"LineString","coordinates":[[-105.49559402931216,35.96107857990412],[-105.49258717980914,35.96304886237456],[-105.49203901968224,35.963005443399695],[-105.49036986334964,35.96348923556899],[-105.49011463627875,35.96333414056043],[-105.49022534325931,35.962827134477656],[-105.49162057046988,35.961651228219914],[-105.49159519642956,35.96125542816179],[-105.49015487410657,35.9612609522458],[-105.48904254483068,35.96096267426518],[-105.4889246308273,35.96122728331186],[-105.48849021473704,35.961310667349494],[-105.48853351778081,35.96170017340563],[-105.48824153974716,35.962065782477616],[-105.48749685859141,35.96219741354043],[-105.48722444151707,35.962046622533464],[-105.48710709442175,35.9612577024214],[-105.48637414718551,35.96043851734034],[-105.4840152396364,35.96021795744339]]},"properties":{"trail_name":"SANTIAGO LAKE","trail_no":"274","trail_type":"TERRA","gis_miles":1.12,"trail_surface":"NATIVE MATERIAL"}},{"type":"Feature","geometry":{"type":"LineString","coordinates":[[-105.85890702395682,35.629727364161376],[-105.8585796099153,35.63009596523551],[-105.85747033970863,35.63057048337015],[-105.85644615045716,35.63029783738733],[-105.85602823733917,35.63000705936736],[-105.85513851614449,35.630048640424256],[-105.85511717110987,35.6296987223727],[-105.8545634679574,35.62935853435297],[-105.85473467883484,35.627475889059625],[-105.85460255477176,35.62708186500777],[-105.85420704965213,35.62671251097458],[-105.85324462841362,35.6264308149869],[-105.85263879824697,35.626060533965614],[-105.85247416122519,35.62623475500123],[-105.85171315707007,35.626404415070105],[-105.85140444399701,35.626354281080076],[-105.85107672189417,35.626005217046114],[-105.85088718086344,35.626139919077204],[-105.85068023880945,35.6260480570751],[-105.8507983089066,35.62687768819346],[-105.85010119971786,35.62648609217406],[-105.84940208859354,35.62685519226945],[-105.84949017955122,35.6261293361551],[-105.84893948044235,35.62629205021094],[-105.84837448130934,35.6262089832306],[-105.8487056273025,35.6252639270693],[-105.84826561213484,35.62444829697143],[-105.84768910300377,35.62441776599963],[-105.84735605495808,35.62475228206901],[-105.84712269490211,35.62470632307532],[-105.84721228584688,35.6238249849374],[-105.84743664886703,35.62347468587188],[-105.8471017647187,35.62261102576076],[-105.84659991858163,35.62231538974477],[-105.84664100655559,35.621902984680275],[-105.84644504547657,35.62148837262893],[-105.8461126204078,35.621550919657246],[-105.84543507533833,35.622506961839846],[-105.84518586925496,35.62218057980487],[-105.84472745914107,35.62204322281022],[-105.84475950711374,35.62163877374746],[-105.84447510503149,35.62141804573036],[-105.84298589175286,35.622042048909115],[-105.8410678683246,35.62203343201691],[-105.84010058915901,35.622619552160245],[-105.83987474709876,35.62250317615555],[-105.8398709210475,35.62191244206672],[-105.83920600590446,35.621972865113676],[-105.83916271192415,35.62231729016805],[-105.83931310501376,35.622974404258485],[-105.83955274509123,35.623256235287414],[-105.83953806211477,35.62357071433565],[-105.83905121206341,35.62424011946424],[-105.83893439807403,35.62466986053565],[-105.83817855398416,35.62559157571753],[-105.83805017300968,35.62622536282039],[-105.83674075371304,35.62616963688644],[-105.83660491166556,35.62596823286382],[-105.83700197372794,35.62566210379514],[-105.83719389873511,35.62524471272131],[-105.83715569671607,35.6251210787048],[-105.83689428565923,35.6251384177223],[-105.83676137859356,35.62471587866618],[-105.83636473753985,35.62512243375001],[-105.83495829220986,35.62492927380091],[-105.83428241708322,35.62521073088175],[-105.83427552209201,35.6253318359004],[-105.833144193793,35.62478315288205],[-105.83292486470387,35.62431149382342],[-105.83196029547811,35.62418608985941],[-105.83170119248538,35.624947897988974],[-105.83111013638865,35.625358521084486],[-105.8307701563607,35.62591897318833],[-105.8307715513861,35.62621337623262],[-105.83032938431909,35.626583448313575],[-105.83000411132609,35.62751504147248],[-105.82903083310056,35.62741490151275],[-105.82816617893883,35.62777844561674],[-105.82819287498391,35.62823680168434],[-105.82726343486712,35.62929625489691],[-105.82607060167095,35.63011388208803],[-105.82523800949782,35.630260314157496],[-105.82510604950099,35.630642274222545],[-105.82473214943705,35.63086992427814],[-105.82433238734734,35.63086272229983],[-105.8242341113613,35.63128343736883],[-105.82380229727823,35.631437603416664],[-105.82368999927809,35.63172965546708],[-105.82266949799781,35.63111130343192],[-105.82226977197256,35.6318598725675],[-105.82161974785606,35.63219267765464],[-105.81999708944323,35.63159560365695],[-105.81908627319373,35.631051872626806],[-105.8179332879321,35.630999068684424],[-105.81751216687289,35.63140535276965],[-105.81669788869841,35.63148847782852],[-105.81615115560103,35.63177554690286],[-105.81546886945114,35.6318021859457],[-105.81491326331653,35.631676401958366],[-105.81472127825657,35.63147580293906],[-105.81373236104832,35.631619453016974],[-105.8111123824615,35.631590061161596],[-105.81053497434013,35.63167643620742],[-105.81007564427848,35.632154506305696],[-105.80959775619027,35.63236943936527],[-105.80816541686852,35.63234269244275],[-105.80711779360476,35.63198966644909],[-105.80682938456307,35.63225496550548],[-105.80650928463109,35.63388831277004],[-105.80662677968334,35.63419354080933],[-105.80638454468273,35.63481898591745],[-105.80531251249405,35.63541009106761],[-105.80655297288118,35.63670341119203],[-105.80648328090908,35.637212384272736],[-105.80604881485591,35.63772453637467],[-105.80617485498529,35.63891041054635],[-105.80522764483166,35.63958508570197],[-105.80453902474558,35.64037584486037],[-105.8044064398202,35.6415957540519],[-105.80421299681706,35.64206403513351],[-105.8043139489103,35.642891830252545],[-105.8041631129132,35.64331947932562],[-105.80381955685817,35.64357255638336],[-105.80377239691227,35.64432898350009],[-105.80323048790912,35.64570669573861],[-105.80269776484164,35.64630757885954],[-105.80219915174385,35.64646461491162],[-105.80193821770897,35.64673795596765],[-105.8012229117313,35.64886585132919],[-105.80028972456068,35.649305833448715]]},"properties":{"trail_name":"BALDY","trail_no":"175","trail_type":"TERRA","gis_miles":6.335,"trail_surface":"NATIVE MATERIAL"}},{"type":"Feature","geometry":{"type":"LineString","coordinates":[[-105.52465863564983,35.936031770453866],[-105.52515649772799,35.93564650136713]]},"properties":{"trail_name":"BORDO DEL MEDIO","trail_no":"252","trail_type":"TERRA","gis_miles":0.039,"trail_surface":"NATIVE MATERIAL"}},{"type":"Feature","geometry":{"type":"LineString","coordinates":[[-105.39877720145975,35.728788159338194],[-105.39897957551987,35.72895882435255],[-105.39877662250329,35.729298246415645],[-105.39830053159432,35.731609251793486],[-105.39802714084641,35.73526801436439],[-105.39873213415044,35.73696646658193],[-105.39921845730171,35.73745569762849],[-105.39973537162021,35.73981560795712]]},"properties":{"trail_name":"LAS DISPENSAS","trail_no":"222","trail_type":"TERRA","gis_miles":0.8290000000000001,"trail_surface":"NATIVE MATERIAL"}},{"type":"Feature","geometry":{"type":"LineString","coordinates":[[-105.52202701934037,35.93925350509095],[-105.52255145542864,35.938916419009914]]},"properties":{"trail_name":"BORDO DEL MEDIO","trail_no":"252","trail_type":"TERRA","gis_miles":0.037000000000000005,"trail_surface":"NATIVE MATERIAL"}},{"type":"Feature","geometry":{"type":"LineString","coordinates":[[-105.54711789635729,35.90928139512967],[-105.54771214744314,35.90873665801339],[-105.54814447047413,35.90797898687431],[-105.54821044145886,35.90763345581847],[-105.54799697932287,35.90662200067846],[-105.54851930534055,35.90547912247621]]},"properties":{"trail_name":"BORDO DEL MEDIO","trail_no":"252","trail_type":"TERRA","gis_miles":0.301,"trail_surface":"NATIVE MATERIAL"}},{"type":"Feature","geometry":{"type":"LineString","coordinates":[[-105.5345992219371,35.92521443625124],[-105.53485951093035,35.9244674331237]]},"properties":{"trail_name":"BORDO DEL MEDIO","trail_no":"252","trail_type":"TERRA","gis_miles":0.058,"trail_surface":"NATIVE MATERIAL"}},{"type":"Feature","geometry":{"type":"LineString","coordinates":[[-105.5189951609375,35.94243416374489],[-105.51963814201136,35.94162693358628]]},"properties":{"trail_name":"BORDO DEL MEDIO","trail_no":"252","trail_type":"TERRA","gis_miles":0.069,"trail_surface":"NATIVE MATERIAL"}},{"type":"Feature","geometry":{"type":"LineString","coordinates":[[-105.527615215426,35.92585794175096],[-105.52806955652704,35.92584776372327]]},"properties":{"trail_name":"BORDO DEL MEDIO","trail_no":"252","trail_type":"TERRA","gis_miles":0.026000000000000002,"trail_surface":"NATIVE MATERIAL"}},{"type":"Feature","geometry":{"type":"LineString","coordinates":[[-105.88686159644318,35.72604395605361],[-105.88897071592723,35.726208213957506],[-105.88998015320318,35.72680148998884],[-105.88973066421667,35.72760364012356],[-105.88916792216239,35.72842898727973],[-105.88916584120535,35.72893336335563],[-105.88894582518401,35.72925491941648],[-105.8893136703515,35.73024842254463],[-105.88902792831327,35.730543465605294],[-105.88668583581966,35.73087069578852],[-105.88560889061496,35.731280077911705],[-105.88532156860325,35.73188767001939],[-105.8855934006885,35.73217426904686],[-105.8846786044908,35.73224553110995],[-105.88448122946511,35.73245752115306],[-105.88500388159441,35.732607077145595],[-105.88464932153556,35.732840349200906],[-105.88504591563037,35.73291506718945],[-105.88579137583943,35.73341438722175],[-105.88686922610512,35.73371092320457],[-105.88803987846734,35.73488723631413],[-105.88962044990343,35.735861879369935],[-105.88977287696225,35.73615044040455],[-105.89035520211155,35.73637756640532],[-105.89075460923357,35.73676057843994],[-105.89078711026394,35.73702888847836],[-105.89200891762574,35.738068885564495],[-105.89228323468936,35.73809802855315],[-105.89254450278638,35.73854863860588],[-105.893656979103,35.73934650766193],[-105.8938394481859,35.73983632972497],[-105.89488942453123,35.74112891885882],[-105.89579797777598,35.74162043588057],[-105.89616777786236,35.741666678866345],[-105.89689820301953,35.741602074814764],[-105.89768863414568,35.74102301568259]]},"properties":{"trail_name":"JUAN","trail_no":"399","trail_type":"TERRA","gis_miles":1.9380000000000002,"trail_surface":"NATIVE MATERIAL"}},{"type":"Feature","geometry":{"type":"LineString","coordinates":[[-105.47983297453445,35.57468791932632],[-105.4821706532279,35.57668602449809],[-105.48255922733506,35.57692247351209],[-105.48335405052698,35.57708403949177],[-105.48401362871871,35.57760115953312],[-105.48393257675066,35.5781929796277],[-105.48309113560278,35.57867563074863],[-105.48276694759026,35.57938612387503],[-105.48297249271471,35.58031076800402],[-105.4826517937054,35.58105056313462],[-105.48245891478393,35.58248846436419],[-105.48258785684312,35.58284573141119],[-105.48368267213225,35.583360304427565],[-105.48368617715825,35.58365737047251],[-105.48316055508933,35.58423503959006],[-105.48311256815877,35.58518192973674],[-105.48203053017076,35.588187123254826],[-105.48231276826664,35.5885719812974],[-105.48295812343022,35.58879422729469],[-105.48314353353548,35.58954502339833],[-105.484101595764,35.589706098368644],[-105.48440535685242,35.589945503387845],[-105.48416980183664,35.59038291346767],[-105.4829811666462,35.591281076671436],[-105.48282369266505,35.59191999277749],[-105.48480813015166,35.59241018873974],[-105.48446104710739,35.59280562581951],[-105.48489242734207,35.59443294904243],[-105.4866004238542,35.59595413617702],[-105.48681336302829,35.59744374939141],[-105.48722478418277,35.598177603479634],[-105.48718185223893,35.59895301759994],[-105.48685328525201,35.59997574877394],[-105.48653792521081,35.600323840844666],[-105.4864277082528,35.6011099939704],[-105.48605295119614,35.60143313104072],[-105.48567570110495,35.60135536305022],[-105.48548583307809,35.60154090508915],[-105.48489999905826,35.602855467322094],[-105.48497312709571,35.603103607355656],[-105.48608420343903,35.60421234346132],[-105.48641756056426,35.6048071005328],[-105.48647669268821,35.606111360727624],[-105.48671618477248,35.60647115576876],[-105.48741676197092,35.60695831980311],[-105.48758785006339,35.60759549089023],[-105.48797374317694,35.60791291891662],[-105.49000945964653,35.608067068824816],[-105.49066902578612,35.607968633772465],[-105.4914945879892,35.60817988675786],[-105.49177031509801,35.60873284982621],[-105.49175653417798,35.609711267975676],[-105.49194061925371,35.61011677402686],[-105.49342952956513,35.60985236990238],[-105.4942908106792,35.60892057371203],[-105.49524705297502,35.609879469803566],[-105.4966232303089,35.61017691777079],[-105.49782005962268,35.610711821784264],[-105.49855390978618,35.61069908174081],[-105.49924904597236,35.61105620075568],[-105.49983969915233,35.61161544880716],[-105.50039998928192,35.611661821782455],[-105.50071342539447,35.61215956784031],[-105.50128703653195,35.6122639278237],[-105.50161223664259,35.612707582872616],[-105.5018573206996,35.6127323618625],[-105.50214686574041,35.612448685803045],[-105.50253014985668,35.61280558483553],[-105.50272230288222,35.61259890579328],[-105.50301712494613,35.612572966772625],[-105.50380189114402,35.61283075576731],[-105.50441510240692,35.61430729495683],[-105.50440867844384,35.61475862702575],[-105.50410499144678,35.61559476616994],[-105.50346599332097,35.61580023723729],[-105.50323914029005,35.61603522728586],[-105.50306543530853,35.61671113339829],[-105.5081608498455,35.62135270581439],[-105.50852428696558,35.62180635086267],[-105.50848502007058,35.62314540706818],[-105.50879444518797,35.62371001813637],[-105.51049880669792,35.62521294926793],[-105.51046459083197,35.626879757522865],[-105.51001754278099,35.62745883463614],[-105.50976662382081,35.628588430821814],[-105.50911639171026,35.62900248892151],[-105.50885781686894,35.63154902032272],[-105.50935667122636,35.63443493373246],[-105.51063513259699,35.635422145809756],[-105.51137643487706,35.636759959970746],[-105.5111464239234,35.63791008615835],[-105.51117505406108,35.63945143039062],[-105.51141648522587,35.64075165357419],[-105.51092533814327,35.6410748286511],[-105.50924382512736,35.64531503938997],[-105.50874342505968,35.645837287497585],[-105.50813645212153,35.648161235884665],[-105.51064732615912,35.653729831586936],[-105.51098939338011,35.65542301182433],[-105.51137502354132,35.6562997439354],[-105.51162361986985,35.65949881440649],[-105.51236228518432,35.661243803629226],[-105.5140591289993,35.6663369163052],[-105.51452051815782,35.666981842376785],[-105.51423164317248,35.66791302153442],[-105.5140470702627,35.669454404778584],[-105.5132536791612,35.67034962095942],[-105.51315161024601,35.6716115811566],[-105.512469978235,35.67327318044726],[-105.5124111713734,35.67504818671971],[-105.51215765842431,35.67631020492545],[-105.51267514562697,35.677324049049716],[-105.51597939369852,35.68119470644855],[-105.51592278272133,35.68161029851479],[-105.51529550265003,35.682422153673514],[-105.51498394367403,35.68352059585774],[-105.51562408092859,35.68481963801824],[-105.51670263628637,35.686176096162455],[-105.51709564052652,35.68795387240951],[-105.51716859373128,35.69015810773941],[-105.5192677203834,35.692279583941435],[-105.5193865544339,35.6925584989769],[-105.51931781748051,35.69328385709071],[-105.51953141255949,35.693647288133604],[-105.52006608670888,35.693992303155525],[-105.52068202685665,35.69410458213742],[-105.52224170229078,35.69509233619835],[-105.52271711755756,35.696964163454865],[-105.52391104790296,35.69787230452444],[-105.5245438931124,35.69866163360796],[-105.52563978843466,35.69955646468116],[-105.52589307053495,35.70006435274362],[-105.52599539962222,35.70081590985164],[-105.52540546255595,35.70158747800211],[-105.525173499554,35.70217182510385],[-105.52565387269938,35.70261248614322],[-105.52565038480955,35.70390868133975],[-105.52603887890685,35.704027189335584],[-105.52660175608963,35.704688135403615],[-105.52732601628264,35.70504634341664],[-105.527870675466,35.705761403493895],[-105.52819068161251,35.70663473760795],[-105.52872587274395,35.70676778759759],[-105.52930073592297,35.70735344565352],[-105.5299612361975,35.708829801839464],[-105.53086361146146,35.70954950289702],[-105.5320022268338,35.71091611403913],[-105.53303188512366,35.711605152084715],[-105.5339847854911,35.713400085302226],[-105.53630505713075,35.71479467838109],[-105.53785704760028,35.71621385250745],[-105.53808109969819,35.716769948578886],[-105.53765178568526,35.71774222775052],[-105.53803265584992,35.71866687786878],[-105.5393379852184,35.71955183992828],[-105.5400895874131,35.71985702293167],[-105.54217145284007,35.71939393774283],[-105.5441100263111,35.71981925669672],[-105.54512582368018,35.721468352888365],[-105.54622913592819,35.721476703826674],[-105.54713256022032,35.72252178993334],[-105.5479099914216,35.7228366809366],[-105.54894124977339,35.72424381009071],[-105.54984882903052,35.7248701091337],[-105.55165510357995,35.726554540285505],[-105.55219090578649,35.72756225740746],[-105.55275686294668,35.72795090743398],[-105.5528916490119,35.728358958487966],[-105.55280912211204,35.729741805701885],[-105.55147749597994,35.7316801260711],[-105.55097728296799,35.73284710727616],[-105.54874051858988,35.734283136621],[-105.54746369443382,35.735799404923306],[-105.54660867836218,35.7371970551835],[-105.54449604635407,35.74261718812394],[-105.54341925520649,35.743709290350594],[-105.54248366621184,35.74621280578266],[-105.54199733415831,35.74685852890809],[-105.54178337217319,35.74759024203104],[-105.54238472044865,35.74922657824414],[-105.54319415674635,35.75057876640242],[-105.54401594901258,35.751532608499744],[-105.54641289800124,35.75678190815648],[-105.54904594376048,35.758745867302984],[-105.55073974719286,35.75935874729882],[-105.55094127127136,35.75974587934584],[-105.550590848262,35.76055062348753],[-105.55129074946638,35.761102180530884],[-105.55232299873676,35.761555478540444],[-105.55319022899657,35.7623154026057],[-105.55327939413556,35.76369859680969],[-105.5538319524734,35.76618440015376],[-105.55275503028254,35.76677205030417],[-105.55234801026542,35.767633138457605],[-105.55259711237699,35.768280507541185],[-105.553464544618,35.76882138157334],[-105.55353334965912,35.76911981261449],[-105.55288150358489,35.7699544947779],[-105.55173715350698,35.77202879115686],[-105.5517674405384,35.77231479519832],[-105.55203230462013,35.77257476122245],[-105.5513315735586,35.77368421743018],[-105.55132255564726,35.77473721158983],[-105.55058652764504,35.77662711991754],[-105.55117151488304,35.77786700207141],[-105.55119500393941,35.778460371159746],[-105.55092059092225,35.778975011253195],[-105.54934844868683,35.780333104548326],[-105.54842960058643,35.78155882978615],[-105.54821638759205,35.78217871989199],[-105.54705108938013,35.78275116204514],[-105.54665833032375,35.78311893012323],[-105.54614562228163,35.78396361428017],[-105.54603199734763,35.785025356447136],[-105.54498853626504,35.7867810077721],[-105.5448681572922,35.78740860987377],[-105.5438509451675,35.788607794113204],[-105.54337553316334,35.789796016319926],[-105.54178424798138,35.79182388371739],[-105.54102089586105,35.79241300985011],[-105.53917496451515,35.793201622074946],[-105.53798744933003,35.79414305328519],[-105.53629888712078,35.79610664567851],[-105.53443188494366,35.79890632920837],[-105.53415997296538,35.79986499336882],[-105.53431837002557,35.80015081340292],[-105.53430301417049,35.80186972666348],[-105.53511792462186,35.80498170708686],[-105.53556749594665,35.807575723452956],[-105.53524491195908,35.80855695661967],[-105.53407178286326,35.8104945729795],[-105.53222150956576,35.81185468529096],[-105.53157383751207,35.8129142534881],[-105.53236119595415,35.815987362907116]]},"properties":{"trail_name":"SKY LINE","trail_no":"251","trail_type":"TERRA","gis_miles":21.231,"trail_surface":"NATIVE MATERIAL"}},{"type":"Feature","geometry":{"type":"LineString","coordinates":[[-105.56184435142372,35.883576910409104],[-105.56216457845757,35.88314000032488]]},"properties":{"trail_name":"BORDO DEL MEDIO","trail_no":"252","trail_type":"TERRA","gis_miles":0.036000000000000004,"trail_surface":"NATIVE MATERIAL"}},{"type":"Feature","geometry":{"type":"LineString","coordinates":[[-105.5338833068453,35.92600394141144],[-105.53444010694196,35.92567990533054],[-105.5345992219371,35.92521443625124]]},"properties":{"trail_name":"BORDO DEL MEDIO","trail_no":"252","trail_type":"TERRA","gis_miles":0.075,"trail_surface":"NATIVE MATERIAL"}},{"type":"Feature","geometry":{"type":"LineString","coordinates":[[-105.71321187631368,35.88349990367742],[-105.71328687728641,35.882994440597194],[-105.71203135795332,35.88239331657929],[-105.71137092172927,35.881515925485566],[-105.71120016252146,35.87956722920274],[-105.71064608934195,35.87892812413867],[-105.71032808121089,35.878239757053585]]},"properties":{"trail_name":"HORSETHIEF","trail_no":"253","trail_type":"TERRA","gis_miles":0.452,"trail_surface":"NATIVE MATERIAL"}},{"type":"Feature","geometry":{"type":"LineString","coordinates":[[-105.62978660194331,35.921383382182086],[-105.62809112962145,35.922047469379805],[-105.62604829914721,35.921856919469064],[-105.6258684441286,35.922105370516796],[-105.62618579826261,35.922826286606835],[-105.6260190702318,35.92290151162775],[-105.62489048392476,35.92227990259945],[-105.6242915026678,35.92087291442253],[-105.62268542723143,35.919994868383284],[-105.62063237271953,35.91940011641232],[-105.61991185156099,35.91943229545875],[-105.61927861545941,35.91989437256478],[-105.61883739934949,35.91976750257115],[-105.61862063125707,35.91926525450816],[-105.61879507828762,35.91916733348335],[-105.61884440926961,35.91883406843041],[-105.61931171836076,35.9186788203801],[-105.61919380132112,35.9185272503641],[-105.61744690294238,35.91867165348667],[-105.61690523884967,35.91900051956739],[-105.6167175918239,35.91918733160631],[-105.61657573988383,35.920238252772485],[-105.61625194382037,35.9203427858069],[-105.61582314669906,35.920053183788106],[-105.61572807061367,35.919318326683104],[-105.61451808321735,35.91788310553711],[-105.61623674152098,35.91694903829746],[-105.6154823323215,35.91660032528858],[-105.6150112202206,35.91665308732368],[-105.61421330002305,35.91643827333743],[-105.61403799195739,35.916135627302005],[-105.61360118488356,35.91641102436862],[-105.61213360552723,35.91609582040589],[-105.61090515625736,35.916157403486096],[-105.61021720208511,35.91594979549451],[-105.60854806475652,35.91647097566922],[-105.60841640773857,35.916603630696784],[-105.60843838777652,35.91698234175248],[-105.60808147670441,35.91707260078664],[-105.6079195106616,35.91699783078471],[-105.60778180759209,35.91655464172606],[-105.60745266650216,35.91636909471713],[-105.60665952534224,35.916573119793554],[-105.60620498022035,35.916344019785356],[-105.60544375804689,35.916310822824244],[-105.60545944402305,35.91599724277621],[-105.60529223196745,35.915788732754436],[-105.6058853400094,35.91474568656339],[-105.60512111880804,35.91440035055552],[-105.60541454085926,35.91423324851344],[-105.60544682384285,35.913962121470824],[-105.60490462061847,35.91278223032462],[-105.60504448362593,35.91250862027538],[-105.6048410235171,35.911782733177944],[-105.60447471736909,35.91102607608523],[-105.60389408920672,35.910656401063115],[-105.60416118023524,35.9102967129936],[-105.60413402219541,35.90990963093697],[-105.60397653212112,35.9094620878787],[-105.60328956190381,35.90873511580897],[-105.60322219885718,35.90837281175831]]},"properties":{"trail_name":"SEBADILLOSES","trail_no":"245","trail_type":"TERRA","gis_miles":2.936,"trail_surface":"NATIVE MATERIAL"}},{"type":"Feature","geometry":{"type":"MultiLineString","coordinates":[[[-105.59828048271007,35.907918019974844],[-105.59775742462914,35.90833463806773],[-105.59762003862652,35.908658034124294],[-105.5973124955591,35.90867506214459],[-105.59711919754942,35.909061156213866],[-105.59533213926873,35.91043692852387],[-105.5963773735229,35.91066525849798],[-105.59708919867876,35.91062311745059],[-105.59716800471358,35.91081958247559],[-105.59676853063773,35.910976877522295],[-105.59645462760061,35.91135800259776],[-105.59534526038074,35.91168779871135],[-105.59451423124432,35.912260168845386],[-105.59331524509666,35.91364883312347],[-105.59149931272225,35.91402305628451],[-105.59046258845554,35.9136294672851],[-105.58948937126617,35.91395999439097],[-105.58900282820623,35.914523208503795],[-105.5883649880889,35.9148177255849],[-105.58805060807052,35.915415291692945],[-105.58686034191975,35.91674636196188],[-105.58591021282629,35.91811731522296],[-105.58375938543192,35.919124185498575],[-105.58193125213704,35.92044258280239],[-105.57971531470797,35.921219701047164],[-105.57924178463664,35.92161940013464],[-105.57806701648552,35.92290686039617],[-105.5778373764753,35.92337972648056],[-105.57709430935375,35.923896012601105],[-105.5767715253262,35.92441046969716],[-105.57663365433233,35.92483492176899],[-105.57678082048413,35.926196513965344],[-105.57659796447207,35.926528894025914],[-105.5752133322478,35.927516603254475],[-105.57358254891825,35.92793059641087],[-105.57203953467699,35.929130863680555],[-105.57170822265485,35.92972893978962],[-105.57176820369055,35.92998320082441],[-105.57093803860229,35.93110547504121],[-105.57104398865049,35.931385653077285],[-105.57090865769099,35.93219728420718],[-105.5705394256359,35.93251499127632],[-105.56927707638643,35.932900072407115],[-105.56846596027557,35.93371372257637],[-105.56773335122904,35.93506296182166],[-105.56760656736519,35.93694853111269]],[[-105.56492946480267,35.937382409332514],[-105.56367494854769,35.93768406645035],[-105.5631244564561,35.9380492325371],[-105.56241690828746,35.93793569656084],[-105.56166168413633,35.93814487163595],[-105.56073552400751,35.9390486188254],[-105.55824532259739,35.940748311224944],[-105.55700530744882,35.94223148951971],[-105.5567005263888,35.94232731455176],[-105.55679843942687,35.94251187257385],[-105.55663759143611,35.94303094266126],[-105.55579607029752,35.943605067796256],[-105.55519606025074,35.94461075098224],[-105.55248187776701,35.946043084354514],[-105.55136337159423,35.94693778155377],[-105.54922901538079,35.94997535013407],[-105.54921885845764,35.950881004270954],[-105.54870650745862,35.952207377500116],[-105.54910878762334,35.953059521605084],[-105.55024816594015,35.95375938564457],[-105.5526181627111,35.95649596491926],[-105.55325426790289,35.95705789296706],[-105.55448024924114,35.957780741004896],[-105.55431421827183,35.958557685131346],[-105.55464483444581,35.95969846828386],[-105.55464964549357,35.96023216636383],[-105.55497706363491,35.96100859046171],[-105.55489917264903,35.9613697165205],[-105.5555236298638,35.9622239136129],[-105.55618891413079,35.963569576776806],[-105.55691216936054,35.96434146885106],[-105.55666011233204,35.96466140691377],[-105.55660440638711,35.965433820033134],[-105.5596255202603,35.96766773019433],[-105.5608829405815,35.96811453318882],[-105.56252607105286,35.96928898927032],[-105.56300416116325,35.96932506724812],[-105.5636500904196,35.97059801040217],[-105.56416598656433,35.97092970042218],[-105.56399298256126,35.97133761249345],[-105.56440010577515,35.972737651680404],[-105.56417741087017,35.97439366794221],[-105.56456352805147,35.97547470008238],[-105.56446263513828,35.97672404327605]]]},"properties":{"trail_name":"PECOS","trail_no":"24","trail_type":"TERRA","gis_miles":6.753,"trail_surface":"NATIVE MATERIAL"}},{"type":"Feature","geometry":{"type":"LineString","coordinates":[[-105.4115525039399,35.712546547145465],[-105.41124064893569,35.71331559427996],[-105.41065317386689,35.71405447642557],[-105.4095150836838,35.71490286161913],[-105.40842701653229,35.71598925684598],[-105.40814026751488,35.71653874894572],[-105.4081592285937,35.717409624076865],[-105.40802292957973,35.717604357114176],[-105.40730094943474,35.71780552518581],[-105.40658847725823,35.71761394819728],[-105.40657216436526,35.718907032394476],[-105.40622368327264,35.71874006038899],[-105.4059647812212,35.718818471415645],[-105.40596460124965,35.71915169746618],[-105.40626873135672,35.719603927517525],[-105.40532122829518,35.72137214783991],[-105.40524162234163,35.72212345195846],[-105.40425678015063,35.72247702806822],[-105.4027091949197,35.72384185536349],[-105.40057818352294,35.72480045663032],[-105.39943883434306,35.72569018483026],[-105.39911923441703,35.72739253510689],[-105.3995607025658,35.727970524169464],[-105.39886382944995,35.728446458281375],[-105.39879716346667,35.72881654434138]]},"properties":{"trail_name":"LAS DISPENSAS","trail_no":"222","trail_type":"TERRA","gis_miles":1.577,"trail_surface":"NATIVE MATERIAL"}},{"type":"Feature","geometry":{"type":"LineString","coordinates":[[-105.66538508698412,35.830181101413274],[-105.66482112387122,35.83033528446888],[-105.66401696564428,35.82979264643339],[-105.66375298459602,35.8299174104673],[-105.66295047639355,35.82965314847366],[-105.66271566332044,35.82941612845146],[-105.66184673812417,35.82939476149819],[-105.66147207202418,35.82920852349165],[-105.6608023858127,35.82849708442302],[-105.65899734630507,35.827300563346554],[-105.658312395119,35.82692178732887],[-105.65751905892832,35.826770419351604],[-105.65739799692012,35.82698875939143],[-105.657737192048,35.8275884514623],[-105.65779836910282,35.828063481530265],[-105.65865655343474,35.82967783972406],[-105.65850068042623,35.8299820637788],[-105.65816591235698,35.830047813807916],[-105.65806683440032,35.83080406592749],[-105.65912193474287,35.83203270205186],[-105.65943062288659,35.83289382516375],[-105.6594256750769,35.835103035496594],[-105.6592458270596,35.8353674265467],[-105.6589905070068,35.83541777156898],[-105.65694965754146,35.83531908267139],[-105.65627417736994,35.83508399867479],[-105.65605459529768,35.8348173666473],[-105.65510417604223,35.83432431262769]]},"properties":{"trail_name":"PECOS RIVER","trail_no":"397","trail_type":"TERRA","gis_miles":1.492,"trail_surface":"NATIVE MATERIAL"}},{"type":"Feature","geometry":{"type":"LineString","coordinates":[[-105.53753684314258,35.92001044029805],[-105.53825677423293,35.91919377913354]]},"properties":{"trail_name":"BORDO DEL MEDIO","trail_no":"252","trail_type":"TERRA","gis_miles":0.07200000000000001,"trail_surface":"NATIVE MATERIAL"}},{"type":"Feature","geometry":{"type":"LineString","coordinates":[[-105.54192279365563,35.91460599123113],[-105.5422238076709,35.91400599112346],[-105.54291616676228,35.913271785972924]]},"properties":{"trail_name":"BORDO DEL MEDIO","trail_no":"252","trail_type":"TERRA","gis_miles":0.113,"trail_surface":"NATIVE MATERIAL"}},{"type":"Feature","geometry":{"type":"LineString","coordinates":[[-105.5335638658186,35.92652042450768],[-105.53382407885837,35.926306340460435],[-105.53388870284472,35.925983449408065]]},"properties":{"trail_name":"BORDO DEL MEDIO","trail_no":"252","trail_type":"TERRA","gis_miles":0.045000000000000005,"trail_surface":"NATIVE MATERIAL"}},{"type":"Feature","geometry":{"type":"LineString","coordinates":[[-105.53562501597672,35.92302891786295],[-105.53616161804227,35.92239985973724]]},"properties":{"trail_name":"BORDO DEL MEDIO","trail_no":"252","trail_type":"TERRA","gis_miles":0.054,"trail_surface":"NATIVE MATERIAL"}},{"type":"Feature","geometry":{"type":"LineString","coordinates":[[-105.5186950159127,35.94292215083577],[-105.5189951609375,35.94243416374489]]},"properties":{"trail_name":"BORDO DEL MEDIO","trail_no":"252","trail_type":"TERRA","gis_miles":0.039,"trail_surface":"NATIVE MATERIAL"}},{"type":"Feature","geometry":{"type":"LineString","coordinates":[[-105.55274149072852,35.89905606226534],[-105.55289167772096,35.89858186018529]]},"properties":{"trail_name":"BORDO DEL MEDIO","trail_no":"252","trail_type":"TERRA","gis_miles":0.035,"trail_surface":"NATIVE MATERIAL"}},{"type":"Feature","geometry":{"type":"LineString","coordinates":[[-105.54147490959747,35.9150915183301],[-105.54182857865938,35.91489152527955],[-105.54192184765267,35.914574319226425]]},"properties":{"trail_name":"BORDO DEL MEDIO","trail_no":"252","trail_type":"TERRA","gis_miles":0.049,"trail_surface":"NATIVE MATERIAL"}},{"type":"Feature","geometry":{"type":"LineString","coordinates":[[-105.47163176187135,36.01749652778325],[-105.47136993279011,36.01724074075991],[-105.4725557110211,36.016836938630455],[-105.47269027402051,36.01648556056978],[-105.47140136273597,36.01654389165322],[-105.47033476147377,36.016287338676435],[-105.47038492846994,36.01611555064763],[-105.47143603567572,36.015768506534556],[-105.4714566806576,36.01550912949429],[-105.47111968455037,36.015150947459915],[-105.468783411896,36.01367689237347],[-105.46785624060844,36.01277448729136],[-105.46710783129359,36.011102878083165],[-105.4659080528946,36.009628536930734],[-105.46564569773744,36.00850945477748],[-105.46491424349989,36.00767526969425],[-105.46471494340781,36.00713640962474],[-105.46517142536372,36.005463921346546],[-105.46418492600466,36.00389718816781],[-105.46469616307374,36.00337452705949],[-105.46756616163727,36.00244569375353],[-105.46769923161925,36.00189911866356],[-105.46751094347691,36.000758308502746],[-105.46854723859325,35.999428864242596],[-105.4685923765846,35.999214817207765],[-105.46834754251006,35.998992068188414],[-105.46824455044928,35.998562815129716],[-105.46722855818494,35.998151986126686],[-105.46738539620257,35.99795091708732],[-105.46856945244521,35.99768347497853],[-105.47279482726637,35.996219022513536],[-105.4779797813769,35.99559798211998],[-105.48046231995883,35.99587405401787],[-105.48205282935862,35.99635799499861],[-105.48395061787312,35.99736356304015],[-105.48607578934632,35.99731538490984],[-105.49121897354331,35.99779097468368],[-105.49285921390921,35.99776179758435],[-105.49415752616247,35.997324551443405],[-105.4955082053638,35.99616012218999],[-105.49689560065733,35.995953672078585],[-105.49943416416849,35.99528107183047],[-105.50008293723587,35.99438723165844],[-105.50407143905295,35.9934900882926],[-105.50632911947858,35.99256177802225],[-105.50687515963303,35.9929246120452],[-105.50794842184462,35.99258928493263],[-105.5090571661285,35.99298734792836],[-105.5109538164625,35.99193922366087],[-105.51174745865045,35.99205008263163],[-105.51231883880617,35.99236300664558],[-105.5133515750585,35.99259665462097],[-105.51488521040348,35.99260338153321],[-105.51584712966266,35.99309667655175],[-105.51624878773005,35.99283687948939],[-105.51665534376494,35.992193364369044],[-105.5173472668906,35.991854743278076],[-105.51823162107934,35.99174299521008],[-105.51891680924567,35.99188514119177],[-105.52018798559045,35.99256295822012],[-105.52083922983374,35.99367046434904],[-105.52138294298177,35.99396660136206],[-105.52151785408421,35.99478910647795],[-105.52169786213712,35.99493203048902],[-105.5229709194498,35.995238678461426],[-105.52400795968224,35.995234240400684]]},"properties":{"trail_name":"MIDDLE FORK","trail_no":"266","trail_type":"TERRA","gis_miles":5.406,"trail_surface":"NATIVE MATERIAL"}},{"type":"Feature","geometry":{"type":"LineString","coordinates":[[-105.55727071482146,35.888446758406154],[-105.55778287285868,35.887553988242146],[-105.55866435797255,35.88659007904616]]},"properties":{"trail_name":"BORDO DEL MEDIO","trail_no":"252","trail_type":"TERRA","gis_miles":0.162,"trail_surface":"NATIVE MATERIAL"}},{"type":"Feature","geometry":{"type":"LineString","coordinates":[[-105.55705930992623,35.890197061682024],[-105.55694956479667,35.888989948506506],[-105.55727071482146,35.888446758406154]]},"properties":{"trail_name":"BORDO DEL MEDIO","trail_no":"252","trail_type":"TERRA","gis_miles":0.133,"trail_surface":"NATIVE MATERIAL"}},{"type":"Feature","geometry":{"type":"LineString","coordinates":[[-105.55868685841901,35.93757069172129],[-105.55779741926543,35.938096591851796],[-105.55578171896468,35.93983087822915],[-105.55480444386438,35.94119299949057],[-105.55260465749681,35.94263458683451],[-105.55144778128388,35.943168063981645],[-105.54876173584489,35.94504140341864],[-105.5463851323919,35.94595907769399],[-105.54501039720321,35.94733019097974],[-105.54337884504048,35.94965736642419],[-105.54256081101127,35.95142391473727],[-105.54246404804911,35.95210543084547],[-105.54273687325514,35.95376258407906],[-105.54115126524633,35.957731608767865],[-105.54003200006018,35.95847509594442],[-105.53987433505439,35.958813662004474],[-105.53938734994615,35.95882566003444],[-105.53920966396456,35.959491830144934],[-105.5394541240589,35.959943697198774],[-105.53909849798593,35.96002167223108],[-105.539173581035,35.96039002128214],[-105.53887049005681,35.96141748445428],[-105.53791232888517,35.96191310258423],[-105.53677440664195,35.96205189167088],[-105.53644302660922,35.962527760761645],[-105.53610706352335,35.96240841676308],[-105.53559547344085,35.96277763784822],[-105.53499156732006,35.9629461339085],[-105.53459034021361,35.962758202903395],[-105.53419638716126,35.963170849988266],[-105.5333985319611,35.96292992299817],[-105.53234992978493,35.963606007160465],[-105.53087789044562,35.963504068230215],[-105.53034784535342,35.963810044306896],[-105.52975328129045,35.96461572046252],[-105.52912550718312,35.96499935255651],[-105.52811918890008,35.96434596651636],[-105.52715445565366,35.9640039785207],[-105.52661264253199,35.96400327355187],[-105.5257233123573,35.9642882876462],[-105.52346938883015,35.96404568673994],[-105.52264991566523,35.96426292682]]},"properties":{"trail_name":"PECOS RIVER","trail_no":"456","trail_type":"TERRA","gis_miles":3.271,"trail_surface":"NATIVE MATERIAL"}},{"type":"Feature","geometry":{"type":"LineString","coordinates":[[-105.83362422681945,35.79838336796812],[-105.83403303198652,35.79925992507616],[-105.83509082324366,35.799504521052114],[-105.8357996154886,35.80050802016199],[-105.83687871475765,35.80083485914905],[-105.83711521784156,35.801194924189495],[-105.83713784389732,35.80178086927616],[-105.8379606181287,35.80233312531173],[-105.83928676240618,35.8021219582038],[-105.83978576049051,35.80181027012841],[-105.84068977471851,35.80211440312208],[-105.84134876783567,35.80177018303259],[-105.8416794038561,35.80115443292116],[-105.84257061401237,35.800663009796175],[-105.84300502111081,35.80068092477391],[-105.84360488129012,35.80120704381841],[-105.84381751529162,35.80067623972655],[-105.84472323640689,35.799674751524186],[-105.8457326506386,35.79975067347758],[-105.84568615658635,35.799266988407666],[-105.8463434947258,35.7991842743575],[-105.84670330582276,35.799377331365804],[-105.84753039695475,35.79877174522738],[-105.84804073905966,35.79866821018254],[-105.84839995719251,35.79927776225337],[-105.84866343932957,35.800181784373855],[-105.84915798144873,35.80028455436088],[-105.84996390466998,35.80076361138646],[-105.8509553919659,35.80162817945919],[-105.85188659719826,35.80191283844837],[-105.85223937833292,35.802559408525106],[-105.85280003744202,35.80237562246528],[-105.85324580457221,35.80273079549295],[-105.8540003167652,35.80301677549247],[-105.85417298382062,35.80321205951187],[-105.85415702086183,35.803729221590366],[-105.85452078499654,35.80434723766215],[-105.85574108230975,35.804821785663194],[-105.85576523934778,35.80519875371835],[-105.85534460832169,35.805980214859765],[-105.85588121852321,35.80692466097059],[-105.85601595562471,35.807749380086534],[-105.85646183879253,35.80853867217925],[-105.85659686595615,35.810079466402584],[-105.85648259295951,35.81041227045909],[-105.85677359805234,35.810734716490714],[-105.85753524424663,35.811016718489206],[-105.8577055812746,35.81090135146215],[-105.85774728525074,35.81051879940235]]},"properties":{"trail_name":"ASPEN SPUR","trail_no":"860","trail_type":"TERRA","gis_miles":2.418,"trail_surface":"NATIVE MATERIAL"}},{"type":"Feature","geometry":{"type":"LineString","coordinates":[[-105.52629241590527,35.934756992167614],[-105.52636765790834,35.934598712139454],[-105.52604779476671,35.93379772703728],[-105.52599928468693,35.93300792392114]]},"properties":{"trail_name":"BORDO DEL MEDIO","trail_no":"252","trail_type":"TERRA","gis_miles":0.132,"trail_surface":"NATIVE MATERIAL"}},{"type":"Feature","geometry":{"type":"LineString","coordinates":[[-105.5280316945184,35.92584616272521],[-105.52921886382128,35.92626453271971]]},"properties":{"trail_name":"BORDO DEL MEDIO","trail_no":"252","trail_type":"TERRA","gis_miles":0.07200000000000001,"trail_surface":"NATIVE MATERIAL"}},{"type":"Feature","geometry":{"type":"LineString","coordinates":[[-105.5085742786898,35.723865333335226],[-105.50922889184952,35.72401564232065],[-105.51138196931122,35.723768039160426],[-105.51254695261032,35.72420948316084],[-105.51296530275481,35.72479997622641],[-105.51269988177482,35.72572757838199],[-105.51338377003248,35.7269438385272],[-105.51403761223472,35.72759176458803],[-105.51436424738375,35.728475116703095],[-105.5168466860286,35.72950245371711],[-105.51720454516212,35.73012303479061],[-105.51728250828286,35.73132648696839],[-105.51790608546835,35.731858382013336],[-105.51843126365927,35.732711053112475],[-105.52030682215916,35.73363486914531],[-105.5213930815438,35.735277971331996],[-105.5228435688729,35.73532218725599],[-105.52310150697623,35.735852229321466],[-105.52301988199117,35.73623954838472],[-105.524650258527,35.73822269759183],[-105.5268683331788,35.7400210857374],[-105.52714902528002,35.74046722678889],[-105.52858132964471,35.74097323378369],[-105.52928579489344,35.74203065590353],[-105.52950383499929,35.74269317499131],[-105.53005843615259,35.74303047801068],[-105.53059488032527,35.743640690072354],[-105.53106092563915,35.746078046414524],[-105.53098208165694,35.74649067548143],[-105.53143783186944,35.747774449649604],[-105.53106887985467,35.7485657827904],[-105.53095570189608,35.74934275191442],[-105.53085134988477,35.749483353941606],[-105.53052536278342,35.749154534910495],[-105.53024798981083,35.75019757208414],[-105.52982074068099,35.74980145804863],[-105.52859500057978,35.751821888424224],[-105.52839225952735,35.75174104042358],[-105.52813200942907,35.75127640136821],[-105.5278488114918,35.75274483860648],[-105.52763642047688,35.7531260076763],[-105.52628031526687,35.754220240919224],[-105.52576725423384,35.75517487509301],[-105.52442548696527,35.7555509372265],[-105.5240480899073,35.75586068029492],[-105.52342084990094,35.75742321056711],[-105.52353934106414,35.759011844800625],[-105.52376474515812,35.75951696786419],[-105.52345366714,35.76011717297275],[-105.52352337222345,35.76090598608806],[-105.52511251368539,35.76213277318281],[-105.5260432179776,35.76310329227637],[-105.52607894801078,35.76339592731859],[-105.52676231224275,35.76431112141797],[-105.5274339754289,35.764724079442054],[-105.52835262380289,35.76667556668464],[-105.52758869969769,35.76744406484455],[-105.52796444883286,35.768035504912476],[-105.52939418223058,35.76893100996617],[-105.52913543221251,35.76939524405115],[-105.52923389227901,35.769911326123555],[-105.52906555727017,35.77024722118392],[-105.52936661940328,35.77100916628196]]},"properties":{"trail_name":"GALLINAS","trail_no":"216","trail_type":"TERRA","gis_miles":4.625,"trail_surface":"NATIVE MATERIAL"}},{"type":"Feature","geometry":{"type":"LineString","coordinates":[[-105.52444777226656,35.96652397205634],[-105.52596803967286,35.96726790108041],[-105.5267337589169,35.968092654160266],[-105.52770202219877,35.96883015121526],[-105.52807748734688,35.96955979930333],[-105.52906181766336,35.970651797410696],[-105.52941183082856,35.97164192653941],[-105.53021899110024,35.972675922648286],[-105.53072664233156,35.974017137820745],[-105.53110547744863,35.97438342685392],[-105.53233686479126,35.97513989489645],[-105.53355686409756,35.97551093488171],[-105.53463707742861,35.976522959971454],[-105.53532807060655,35.97678421197075],[-105.53589321474117,35.97687299995144],[-105.53747612005574,35.97640818878993],[-105.53863667533675,35.97664346775822],[-105.54047652487044,35.978022742859196],[-105.54144973712117,35.97839183285837],[-105.54198180527519,35.97878720388707],[-105.54305294762932,35.9800862680204],[-105.54311813174452,35.981234281189295],[-105.54293291274078,35.98166622726496],[-105.54308498083792,35.98238576436436],[-105.54239586371769,35.98277816046324],[-105.54101689044208,35.983164328601084],[-105.53998842420378,35.98307932964786],[-105.53946571009992,35.98323284570115],[-105.53892716300565,35.98353569377791],[-105.5372072767755,35.98531445614488],[-105.53644304263055,35.9856180322348],[-105.53478992524532,35.98545559430602],[-105.53220871869222,35.98575520850048],[-105.53085424835929,35.98542531852928],[-105.52857972387777,35.985756449710735],[-105.52716975561526,35.98637269888497],[-105.52670580855212,35.986840820982266],[-105.52668995858667,35.987275038048494],[-105.52707209471404,35.987749971097784],[-105.52782508490766,35.98803043509638],[-105.52820462714352,35.989749924332976],[-105.52806223334201,35.992378626736574],[-105.52828238451853,35.99382898094191],[-105.52810571551143,35.994200081007946],[-105.52776284745873,35.99447647606936],[-105.52623059114997,35.99487803621848],[-105.52400795968224,35.995234240400684],[-105.51975073093892,35.99765704101158],[-105.5155431331802,35.99977781557417],[-105.51560310126636,36.000606402695304],[-105.51595098438735,36.001094923748646],[-105.51880036315524,36.00255555580321],[-105.52118644076374,36.003385401789764],[-105.52346992341062,36.004915010887444],[-105.524415368654,36.00526966588603],[-105.52501016283678,36.00583094593594],[-105.5254068510162,36.0068608760678],[-105.525956587204,36.00759401614613],[-105.52604304826544,36.00807325621316],[-105.52587257830459,36.00895529435566],[-105.52557128928966,36.009555673463375],[-105.52573556839305,36.010313415567715],[-105.52508655936929,36.011701815814035],[-105.52424506028876,36.012936201048376],[-105.52417065631842,36.01346469413211],[-105.52100413775516,36.01514627556842],[-105.5201043625511,36.01512288861708],[-105.51884243128877,36.01536200272617],[-105.51707580395136,36.01603684992998],[-105.51581919167953,36.01615482102058],[-105.51448493343236,36.01675142818756],[-105.51390430430239,36.01675635022199],[-105.51286262709579,36.01706723232911],[-105.51064239061398,36.01725854548659],[-105.50846696417636,36.01783770069974],[-105.50699120694343,36.018959541953926],[-105.50631111081279,36.01921108303117],[-105.50496406053585,36.01950244615311],[-105.50204824088331,36.019529182326146],[-105.50011982251429,36.02025888954766],[-105.49997657752706,36.020770574632905],[-105.50023658962787,36.02125330069038],[-105.49994679561063,36.02179807778911],[-105.49784628316914,36.02214301596276],[-105.49600578276323,36.022228814082354],[-105.49579167973323,36.02243490212578],[-105.49560548876867,36.023314587268814],[-105.49598175694545,36.024364240404836],[-105.49584812397535,36.02504632551513],[-105.49630929212331,36.0255511495643],[-105.49738142241708,36.02615329359266],[-105.49757086948881,36.02648581463167],[-105.49763186353627,36.02686954468584],[-105.49741178450984,36.02713175373803],[-105.49733920655541,36.027835224847976],[-105.49698032050992,36.028235156928915],[-105.49612081834302,36.028533287023585],[-105.49552361825693,36.02907958514039],[-105.49456001803964,36.02907057519487],[-105.49333674779845,36.029452673323306],[-105.49271928265374,36.029384345348795],[-105.4924424267274,36.030929975597246],[-105.49178011958084,36.03095511363946],[-105.49128040444755,36.03071583963249]]},"properties":{"trail_name":"NORTH FORK","trail_no":"269","trail_type":"TERRA","gis_miles":8.102,"trail_surface":"NATIVE MATERIAL"}},{"type":"Feature","geometry":{"type":"LineString","coordinates":[[-105.3978627246598,35.75683660464613],[-105.39638774745045,35.75825933694606],[-105.3963063284757,35.758766829027685],[-105.3970329667323,35.75985267915094],[-105.39682336272602,35.76032782323494],[-105.39686320078044,35.76085752531303],[-105.39630236573,35.761737635478504],[-105.39804752720742,35.76272864352924],[-105.39894357146916,35.763430892584566],[-105.39973072278173,35.76500950977905],[-105.40051573402249,35.76575773784773],[-105.40151990830492,35.76641813289049],[-105.40298869367763,35.76691366188182],[-105.40442471297065,35.76656783474742],[-105.40554580529387,35.76739677080911]]},"properties":{"trail_name":"CHAVEZ","trail_no":"220","trail_type":"TERRA","gis_miles":1.118,"trail_surface":"NATIVE MATERIAL"}},{"type":"Feature","geometry":{"type":"LineString","coordinates":[[-105.53588172501436,35.772751926172916],[-105.5358856209822,35.77236877811473],[-105.53475813673838,35.77247344219502],[-105.5332586933627,35.77201537821153],[-105.53229233714808,35.77203961827047],[-105.53121479688511,35.771791506294555],[-105.52936661940328,35.77100916628196],[-105.52859966923586,35.77106257333387],[-105.52739044694182,35.77079716836288],[-105.52689747280277,35.770466141341],[-105.52290743376801,35.76884084732332],[-105.522055966528,35.76827137128587],[-105.52084782226598,35.76837502737063],[-105.51967313998098,35.76812501239994],[-105.51859596666777,35.7672930923357],[-105.51778749645453,35.7669226953259],[-105.51760424239541,35.76671313330467],[-105.51757254734328,35.76618987222732],[-105.5171762662213,35.76580545019186],[-105.51679232212146,35.76564568718964],[-105.51650873506647,35.76574590022098],[-105.5158767838871,35.765308745190936],[-105.51515359471685,35.765215417218165],[-105.51427947455639,35.76562918533071],[-105.51255253214684,35.765371744390485],[-105.51102653670807,35.764250730308106],[-105.5097786534133,35.76407854035337],[-105.5089517891891,35.76362825833246],[-105.5065592826346,35.763422094437956],[-105.50576771533098,35.761956243261416],[-105.50583685428258,35.76121296514498],[-105.50545544516652,35.76085852411318],[-105.50544580112263,35.760373756040345],[-105.50461917289037,35.759829086005126],[-105.50258142541117,35.759573294082855],[-105.49952101181681,35.76064619242001],[-105.49863307358727,35.76029381641744],[-105.49806682146159,35.76030969945221],[-105.49683101015711,35.75999380647497],[-105.49591058890161,35.75942387444129],[-105.49551771881188,35.759405421460926],[-105.49464580566583,35.75998256859807],[-105.49319908438387,35.76047880975583],[-105.49144607095567,35.76007433279471],[-105.489232980469,35.760190096938636],[-105.48825589323718,35.76004367397228],[-105.48718318999745,35.760055884035424],[-105.48675872994284,35.76052839413119],[-105.48633220683466,35.76038340313359],[-105.48614774180504,35.760520526164896],[-105.48564144461426,35.759623215057964],[-105.48561658855338,35.758979728961975],[-105.48568347155374,35.758809403932354],[-105.48650352970525,35.758431118828256],[-105.48499044831918,35.757890036832755],[-105.48570386945241,35.75757713974465],[-105.48487415620879,35.75690898769085],[-105.48281671171513,35.75653775275214],[-105.48294496473515,35.75643629772947],[-105.4824110995709,35.75591894568157],[-105.48211341543536,35.75511965757757],[-105.48131919817993,35.75422082248684],[-105.48068763700805,35.753870426469845],[-105.47992986083081,35.75378711850049],[-105.47837836653372,35.7543820326791],[-105.47731149529653,35.75440866574408],[-105.47671446119756,35.75481661583994],[-105.47648115819868,35.755438537947434],[-105.47583586604742,35.75536383597296],[-105.47489231386263,35.75567847507447],[-105.47414103067916,35.755505808091215],[-105.47375441061274,35.755742502149154],[-105.47326065356903,35.75652390529569],[-105.47349293768316,35.75724529539162],[-105.47307412570761,35.75862396262436],[-105.47353827287884,35.75940391671595],[-105.47341558490852,35.760069144823696],[-105.47205553466594,35.76079909501188],[-105.47224285272576,35.76100553603243],[-105.47223454674594,35.761262305071774],[-105.4728355659123,35.76162775109283],[-105.47264494389397,35.76191289914687],[-105.47234247283464,35.76201241717923],[-105.4727833359396,35.76208215616458],[-105.47240149187199,35.7622929392183],[-105.47280889296644,35.76232757520029],[-105.47240797089778,35.76257555226075],[-105.47250865393305,35.76272316727736],[-105.47234770493147,35.76312464534729],[-105.47173099687127,35.76403457252031],[-105.47123321780475,35.7645604866284],[-105.47066826569782,35.764792435695746],[-105.47200334305607,35.76547300872254],[-105.47284453924986,35.76553048968319],[-105.47256670121563,35.76585736174857],[-105.47260594327255,35.766417622831106],[-105.47240293126362,35.76684340290719],[-105.4719031951896,35.76728691100293],[-105.47191395125907,35.768066658120325],[-105.4723577934289,35.768882368218456],[-105.47264186460987,35.77024526740856],[-105.47263928670228,35.77132570957227],[-105.47326855581689,35.771015796489415],[-105.4733480639199,35.77200570963475],[-105.47352446400116,35.77248996669795],[-105.47373186405943,35.7726258357067],[-105.4734858970759,35.773459017846804],[-105.4740897291734,35.773017284745436],[-105.47389070416865,35.77348089982699],[-105.47392729522663,35.77405953191253],[-105.47446699741748,35.77486925800426],[-105.47411300936385,35.77516962806994],[-105.47519741464203,35.775572919068985],[-105.47485033660095,35.776001270153635],[-105.47495785363445,35.77610982716397],[-105.47485530464294,35.77647615622525],[-105.47505997371383,35.77676563725734],[-105.4747573267048,35.777450118378255],[-105.47472467376966,35.77828872050702],[-105.47496965686456,35.77875214056317],[-105.47501126003668,35.780642720846934],[-105.47536804620447,35.781661170980655],[-105.47564637530095,35.78205640602454],[-105.47754034465638,35.78124601679366],[-105.47785322672003,35.781169551764165],[-105.47812335079183,35.781299491768415],[-105.47818979483496,35.78162729581421],[-105.47804412283104,35.78196128087308],[-105.47764399876557,35.782244158938774],[-105.47771181782608,35.782770075014426],[-105.47848259608543,35.78377230312202],[-105.47878723626702,35.78508637130343],[-105.48016284265546,35.786011027364665],[-105.48036569081827,35.78737212755898],[-105.48082320496668,35.7879033206132],[-105.4808789980127,35.788292015668794],[-105.48315934560007,35.789168071670915],[-105.48571699214757,35.788859269477896],[-105.48610267128846,35.78949006555124],[-105.48695987853544,35.790123278597996],[-105.48841344889917,35.79055774658056],[-105.4887899149641,35.7903309795247],[-105.49048953033666,35.790227557411804],[-105.49133612248693,35.78976646529368],[-105.49205099163238,35.789592904226524],[-105.49374745102185,35.789693964144696],[-105.49504716925247,35.788985767963226],[-105.49593524244835,35.78894621590645],[-105.49804712286492,35.78828091068503],[-105.50032445238661,35.78840412557333],[-105.50149011261584,35.788029202449955],[-105.50289211492328,35.78794635235721],[-105.50333037799707,35.78766149728905],[-105.50514587143178,35.787978324233094],[-105.50608628462194,35.78773692614276],[-105.5068792098657,35.78850044221284],[-105.5085233723051,35.789318745242525],[-105.50967294257718,35.78948306020158],[-105.51120436790379,35.78928609408414],[-105.5119242450821,35.78948123907245],[-105.51222375217748,35.78980786410471]]},"properties":{"trail_name":"BLUE BELL RIDGE","trail_no":"212","trail_type":"TERRA","gis_miles":9.668,"trail_surface":"NATIVE MATERIAL"}},{"type":"Feature","geometry":{"type":"LineString","coordinates":[[-105.72403034118955,35.83120697919715],[-105.72437776529763,35.83155746022988],[-105.7252133815184,35.83194980824083],[-105.72622946974833,35.83198184718722],[-105.72689573286934,35.831659979100536],[-105.72667131977303,35.831127868033455],[-105.72493360934713,35.830695627068366],[-105.72434522618998,35.83039988605773]]},"properties":{"trail_name":"STEWART LAKE","trail_no":"296","trail_type":"TERRA","gis_miles":0.36100000000000004,"trail_surface":"NATIVE MATERIAL"}},{"type":"Feature","geometry":{"type":"LineString","coordinates":[[-105.54291616676228,35.913271785972924],[-105.54382828790702,35.9125842978168],[-105.5452162522006,35.912380112706],[-105.54577256930305,35.9121238906354],[-105.54626246135157,35.91141896650092],[-105.54711789635729,35.90928139512967]]},"properties":{"trail_name":"BORDO DEL MEDIO","trail_no":"252","trail_type":"TERRA","gis_miles":0.405,"trail_surface":"NATIVE MATERIAL"}},{"type":"Feature","geometry":{"type":"LineString","coordinates":[[-105.54904199841175,35.90495051236646],[-105.55018495556347,35.903748068119484],[-105.55079537261761,35.902796965941036]]},"properties":{"trail_name":"BORDO DEL MEDIO","trail_no":"252","trail_type":"TERRA","gis_miles":0.184,"trail_surface":"NATIVE MATERIAL"}},{"type":"Feature","geometry":{"type":"LineString","coordinates":[[-105.54887702739549,35.90518856741182],[-105.54904199841175,35.90495051236646]]},"properties":{"trail_name":"BORDO DEL MEDIO","trail_no":"252","trail_type":"TERRA","gis_miles":0.019,"trail_surface":"NATIVE MATERIAL"}},{"type":"Feature","geometry":{"type":"LineString","coordinates":[[-105.77172871445832,35.975733200120395],[-105.7716420183895,35.97516942504109],[-105.77109760922016,35.97462674899144],[-105.76953908379046,35.97369951694306],[-105.76927795566972,35.97298842185173],[-105.77043070795892,35.973348281838746],[-105.76995294678788,35.97261615475689],[-105.76909798759284,35.97257071979968],[-105.76890500153009,35.9723470777774],[-105.76813804434323,35.97217104379553],[-105.76870933146094,35.972057221745374],[-105.76818945031802,35.9717526357299],[-105.76819640129919,35.97152055469477],[-105.76871199638948,35.97123611162231],[-105.7684076943083,35.97108590061747],[-105.76834234525127,35.97060248054889],[-105.76706781591642,35.9700325925375],[-105.76635652777274,35.970207020604825],[-105.7660567496884,35.97000932359265],[-105.76603144763841,35.96950355751839],[-105.76484235528326,35.968484846434805],[-105.76510839931092,35.96812225436511],[-105.76455128016657,35.96789638536364],[-105.7641028840305,35.96748785432846],[-105.76281308573388,35.96739290338902],[-105.76224695757419,35.967014208365086],[-105.76202961648983,35.96660674931672],[-105.76200763441372,35.96579457919637],[-105.76011214198157,35.965698025291786],[-105.75958745982427,35.96524165125387],[-105.75860060956379,35.96478672624295],[-105.75810964245362,35.96478206727071],[-105.75745807426739,35.96431892023909],[-105.75643602104387,35.96437584730684],[-105.75432746154313,35.96404006237874],[-105.75349312830973,35.963505294347044],[-105.75317425818992,35.96295159028258],[-105.75201619488794,35.962460179276086],[-105.7508599195341,35.961372701180245],[-105.74968980424008,35.96100241919256],[-105.74879641296101,35.96009754710876],[-105.74742638363314,35.9598510901512],[-105.74515588994892,35.95783539398078],[-105.74482627887592,35.95784371400114],[-105.74455850683832,35.9580975960547],[-105.74435044076769,35.957822733025566],[-105.74322594445837,35.95716183299168],[-105.7413985080138,35.95675102303594],[-105.74077650188988,35.956924223097936],[-105.7400444536703,35.95628554504468],[-105.73932635151495,35.9563452360952],[-105.73850031135578,35.956636813186684],[-105.73879673137473,35.95609671708859],[-105.73616227362491,35.95426157696622],[-105.73565743351614,35.954308728002516],[-105.73493792142277,35.955079520159636],[-105.7347955033613,35.95474137311722],[-105.73398880016548,35.95456532913755],[-105.7335377670274,35.954140314099966],[-105.73301861390298,35.95404492811575],[-105.73295273082135,35.95328104900509],[-105.73208936954666,35.95234894791542],[-105.73184014737174,35.95098777272587],[-105.73163332431358,35.95085165371744],[-105.731075914205,35.951034992777174],[-105.73076082916273,35.951357237843716],[-105.73080658308855,35.9503933876966],[-105.72973201584513,35.95035762975343],[-105.72883300161455,35.95002041575493],[-105.72802982244019,35.95008071981048],[-105.72814852442171,35.94956625972647],[-105.72688739209798,35.94908959672804],[-105.72647807097944,35.948781334705494],[-105.72524116374233,35.94923286984478],[-105.72502966976785,35.95006466898169],[-105.72438693457218,35.94947189793008],[-105.7242845835078,35.94899747486486],[-105.72309271916406,35.94811608280173],[-105.72181512189394,35.94829476790243],[-105.72122350678669,35.94858066997956],[-105.72123459269709,35.94752888682121],[-105.71980820228602,35.946477464746124],[-105.71858001607312,35.94718362692311],[-105.71828414496126,35.94666132386191],[-105.71645274150492,35.946127793887904],[-105.7149556170999,35.94532642585436],[-105.71351254874051,35.9449082288751],[-105.71258738245055,35.94395970078641],[-105.71226018737127,35.943890384794926],[-105.71139613522685,35.94444867492865],[-105.7111530621727,35.94445100094308],[-105.71031108892507,35.943773129890154],[-105.7101681178512,35.943294312826566],[-105.70988506979785,35.94340872586012],[-105.7097372077396,35.943120837825475],[-105.70953660869986,35.9431794958459],[-105.7093435846413,35.94300364583069],[-105.70833182842252,35.94309030490223],[-105.70800496233613,35.94293844389836],[-105.70697994297315,35.94141018872846],[-105.70692730592764,35.94102448767363],[-105.70591948659049,35.939747523540404],[-105.70349564899635,35.93915402659154],[-105.7027258157672,35.93850371053855],[-105.70269352971992,35.93804521747164],[-105.70185353951659,35.937869453493846],[-105.70158108943235,35.937603345469675],[-105.69987339008517,35.93800159562816],[-105.69877466188102,35.93847891776329],[-105.69614491436064,35.939256256031946],[-105.69549454026361,35.93981132715285],[-105.69476208908796,35.939676632175],[-105.69295691670246,35.93988712431099],[-105.69269937462852,35.93970115829798],[-105.68923916879261,35.938996121392286],[-105.68781029247623,35.93903526148079],[-105.68687434625024,35.93884558150645],[-105.68510083272919,35.93742606039595],[-105.6846421175811,35.93690623634443],[-105.68442418147822,35.9362874232642],[-105.68313859917035,35.93605654030385],[-105.68261353800841,35.935548450257976],[-105.68131867170264,35.9353653243053],[-105.6810502226542,35.935498904340875],[-105.68066236952373,35.93499927528832],[-105.67940541316129,35.934070779221585],[-105.67827173987814,35.933734524236655],[-105.6757573462162,35.93260001021168],[-105.67522608009797,35.93260760824356],[-105.67395455277752,35.93219709725536],[-105.67140613816366,35.931699980328],[-105.67047427895629,35.931713917383945],[-105.6688497656346,35.93219443854999],[-105.6681798424884,35.9322377965952],[-105.66591930996283,35.932014347692295],[-105.66439643657797,35.93151143070477],[-105.66383181341405,35.93108186967285],[-105.6617794159277,35.93077434674526],[-105.66097718071244,35.9303659907303],[-105.65932469436555,35.93063056686552],[-105.65741924093054,35.93053450596117],[-105.655260568484,35.9309558861492],[-105.65341694905429,35.9307622682266],[-105.65179899063132,35.93006769621578],[-105.64964910711888,35.929712471286585],[-105.64891142691665,35.92928834726547],[-105.64857879887626,35.92967836934332],[-105.64869782396724,35.93041471044706],[-105.64807582983609,35.93050839549708],[-105.64779258785862,35.93149270666125],[-105.64654776269089,35.93276347892406],[-105.6460722286466,35.93347595605861],[-105.6451315866573,35.936009701493525],[-105.64511250067297,35.93623804052892],[-105.64617165998946,35.937145366604],[-105.64713502632192,35.93848081974886],[-105.6473582584403,35.93926346485352],[-105.64710738341775,35.93964838292584]]},"properties":{"trail_name":"RIO MEDIO","trail_no":"155","trail_type":"TERRA","gis_miles":10.169,"trail_surface":"NATIVE MATERIAL"}},{"type":"Feature","geometry":{"type":"LineString","coordinates":[[-105.52447331862548,35.93622920749428],[-105.52465863564983,35.936031770453866]]},"properties":{"trail_name":"BORDO DEL MEDIO","trail_no":"252","trail_type":"TERRA","gis_miles":0.018000000000000002,"trail_surface":"NATIVE MATERIAL"}},{"type":"Feature","geometry":{"type":"LineString","coordinates":[[-105.4123997109889,35.710893797846396],[-105.41337760616646,35.71040181471605],[-105.41443444940688,35.71043676666123],[-105.41487057052562,35.71067908967316],[-105.41642632090004,35.71096995762881],[-105.41755925320834,35.711598985659805],[-105.41923760663978,35.71223430366068],[-105.42055601707892,35.713905247839236],[-105.42131385525671,35.713993357809464],[-105.42204634146354,35.71448728084276],[-105.42259688172216,35.716063704050654],[-105.42311747489443,35.716710300119104],[-105.42356337307741,35.717677680240534],[-105.42432034331172,35.71842838531138],[-105.42472428947192,35.719239648411424],[-105.42473612050244,35.71956511046016],[-105.42559951776441,35.72035969953155],[-105.42603027994568,35.72134630665667],[-105.42735296039042,35.72307014684289],[-105.42826789865272,35.72373319289138],[-105.42933033399885,35.72498783502119],[-105.43031360425154,35.72535942302152],[-105.43077964838677,35.72571600704911],[-105.43164699669295,35.72701531819675],[-105.43241800291548,35.72759154924026],[-105.43291546512006,35.72867501937621],[-105.43365161649108,35.73107462269821],[-105.43408454765732,35.731879690795665],[-105.43461968881371,35.73230198282921],[-105.43598908114964,35.73263284180129],[-105.4367860173773,35.733200649842026],[-105.43726739259147,35.73443771800212],[-105.43736076269379,35.73538638414066],[-105.43691951775153,35.73721542244314],[-105.43703711781848,35.73768774450805],[-105.43803346312335,35.738633360594655],[-105.438646085345,35.7396135207083],[-105.43936200857016,35.740363531781234],[-105.43948642469695,35.741515778948816],[-105.44116744712379,35.74209005094],[-105.44155730129759,35.74309540607014],[-105.44187033739983,35.7434679431088],[-105.44273998362674,35.743835823114956],[-105.44310084179224,35.7448198922435],[-105.44442452223927,35.74656495843251],[-105.44454709231458,35.747121799509905],[-105.44433655843395,35.74906248981608],[-105.44504083167281,35.75000250991833],[-105.44581008488188,35.75042578993861],[-105.44635728105355,35.75099378499348],[-105.44664282927154,35.752785812248725],[-105.44766148356801,35.75357407331007],[-105.44757322764222,35.75466856948096],[-105.44864907088603,35.7546945574235],[-105.44881598696145,35.7551359404808],[-105.44878288799897,35.75565938156203],[-105.44941585319772,35.75631791862569],[-105.44972804132975,35.75703870571706],[-105.44914485731704,35.758414983958865],[-105.44913537044897,35.759975092195745],[-105.44949508160751,35.76087993031229],[-105.4492711895521,35.7608206593161],[-105.44918720655083,35.76102538535196],[-105.44915139162657,35.76200031850165],[-105.44890777660049,35.762333136565985],[-105.44790066142366,35.76290711871044],[-105.44808620452109,35.7635559857982],[-105.44877199273479,35.76425034686423],[-105.44874775976614,35.764677933930365],[-105.44816528672949,35.76577344112958],[-105.44840289988284,35.7669367302922],[-105.44845401401804,35.76837515150716],[-105.44883257920651,35.76957798466777],[-105.44885262427012,35.77026555177077],[-105.4484194522509,35.771173099932945],[-105.44820959932473,35.77257910515788],[-105.44826819143525,35.77371068832593],[-105.44799310845171,35.77462031147939],[-105.44820318452736,35.77495150851759],[-105.44819142255263,35.7752756175673],[-105.44779293553428,35.77610256371532],[-105.44872383584132,35.77724091883455],[-105.44853410483621,35.77767702691141],[-105.44891628498412,35.77839774399868],[-105.44887247101305,35.778848714069525],[-105.44914144511088,35.77928378312003],[-105.44933062822626,35.7801302042374],[-105.44975115136877,35.78068842229786],[-105.44982662142402,35.781133382360956],[-105.45013747353482,35.78160959841527],[-105.45063842069547,35.78216896947134],[-105.45123512085402,35.78245383648037],[-105.45239777522862,35.78377211561347],[-105.45268872834447,35.78435873568564],[-105.4534144495408,35.78474558570275],[-105.45463201792312,35.78601036282456],[-105.4582219318402,35.787297528814186],[-105.45869427794894,35.78732858979185],[-105.46042494943802,35.788494671869366],[-105.46146055071057,35.788958841880444],[-105.4633799321692,35.78927988181922],[-105.46445197845006,35.789745817828425],[-105.46577808176417,35.78993559078128],[-105.46680192198677,35.789850998709916],[-105.47117510513277,35.791755715747975],[-105.47242457043394,35.791995238712744],[-105.4744975449718,35.79283596272135],[-105.47667165250712,35.793384676679956],[-105.47718754767217,35.79395553773684],[-105.4793103542905,35.79560027586415],[-105.47998608052383,35.796547162968714],[-105.48020236963264,35.79724612806209],[-105.48194721616794,35.79891150821409],[-105.48210122623762,35.79931839826684],[-105.48244308231288,35.79930156624475],[-105.48318428352879,35.7998752462891],[-105.4837558596771,35.80010766129149],[-105.48570604614041,35.80040395822465],[-105.48629934327006,35.80036292618451],[-105.48776751463411,35.80076303916093],[-105.48954226500855,35.800486137017465],[-105.49278652666634,35.79967019270841],[-105.49366913587151,35.79975257967031],[-105.49442327806482,35.80003146366931],[-105.496822672576,35.79971494048411],[-105.4977705187257,35.798983987319325],[-105.49837978079916,35.798251116173596],[-105.49927528594571,35.797620022026955],[-105.50076881621725,35.79688228682989],[-105.5027092036736,35.79712523775556],[-105.50422269997468,35.796678025601324],[-105.5051900582105,35.79689595157891],[-105.50575160433043,35.79682522853604],[-105.50693129451265,35.79586958832407],[-105.50719001652969,35.795393922237345],[-105.50596059923907,35.795222517281815],[-105.50448415083535,35.7943826452393],[-105.50317884750622,35.79396199825041],[-105.50305379245331,35.79367409821407],[-105.50345512851534,35.793349071141904],[-105.50491161081622,35.79304783501302],[-105.50566900991818,35.79225946385047],[-105.50771785524066,35.790667735492576],[-105.5083178523612,35.79050457743354],[-105.51043273483951,35.79054884631921],[-105.5114727930218,35.789956609170176],[-105.51222375217748,35.78980786410471],[-105.5120246431522,35.79003336315023],[-105.51230336024263,35.79035680018314],[-105.5136103665443,35.790455029123166],[-105.5151979608635,35.79002634196752],[-105.51604789301888,35.78961698985703],[-105.51648020311463,35.78960260783011],[-105.5186596576841,35.79053646084652],[-105.52096395625935,35.79121387581708],[-105.52133546137058,35.79153713184466],[-105.5217383285341,35.792385352949765],[-105.52237234571372,35.79281944797909],[-105.52288226396408,35.79439567918813],[-105.52362386317394,35.794900567222],[-105.52456013141251,35.79523199521847],[-105.52532658572981,35.7969169974292],[-105.52562509981551,35.79713404944495],[-105.5266046410484,35.79728685641196],[-105.52748046123112,35.79712830033781],[-105.52875781044293,35.7962620271338],[-105.52996810966367,35.79567445297572],[-105.53110794790263,35.79548065888117],[-105.53254718112342,35.79429854962014],[-105.53431822449284,35.79397633547006],[-105.53664330691035,35.792772133155005],[-105.53857333029345,35.792195536957365],[-105.5399416616515,35.792788762968684]]},"properties":{"trail_name":"BEAVER CREEK","trail_no":"247","trail_type":"TERRA","gis_miles":12.999,"trail_surface":"NATIVE MATERIAL"}},{"type":"Feature","geometry":{"type":"LineString","coordinates":[[-105.55677069817574,35.89380962224292],[-105.55683578510941,35.89287929309899]]},"properties":{"trail_name":"BORDO DEL MEDIO","trail_no":"252","trail_type":"TERRA","gis_miles":0.068,"trail_surface":"NATIVE MATERIAL"}},{"type":"Feature","geometry":{"type":"LineString","coordinates":[[-105.52598836960891,35.93214184979129],[-105.52612524958634,35.931530807691374],[-105.52606808144395,35.93004555047102]]},"properties":{"trail_name":"BORDO DEL MEDIO","trail_no":"252","trail_type":"TERRA","gis_miles":0.154,"trail_surface":"NATIVE MATERIAL"}},{"type":"Feature","geometry":{"type":"MultiLineString","coordinates":[[[-105.80875906347076,35.78912784200626],[-105.80907963855759,35.78930470201441],[-105.80959480873621,35.79004054309538],[-105.81041836597201,35.79064218813843],[-105.81088884106522,35.79050610509099],[-105.81144431814894,35.790040494989185],[-105.81133417609925,35.78975046395193]],[[-105.81144431814894,35.790040494989185],[-105.81308774051136,35.78999085288736],[-105.81343157356883,35.78976828583422],[-105.81367739757866,35.78924775874192]],[[-105.81354519056873,35.78947405278347],[-105.81325712548377,35.78923482376409]],[[-105.81133417609925,35.78975046395193],[-105.80975689767354,35.78889816191444],[-105.80876387646829,35.78908715799985]],[[-105.81362356858232,35.78942844177214],[-105.81446642778823,35.78963506175477],[-105.81465070482123,35.78954094873006],[-105.81462319278701,35.7892165606829]],[[-105.81465070482123,35.78954094873006],[-105.8157001870678,35.78968445869135],[-105.81625986216685,35.78938577161437],[-105.8163217311629,35.78918023757998]],[[-105.81625986216685,35.78938577161437],[-105.81659110025097,35.78950385261306],[-105.81668760729177,35.78972631264098],[-105.81604989315763,35.78982045869171],[-105.81603023516845,35.789996328719276],[-105.8166766153204,35.790085813695576],[-105.81727865043881,35.78990177763337]],[[-105.81133417609925,35.78975046395193],[-105.81322815247925,35.789257357769095],[-105.81341736649522,35.78895374571265],[-105.81386237062341,35.78928748973723],[-105.81394443562968,35.78914859671166],[-105.81380663157658,35.78888980068075],[-105.81392394659767,35.788831570665224],[-105.81460054178166,35.789212979683676],[-105.81529018394068,35.789272332652985],[-105.81593878507071,35.78910214259023],[-105.8161646691243,35.78913939758285],[-105.8163496131697,35.789186941579366],[-105.81640548718384,35.78920640157906],[-105.81680002229464,35.789469650595954],[-105.81680948326509,35.78910367754044],[-105.81636241813607,35.788765301515284],[-105.81712439829576,35.78864508845349]],[[-105.81727865043881,35.78990177763337],[-105.81750320542834,35.7892015035153]],[[-105.81727865043881,35.78990177763337],[-105.81773696253136,35.78978910959015],[-105.81838468068672,35.78991454057182]],[[-105.81712439829576,35.78864508845349],[-105.81739421736553,35.78875595445465]],[[-105.81750320542834,35.7892015035153],[-105.81739421736553,35.78875595445465]],[[-105.81838468068672,35.78991454057182],[-105.81914952083038,35.78960278048104]],[[-105.81750320542834,35.7892015035153],[-105.81801574957518,35.78957703554231],[-105.81914952083038,35.78960278048104]],[[-105.81838468068672,35.78991454057182],[-105.81880322280225,35.79017092058629],[-105.81919431395038,35.790874036669436],[-105.81985989810883,35.79098924964848],[-105.82008192012533,35.790607318578395],[-105.8200638940671,35.78998058348534],[-105.81979864798538,35.789719670461345],[-105.81914952083038,35.78960278048104]],[[-105.81712439829576,35.78864508845349],[-105.81692030223002,35.788411681430155],[-105.81643127811031,35.7882895904399],[-105.81634592707246,35.78807230041217],[-105.81794626338,35.787498830234156],[-105.81855179054166,35.787805937245544],[-105.81863991659662,35.78821435830179],[-105.81840969057396,35.78854602636481],[-105.81865380966342,35.7889507634116],[-105.81797825451366,35.78896179845202],[-105.8184055166287,35.78919013946183],[-105.81840589164145,35.78933644648378],[-105.81799048354806,35.78932826950636],[-105.81771678746229,35.78904276347919],[-105.81786082846385,35.788689227417855],[-105.81831081052928,35.78828447833125],[-105.81825056549539,35.78804801829919],[-105.81796891543604,35.78808860032146],[-105.81739421736553,35.78875595445465]]]},"properties":{"trail_name":"NORSKI","trail_no":"SNO-255","trail_type":"SNOW","gis_miles":2.602,"trail_surface":"SNOW"}},{"type":"Feature","geometry":{"type":"LineString","coordinates":[[-105.5181537898491,35.943584991966844],[-105.51870724591389,35.94290386683229]]},"properties":{"trail_name":"BORDO DEL MEDIO","trail_no":"252","trail_type":"TERRA","gis_miles":0.060000000000000005,"trail_surface":"NATIVE MATERIAL"}},{"type":"Feature","geometry":{"type":"LineString","coordinates":[[-105.56213263045176,35.883155602329026],[-105.56233145649198,35.883105129309996],[-105.56226416845561,35.882860556277045],[-105.56249111249932,35.88277779325148]]},"properties":{"trail_name":"BORDO DEL MEDIO","trail_no":"252","trail_type":"TERRA","gis_miles":0.046,"trail_surface":"NATIVE MATERIAL"}},{"type":"Feature","geometry":{"type":"LineString","coordinates":[[-105.56113980370306,35.8771015324739],[-105.56126573270132,35.87675587041459],[-105.56177613777953,35.87633903332239],[-105.56225745886535,35.876084327256315],[-105.56269395496655,35.876123115237036],[-105.56310843402449,35.87571972915243],[-105.56358128211795,35.87557499810338],[-105.56430079918246,35.874460445894044],[-105.56518303031733,35.87373598973411],[-105.5652624073085,35.8734291266833],[-105.56552692435177,35.87324439164023],[-105.56639645836158,35.87111288626903]]},"properties":{"trail_name":"BORDO DEL MEDIO","trail_no":"252","trail_type":"TERRA","gis_miles":0.5700000000000001,"trail_surface":"NATIVE MATERIAL"}},{"type":"Feature","geometry":{"type":"LineString","coordinates":[[-105.40554580529387,35.76739677080911],[-105.4070459046759,35.767918957802635],[-105.40879502414303,35.76878013383334],[-105.41030641551323,35.76913530980085],[-105.41173826180525,35.7687891846666],[-105.41385889327003,35.768652485524825],[-105.41458721239712,35.76822670341871],[-105.41523290253659,35.76816118437194],[-105.41526206051526,35.767836731321076],[-105.41553690356828,35.767735224289986],[-105.41756861503141,35.76781204718566],[-105.41860103424624,35.76761230309638],[-105.419496114469,35.76786372708339],[-105.42047008867435,35.76770710300403],[-105.42164103697847,35.76818431100953],[-105.42315393833606,35.768389695954276],[-105.4236340594301,35.768228801902495],[-105.42379013143696,35.767900791843836],[-105.42449579657709,35.767686537771056],[-105.42590622782767,35.76691519757367],[-105.4262249869078,35.76701438057045],[-105.42711262207162,35.766599944457],[-105.42842378333943,35.766288696334975],[-105.42987123756667,35.765149243079634],[-105.42997855454827,35.76465452599855],[-105.4307565686598,35.763918595842576]]},"properties":{"trail_name":"CHAVEZ","trail_no":"220","trail_type":"TERRA","gis_miles":1.601,"trail_surface":"NATIVE MATERIAL"}},{"type":"Feature","geometry":{"type":"LineString","coordinates":[[-105.54851930534055,35.90547912247621],[-105.54887702739549,35.90518856741182]]},"properties":{"trail_name":"BORDO DEL MEDIO","trail_no":"252","trail_type":"TERRA","gis_miles":0.028,"trail_surface":"NATIVE MATERIAL"}},{"type":"Feature","geometry":{"type":"MultiLineString","coordinates":[[[-105.52600432164051,35.93246295283876],[-105.52598836960891,35.93214184979129]],[[-105.52598643860686,35.93212313378859],[-105.52598583160582,35.9321130337871]]]},"properties":{"trail_name":"BORDO DEL MEDIO","trail_no":"252","trail_type":"TERRA","gis_miles":0.024,"trail_surface":"NATIVE MATERIAL"}}]}